program_id,project_id,major_id,project_name_th,round_type,year,receive_student_number,min_gpax,min_total_score,only_formal,only_international,only_vocational,link
10010121300001A,68e365a0f6124a010031319a,,,admission,2026,305,2,51,1,1,1,https://admission.chula.ac.th/admission_c1.php
10010121300001A,P2101,,โครงการโอลิมปิกวิชาการและโครงการพัฒนาอัจฉริยภาพทางวิทยาศาสตร์และเทคโนโลยีสำหรับเด็กและเยาวชน,portfolio,2026,100,3,0,1,2,2,https://admission.chula.ac.th/admission_c1.php
10010121300001A,P2104,,โครงการรับนักเรียนที่มีความรู้ทางด้านคณิตศาสตร์และวิทยาศาสตร์,portfolio,2026,225,3,0,1,2,2,https://admission.chula.ac.th/admission_c1.php
10010121300001A,P2188,,โครงการจัดส่งนักศึกษาจังหวัดชายแดนภาคใต้เข้าศึกษาต่อในจุฬาลงกรณ์มหาวิทยาลัย (มหาดไทย),quota,2026,4,2,,1,2,2,https://multi.dopa.go.th/gacd/news/cate1/view61
10010121300001A,P2191,,โครงการจุฬาฯ-ชนบท,quota,2026,5,,,1,2,2,https://admission.chula.ac.th/admission_c1.php
10010121300001A,P2194,,โครงการรับนักเรียนผู้มีความสามารถทางด้านกีฬา,quota,2026,3,,,1,2,2,https://admission.chula.ac.th/admission_c1.php
10010121300001A,P2196,,โครงการรับนักเรียนผู้มีความสามารถทางด้านกีฬา,portfolio,2026,2,3,0,1,2,2,https://admission.chula.ac.th/admission_c1.php
10010121300001A,P2199,,โครงการรับนักเรียนจากโรงเรียนสาธิตจุฬาลงกรณ์มหาวิทยาลัย ฝ่ายมัธยม,quota,2026,25,,,1,2,2,https://admission.chula.ac.th/admission_c1.php
10010121300501A,68e365a0f6124a01003131ac,,,admission,2026,75,2,51,1,1,1,https://admission.chula.ac.th/admission_c1.php
10010121300501A,P2102,,โครงการโอลิมปิกวิชาการเข้าศึกษาในสาขาวิชาวิศวกรรมคอมพิวเตอร์,portfolio,2026,65,3,0,1,2,2,https://admission.chula.ac.th/admission_c1.php
10010121300501A,P2199,,โครงการรับนักเรียนจากโรงเรียนสาธิตจุฬาลงกรณ์มหาวิทยาลัย ฝ่ายมัธยม,quota,2026,5,,,1,2,2,https://admission.chula.ac.th/admission_c1.php
10010121300599A,68e365a0f6124a01003131b0,,,admission,2026,90,2,51,1,1,1,https://admission.chula.ac.th/admission_c1.php
10010121300599A,P2105,,โครงการรับนักเรียนผู้มีความสามารถทางวิชาการเข้าศึกษาในหลักสูตรวิศวกรรมศาสตรบัณฑิต สาขาวิชาวิศวกรรมคอมพิวเตอร์และเทคโนโลยีดิจิทัล (หลักสูตร Sandbox),portfolio,2026,220,3,0,1,2,1,https://admission.chula.ac.th/admission_c1.php
10010121300599A,P2199,,โครงการรับนักเรียนจากโรงเรียนสาธิตจุฬาลงกรณ์มหาวิทยาลัย ฝ่ายมัธยม,quota,2026,10,,,1,2,2,https://admission.chula.ac.th/admission_c1.php
10010121300601A,68e365a0f6124a01003131a2,,,admission,2026,5,2,51,1,1,1,https://admission.chula.ac.th/admission_c1.php
10010121300601E,68e365a0f6124a010031314c,,,portfolio,2026,40,,,1,1,1,https://chem.eng.chula.ac.th/
10010121300601E,68e365a0f6124a0100313180,,,quota,2026,28,,,1,1,1,https://chem.eng.chula.ac.th/
10010121301101A,68e365a0f6124a01003131ae,,,admission,2026,15,2,48,1,1,1,https://admission.chula.ac.th/admission_c1.php
10010121301101A,P2104,,โครงการรับนักเรียนที่มีความรู้ทางด้านคณิตศาสตร์และวิทยาศาสตร์,portfolio,2026,2,3,0,1,2,2,https://admission.chula.ac.th/admission_c1.php
10010121301101A,P2107,,โครงการโอลิมปิกวิชาการเข้าศึกษาในสาขาวิชาวิศวกรรมนิวเคลียร์และรังสี,portfolio,2026,3,3,0,1,2,2,https://admission.chula.ac.th/admission_c1.php
10010121301601A,68e365a0f6124a010031319e,,,admission,2026,15,2,51,1,1,1,https://admission.chula.ac.th/admission_c1.php
10010121301601A,P2103,,โครงการรับนักเรียนผู้มีความสามารถทางวิชาการเข้าศึกษาในหลักสูตรวิศวกรรมศาสตรบัณฑิต สาขาวิศวกรรมไฟฟ้า,portfolio,2026,10,3,0,1,2,2,https://admission.chula.ac.th/admission_c1.php
10010121301801E,68e365a0f6124a0100313182,,,quota,2026,25,,,1,1,1,https://admission.chula.ac.th/admission_c2.php
10010121301801E,P2108,,รูปแบบที่ 1,portfolio,2026,95,,,1,1,1,https://admission.chula.ac.th/admission_c2.php
10010121301801E,P2109,,รูปแบบที่ 2,portfolio,2026,7,,,1,1,1,https://admission.chula.ac.th/admission_c2.php
10010121302001A,P2104,,โครงการรับนักเรียนที่มีความรู้ทางด้านคณิตศาสตร์และวิทยาศาสตร์,portfolio,2026,5,3,0,1,2,2,https://admission.chula.ac.th/admission_c1.php
10010121302002E,68e365a0f6124a0100313184,,,quota,2026,18,,,1,1,1,https://admission.chula.ac.th/admission_c2.php
10010121302002E,P2108,,รูปแบบที่ 1,portfolio,2026,56,,,1,1,1,https://admission.chula.ac.th/admission_c2.php
10010121302002E,P2109,,รูปแบบที่ 2,portfolio,2026,5,,,1,1,1,https://admission.chula.ac.th/admission_c2.php
10010121302101A,68e365a0f6124a010031319c,,,admission,2026,25,2,51,1,1,1,https://admission.chula.ac.th/admission_c1.php
10010121302501A,68e365a0f6124a01003131aa,,,admission,2026,30,2,48,1,1,1,https://admission.chula.ac.th/admission_c1.php
10010121302501A,P2104,,โครงการรับนักเรียนที่มีความรู้ทางด้านคณิตศาสตร์และวิทยาศาสตร์,portfolio,2026,5,3,0,1,2,2,https://admission.chula.ac.th/admission_c1.php
10010121302501A,P2199,,โครงการรับนักเรียนจากโรงเรียนสาธิตจุฬาลงกรณ์มหาวิทยาลัย ฝ่ายมัธยม,quota,2026,5,,,1,2,2,https://admission.chula.ac.th/admission_c1.php
10010121302502E,68e365a0f6124a0100313186,,,quota,2026,14,,,1,1,1,https://admission.chula.ac.th/admission_c2.php
10010121302502E,P2108,,รูปแบบที่ 1,portfolio,2026,37,,,1,1,1,https://admission.chula.ac.th/admission_c2.php
10010121302502E,P2109,,รูปแบบที่ 2,portfolio,2026,5,,,1,1,1,https://admission.chula.ac.th/admission_c2.php
10010121302701A,68e365a0f6124a01003131a8,,,admission,2026,32,2,48,1,1,1,https://admission.chula.ac.th/admission_c1.php
10010121302701A,P2104,,โครงการรับนักเรียนที่มีความรู้ทางด้านคณิตศาสตร์และวิทยาศาสตร์,portfolio,2026,5,3,0,1,2,2,https://admission.chula.ac.th/admission_c1.php
10010121302701A,P2106,,โครงการโอลิมปิกวิชาการเข้าศึกษาในสาขาวิชาวิศวกรรมสำรวจ,portfolio,2026,5,3,0,1,2,2,https://admission.chula.ac.th/admission_c1.php
10010121302801A,68e365a0f6124a01003131a6,,,admission,2026,20,2,51,1,1,1,https://admission.chula.ac.th/admission_c1.php
10010121302801A,P2104,,โครงการรับนักเรียนที่มีความรู้ทางด้านคณิตศาสตร์และวิทยาศาสตร์,portfolio,2026,5,3,0,1,2,2,https://admission.chula.ac.th/admission_c1.php
10010121302901E,68e365a0f6124a0100313188,,,quota,2026,14,,,1,1,1,https://admission.chula.ac.th/admission_c2.php
10010121302901E,P2108,,รูปแบบที่ 1,portfolio,2026,45,,,1,1,1,https://admission.chula.ac.th/admission_c2.php
10010121302901E,P2109,,รูปแบบที่ 2,portfolio,2026,5,,,1,1,1,https://admission.chula.ac.th/admission_c2.php
10010121303001A,68e365a0f6124a01003131a4,,,admission,2026,20,2,48,1,1,1,https://admission.chula.ac.th/admission_c1.php
10010121303001A,P2104,,โครงการรับนักเรียนที่มีความรู้ทางด้านคณิตศาสตร์และวิทยาศาสตร์,portfolio,2026,5,3,0,1,2,2,https://admission.chula.ac.th/admission_c1.php
10010121303201E,68e365a0f6124a010031318a,,,quota,2026,13,,,1,1,1,https://admission.chula.ac.th/admission_c2.php
10010121303201E,P2108,,รูปแบบที่ 1,portfolio,2026,34,,,1,1,1,https://admission.chula.ac.th/admission_c2.php
10010121303201E,P2109,,รูปแบบที่ 2,portfolio,2026,3,,,1,1,1,https://admission.chula.ac.th/admission_c2.php
10010121303401E,68e365a0f6124a010031318c,,,quota,2026,12,,,1,1,1,https://admission.chula.ac.th/admission_c2.php
10010121303401E,P2108,,รูปแบบที่ 1,portfolio,2026,40,,,1,1,1,https://admission.chula.ac.th/admission_c2.php
10010121303501A,68e365a0f6124a01003131a0,,,admission,2026,5,2,51,1,1,1,https://admission.chula.ac.th/admission_c1.php
10010122904301A,P2201,D,โครงการโอลิมปิกวิชาการ สาขาวิชาภูมิศาสตร์และภูมิสารสนเทศ,portfolio,2026,15,3.25,0,1,2,2,https://admission.chula.ac.th/admission_c1.php
10010122904301A,P2202,,โครงการรับนักเรียนที่มีความสามารถพิเศษเข้าศึกษาในสาขาวิชาอักษรศาสตร์,portfolio,2026,55,3.5,0,1,1,1,https://admission.chula.ac.th/admission_c1.php
10010122904301A,P2203,P,โครงการรับนักเรียนที่มีความสามารถพิเศษเข้าศึกษาในสาขาวิชาเทคโนโลยีภาษาและสารสนเทศ,portfolio,2026,5,3.25,0,1,2,2,https://admission.chula.ac.th/admission_c1.php
10010122904301A,P2204,G,โครงการสู่ความเป็นเลิศด้านศิลปการละคร,portfolio,2026,5,3.5,0,1,1,1,https://admission.chula.ac.th/admission_c1.php
10010122904301A,P2205,R,โครงการรับนักเรียนที่มีความสามารถพิเศษด้านภาษารัสเซียเข้าศึกษาในสาขาวิชาภาษารัสเซีย,quota,2026,5,,,1,2,2,https://admission.chula.ac.th/admission_c1.php
10010122904301A,P2206,D,สาขาวิชาภูมิศาสตร์และภูมิสารสนเทศ,admission,2026,9,2.75,0,1,1,1,https://admission.chula.ac.th/admission_c1.php
10010122904301A,P2207,E,สาขาวิชาสารสนเทศศึกษา,admission,2026,10,2.75,0,1,1,1,https://admission.chula.ac.th/admission_c1.php
10010122904301A,P2208,,สาขาวิชาอักษรศาสตร์ เลือกสอบวิชาคณิตศาสตร์ประยุกต์ 2,admission,2026,20,2.75,0,1,1,1,https://admission.chula.ac.th/admission_c1.php
10010122904301A,P2209,,สาขาวิชาอักษรศาสตร์ เลือกสอบวิชาภาษาฝรั่งเศส,admission,2026,209,2.75,0,1,1,1,https://admission.chula.ac.th/admission_c1.php
10010122904301A,P2210,,สาขาวิชาอักษรศาสตร์ เลือกสอบวิชาภาษาเยอรมัน,admission,2026,209,2.75,0,1,1,1,https://admission.chula.ac.th/admission_c1.php
10010122904301A,P2211,,สาขาวิชาอักษรศาสตร์ เลือกสอบวิชาภาษาญี่ปุ่น,admission,2026,209,2.75,0,1,1,1,https://admission.chula.ac.th/admission_c1.php
10010122904301A,P2212,,สาขาวิชาอักษรศาสตร์ เลือกสอบวิชาภาษาเกาหลี,admission,2026,209,2.75,0,1,1,1,https://admission.chula.ac.th/admission_c1.php
10010122904301A,P2213,,สาขาวิชาอักษรศาสตร์ เลือกสอบวิชาภาษาจีน,admission,2026,209,2.75,0,1,1,1,https://admission.chula.ac.th/admission_c1.php
10010122904301A,P2214,,สาขาวิชาอักษรศาสตร์ เลือกสอบวิชาภาษาบาลี,admission,2026,209,2.75,0,1,1,1,https://admission.chula.ac.th/admission_c1.php
10010122904301A,P2215,,สาขาวิชาอักษรศาสตร์ เลือกสอบวิชาภาษาสเปน,admission,2026,209,2.75,0,1,1,1,https://admission.chula.ac.th/admission_c1.php
10010122904301A,P2288,,โครงการจัดส่งนักศึกษาจังหวัดชายแดนภาคใต้เข้าศึกษาต่อในจุฬาลงกรณ์มหาวิทยาลัย (มหาดไทย),quota,2026,4,,,1,2,2,https://multi.dopa.go.th/gacd/news/cate1/view61
10010122904301A,P2291,D,โครงการจุฬาฯ-ชนบท,quota,2026,4,,,1,2,2,https://admission.chula.ac.th/admission_c1.php
10010122904301A,P2291,H,โครงการจุฬาฯ-ชนบท,quota,2026,4,,,1,2,2,https://admission.chula.ac.th/admission_c1.php
10010122904301A,P2294,,โครงการรับนักเรียนผู้มีความสามารถทางด้านกีฬา,quota,2026,4,,,1,2,2,https://admission.chula.ac.th/admission_c1.php
10010122904301A,P2298,A,โครงการส่งเสริมพัฒนาสมรรถนะนิสิตทางด้านศิลปะระดับชาติ นานาชาติ,portfolio,2026,5,3.5,0,1,2,2,https://admission.chula.ac.th/admission_c1.php
10010122904301A,P2298,A,โครงการส่งเสริมพัฒนาสมรรถนะนิสิตทางด้านศิลปะระดับชาติ นานาชาติ,quota,2026,5,,,1,2,2,https://admission.chula.ac.th/admission_c1.php
10010122904301A,P2299,,โครงการรับนักเรียนจากโรงเรียนสาธิตจุฬาลงกรณ์มหาวิทยาลัย ฝ่ายมัธยม,quota,2026,5,,,1,2,2,https://admission.chula.ac.th/admission_c1.php
10010122904301E,68e365a0f6124a01003131b2,,,portfolio,2026,90,,,1,1,1,https://www.arts.chula.ac.th/balac/index.php/2024/10/01/chulalongkorn-university-announcement-balac-early-admission-2025/
10010122904301E,68e365a0f6124a01003131be,,,quota,2026,43,,,1,1,1,https://www.arts.chula.ac.th/balac/index.php/2024/10/01/chulalongkorn-university-announcement-balac-early-admission-2025/
10010123210301A,68e365a1f6124a0100313296,,,admission,2026,40,,0,1,2,2,https://admission.chula.ac.th/admission_c1.php
10010123210301A,P2301,,โครงการรับนักเรียนวิทยาศาสตร์ด้วยวิธีพิเศษ,portfolio,2026,30,2.5,0,1,2,2,https://admission.chula.ac.th/admission_c1.php
10010123210301A,P2302,,โครงการพัฒนาอัจฉริยภาพทางวิทยาศาสตร์สำหรับเด็กและเยาวชน,portfolio,2026,25,,0,1,2,2,https://admission.chula.ac.th/admission_c1.php
10010123210301A,P2388,,โครงการจัดส่งนักศึกษาจังหวัดชายแดนภาคใต้เข้าศึกษาต่อในจุฬาลงกรณ์มหาวิทยาลัย (มหาดไทย),quota,2026,4,2.5,,1,2,2,https://multi.dopa.go.th/gacd/news/cate1/view61
10010123210301A,P2391,,โครงการจุฬาฯ-ชนบท,quota,2026,20,,,1,2,2,https://admission.chula.ac.th/admission_c1.php
10010123210301A,P2394,,โครงการรับนักเรียนผู้มีความสามารถทางด้านกีฬา,quota,2026,5,,,1,2,2,https://admission.chula.ac.th/admission_c1.php
10010123210301A,P2399,,โครงการรับนักเรียนจากโรงเรียนสาธิตจุฬาลงกรณ์มหาวิทยาลัย ฝ่ายมัธยม,quota,2026,10,,,1,2,2,https://admission.chula.ac.th/admission_c1.php
10010123210401A,68e365a1f6124a010031329a,,,admission,2026,97,,0,1,2,2,https://admission.chula.ac.th/admission_c1.php
10010123210401A,P2301,,โครงการรับนักเรียนวิทยาศาสตร์ด้วยวิธีพิเศษ,portfolio,2026,68,2.5,0,1,2,2,https://admission.chula.ac.th/admission_c1.php
10010123210401A,P2302,,โครงการพัฒนาอัจฉริยภาพทางวิทยาศาสตร์สำหรับเด็กและเยาวชน,portfolio,2026,25,,0,1,2,2,https://admission.chula.ac.th/admission_c1.php
10010123210401A,P2388,,โครงการจัดส่งนักศึกษาจังหวัดชายแดนภาคใต้เข้าศึกษาต่อในจุฬาลงกรณ์มหาวิทยาลัย (มหาดไทย),quota,2026,4,2.5,,1,2,2,https://multi.dopa.go.th/gacd/news/cate1/view61
10010123210401A,P2391,,โครงการจุฬาฯ-ชนบท,quota,2026,20,,,1,2,2,https://admission.chula.ac.th/admission_c1.php
10010123210401A,P2394,,โครงการรับนักเรียนผู้มีความสามารถทางด้านกีฬา,quota,2026,5,,,1,2,2,https://admission.chula.ac.th/admission_c1.php
10010123210401A,P2399,,โครงการรับนักเรียนจากโรงเรียนสาธิตจุฬาลงกรณ์มหาวิทยาลัย ฝ่ายมัธยม,quota,2026,10,,,1,2,2,https://admission.chula.ac.th/admission_c1.php
10010123210402A,P2301,,โครงการรับนักเรียนวิทยาศาสตร์ด้วยวิธีพิเศษ,portfolio,2026,30,2.5,0,1,2,2,https://admission.chula.ac.th/admission_c1.php
10010123210402A,P2302,,โครงการพัฒนาอัจฉริยภาพทางวิทยาศาสตร์สำหรับเด็กและเยาวชน,portfolio,2026,25,,0,1,2,2,https://admission.chula.ac.th/admission_c1.php
10010123210402A,P2307,,สาขาวิชาเคมีวิศวกรรม (รูปแบบที่ 1),admission,2026,45,,0,1,2,2,https://admission.chula.ac.th/admission_c1.php
10010123210402A,P2308,,สาขาวิชาเคมีวิศวกรรม (รูปแบบที่ 2),admission,2026,45,,0,1,2,2,https://admission.chula.ac.th/admission_c1.php
10010123210402A,P2388,,โครงการจัดส่งนักศึกษาจังหวัดชายแดนภาคใต้เข้าศึกษาต่อในจุฬาลงกรณ์มหาวิทยาลัย (มหาดไทย),quota,2026,4,2.5,,1,2,2,https://multi.dopa.go.th/gacd/news/cate1/view61
10010123210402A,P2391,,โครงการจุฬาฯ-ชนบท,quota,2026,20,,,1,2,2,https://admission.chula.ac.th/admission_c1.php
10010123210402A,P2394,,โครงการรับนักเรียนผู้มีความสามารถทางด้านกีฬา,quota,2026,5,,,1,2,2,https://admission.chula.ac.th/admission_c1.php
10010123210402A,P2399,,โครงการรับนักเรียนจากโรงเรียนสาธิตจุฬาลงกรณ์มหาวิทยาลัย ฝ่ายมัธยม,quota,2026,10,,,1,2,2,https://admission.chula.ac.th/admission_c1.php
10010123210403E,68e365a0f6124a01003131e0,,,portfolio,2026,90,,,1,1,1,https://bsac.chemcu.org/prospective-students/
10010123210403E,68e365a0f6124a0100313228,,,quota,2026,40,,,1,1,1,https://bsac.chemcu.org/prospective-students/
10010123210403E,P2390,,โครงการรับนักเรียนผู้มีความสามารถทางด้านกีฬาหลักสูตรนานาชาติ,portfolio,2026,5,,0,1,1,1,https://bsac.chemcu.org/prospective-students/
10010123210403E,P2395,,โครงการผู้มีความสามารถทางด้านกีฬาเข้าศึกษาในหลักสูตรนานาชาติ,quota,2026,3,,,1,1,1,https://admission.chula.ac.th/admission_c1.php
10010123210501A,68e365a1f6124a01003132b8,,,admission,2026,51,,0,1,2,2,https://admission.chula.ac.th/admission_c1.php
10010123210501A,P2301,,โครงการรับนักเรียนวิทยาศาสตร์ด้วยวิธีพิเศษ,portfolio,2026,20,2.5,0,1,2,2,https://admission.chula.ac.th/admission_c1.php
10010123210501A,P2302,,โครงการพัฒนาอัจฉริยภาพทางวิทยาศาสตร์สำหรับเด็กและเยาวชน,portfolio,2026,25,,0,1,2,2,https://admission.chula.ac.th/admission_c1.php
10010123210501A,P2388,,โครงการจัดส่งนักศึกษาจังหวัดชายแดนภาคใต้เข้าศึกษาต่อในจุฬาลงกรณ์มหาวิทยาลัย (มหาดไทย),quota,2026,4,2.5,,1,2,2,https://multi.dopa.go.th/gacd/news/cate1/view61
10010123210501A,P2391,,โครงการจุฬาฯ-ชนบท,quota,2026,20,,,1,2,2,https://admission.chula.ac.th/admission_c1.php
10010123210501A,P2394,,โครงการรับนักเรียนผู้มีความสามารถทางด้านกีฬา,quota,2026,5,,,1,2,2,https://admission.chula.ac.th/admission_c1.php
10010123210501A,P2399,,โครงการรับนักเรียนจากโรงเรียนสาธิตจุฬาลงกรณ์มหาวิทยาลัย ฝ่ายมัธยม,quota,2026,10,,,1,2,2,https://admission.chula.ac.th/admission_c1.php
10010123210601A,68e365a1f6124a01003132b4,,,admission,2026,36,,0,1,2,2,https://admission.chula.ac.th/admission_c1.php
10010123210601A,P2301,,โครงการรับนักเรียนวิทยาศาสตร์ด้วยวิธีพิเศษ,portfolio,2026,48,2.5,0,1,2,2,https://admission.chula.ac.th/admission_c1.php
10010123210601A,P2302,,โครงการพัฒนาอัจฉริยภาพทางวิทยาศาสตร์สำหรับเด็กและเยาวชน,portfolio,2026,25,,0,1,2,2,https://admission.chula.ac.th/admission_c1.php
10010123210601A,P2388,,โครงการจัดส่งนักศึกษาจังหวัดชายแดนภาคใต้เข้าศึกษาต่อในจุฬาลงกรณ์มหาวิทยาลัย (มหาดไทย),quota,2026,4,2.5,,1,2,2,https://multi.dopa.go.th/gacd/news/cate1/view61
10010123210601A,P2391,,โครงการจุฬาฯ-ชนบท,quota,2026,20,,,1,2,2,https://admission.chula.ac.th/admission_c1.php
10010123210601A,P2394,,โครงการรับนักเรียนผู้มีความสามารถทางด้านกีฬา,quota,2026,5,,,1,2,2,https://admission.chula.ac.th/admission_c1.php
10010123210601A,P2399,,โครงการรับนักเรียนจากโรงเรียนสาธิตจุฬาลงกรณ์มหาวิทยาลัย ฝ่ายมัธยม,quota,2026,10,,,1,2,2,https://admission.chula.ac.th/admission_c1.php
10010123210701A,P2301,,โครงการรับนักเรียนวิทยาศาสตร์ด้วยวิธีพิเศษ,portfolio,2026,30,2.5,0,1,2,2,https://admission.chula.ac.th/admission_c1.php
10010123210701A,P2302,,โครงการพัฒนาอัจฉริยภาพทางวิทยาศาสตร์สำหรับเด็กและเยาวชน,portfolio,2026,25,,0,1,2,2,https://admission.chula.ac.th/admission_c1.php
10010123210701A,P2303,,สาขาวิชาชีววิทยา (รูปแบบที่ 1),admission,2026,19,,0,1,2,2,https://admission.chula.ac.th/admission_c1.php
10010123210701A,P2304,,สาขาวิชาชีววิทยา (รูปแบบที่ 2),admission,2026,18,,0,1,2,2,https://admission.chula.ac.th/admission_c1.php
10010123210701A,P2388,,โครงการจัดส่งนักศึกษาจังหวัดชายแดนภาคใต้เข้าศึกษาต่อในจุฬาลงกรณ์มหาวิทยาลัย (มหาดไทย),quota,2026,4,2.5,,1,2,2,https://multi.dopa.go.th/gacd/news/cate1/view61
10010123210701A,P2391,,โครงการจุฬาฯ-ชนบท,quota,2026,20,,,1,2,2,https://admission.chula.ac.th/admission_c1.php
10010123210701A,P2394,,โครงการรับนักเรียนผู้มีความสามารถทางด้านกีฬา,quota,2026,5,,,1,2,2,https://admission.chula.ac.th/admission_c1.php
10010123210701A,P2399,,โครงการรับนักเรียนจากโรงเรียนสาธิตจุฬาลงกรณ์มหาวิทยาลัย ฝ่ายมัธยม,quota,2026,10,,,1,2,2,https://admission.chula.ac.th/admission_c1.php
10010123210901A,68e365a1f6124a01003132ba,,,admission,2026,50,,0,1,2,2,https://admission.chula.ac.th/admission_c1.php
10010123210901A,P2388,,โครงการจัดส่งนักศึกษาจังหวัดชายแดนภาคใต้เข้าศึกษาต่อในจุฬาลงกรณ์มหาวิทยาลัย (มหาดไทย),quota,2026,4,2.5,,1,2,2,https://multi.dopa.go.th/gacd/news/cate1/view61
10010123210901A,P2391,,โครงการจุฬาฯ-ชนบท,quota,2026,20,,,1,2,2,https://admission.chula.ac.th/admission_c1.php
10010123210901A,P2394,,โครงการรับนักเรียนผู้มีความสามารถทางด้านกีฬา,quota,2026,5,,,1,2,2,https://admission.chula.ac.th/admission_c1.php
10010123210901A,P2399,,โครงการรับนักเรียนจากโรงเรียนสาธิตจุฬาลงกรณ์มหาวิทยาลัย ฝ่ายมัธยม,quota,2026,10,,,1,2,2,https://admission.chula.ac.th/admission_c1.php
10010123211001A,P2301,,โครงการรับนักเรียนวิทยาศาสตร์ด้วยวิธีพิเศษ,portfolio,2026,35,2.5,0,1,2,2,https://admission.chula.ac.th/admission_c1.php
10010123211001A,P2302,,โครงการพัฒนาอัจฉริยภาพทางวิทยาศาสตร์สำหรับเด็กและเยาวชน,portfolio,2026,25,,0,1,2,2,https://admission.chula.ac.th/admission_c1.php
10010123211001A,P2309,,สาขาวิชาเทคโนโลยีทางอาหาร (รูปแบบที่ 1),admission,2026,40,,0,1,2,2,https://admission.chula.ac.th/admission_c1.php
10010123211001A,P2310,,สาขาวิชาเทคโนโลยีทางอาหาร (รูปแบบที่ 2),admission,2026,40,,0,1,2,2,https://admission.chula.ac.th/admission_c1.php
10010123211001A,P2388,,โครงการจัดส่งนักศึกษาจังหวัดชายแดนภาคใต้เข้าศึกษาต่อในจุฬาลงกรณ์มหาวิทยาลัย (มหาดไทย),quota,2026,4,2.5,,1,2,2,https://multi.dopa.go.th/gacd/news/cate1/view61
10010123211001A,P2391,,โครงการจุฬาฯ-ชนบท,quota,2026,20,,,1,2,2,https://admission.chula.ac.th/admission_c1.php
10010123211001A,P2394,,โครงการรับนักเรียนผู้มีความสามารถทางด้านกีฬา,quota,2026,5,,,1,2,2,https://admission.chula.ac.th/admission_c1.php
10010123211001A,P2399,,โครงการรับนักเรียนจากโรงเรียนสาธิตจุฬาลงกรณ์มหาวิทยาลัย ฝ่ายมัธยม,quota,2026,10,,,1,2,2,https://admission.chula.ac.th/admission_c1.php
10010123211201E,68e365a0f6124a01003131e2,,,portfolio,2026,50,,,1,1,1,http://www.bbtech.sc.chula.ac.th/?page_id=85
10010123211201E,68e365a0f6124a010031322a,,,quota,2026,35,,,1,1,1,http://www.bbtech.sc.chula.ac.th/?page_id=85
10010123212101E,68e365a0f6124a01003131e4,,,portfolio,2026,50,,,1,1,1,https://www.bistech.sc.chula.ac.th/
10010123212101E,68e365a0f6124a010031322c,,,quota,2026,35,,,1,1,1,https://www.bistech.sc.chula.ac.th/
10010123212101E,P2390,,โครงการรับนักเรียนผู้มีความสามารถทางด้านกีฬาหลักสูตรนานาชาติ,portfolio,2026,2,,0,1,1,1,https://www.bistech.sc.chula.ac.th/
10010123212301A,68e365a1f6124a01003132ae,,,admission,2026,14,,0,1,2,2,https://admission.chula.ac.th/admission_c1.php
10010123212301A,P2301,,โครงการรับนักเรียนวิทยาศาสตร์ด้วยวิธีพิเศษ,portfolio,2026,28,2.5,0,1,2,2,https://admission.chula.ac.th/admission_c1.php
10010123212301A,P2302,,โครงการพัฒนาอัจฉริยภาพทางวิทยาศาสตร์สำหรับเด็กและเยาวชน,portfolio,2026,25,,0,1,2,2,https://admission.chula.ac.th/admission_c1.php
10010123212301A,P2388,,โครงการจัดส่งนักศึกษาจังหวัดชายแดนภาคใต้เข้าศึกษาต่อในจุฬาลงกรณ์มหาวิทยาลัย (มหาดไทย),quota,2026,4,2.5,,1,2,2,https://multi.dopa.go.th/gacd/news/cate1/view61
10010123212301A,P2391,,โครงการจุฬาฯ-ชนบท,quota,2026,20,,,1,2,2,https://admission.chula.ac.th/admission_c1.php
10010123212301A,P2394,,โครงการรับนักเรียนผู้มีความสามารถทางด้านกีฬา,quota,2026,5,,,1,2,2,https://admission.chula.ac.th/admission_c1.php
10010123212301A,P2399,,โครงการรับนักเรียนจากโรงเรียนสาธิตจุฬาลงกรณ์มหาวิทยาลัย ฝ่ายมัธยม,quota,2026,10,,,1,2,2,https://admission.chula.ac.th/admission_c1.php
10010123212501A,68e365a1f6124a01003132a6,,,admission,2026,50,,0,1,2,2,https://admission.chula.ac.th/admission_c1.php
10010123212501A,P2301,,โครงการรับนักเรียนวิทยาศาสตร์ด้วยวิธีพิเศษ,portfolio,2026,15,2.5,0,1,2,2,https://admission.chula.ac.th/admission_c1.php
10010123212501A,P2302,,โครงการพัฒนาอัจฉริยภาพทางวิทยาศาสตร์สำหรับเด็กและเยาวชน,portfolio,2026,25,,0,1,2,2,https://admission.chula.ac.th/admission_c1.php
10010123212501A,P2388,,โครงการจัดส่งนักศึกษาจังหวัดชายแดนภาคใต้เข้าศึกษาต่อในจุฬาลงกรณ์มหาวิทยาลัย (มหาดไทย),quota,2026,4,2.5,,1,2,2,https://multi.dopa.go.th/gacd/news/cate1/view61
10010123212501A,P2391,,โครงการจุฬาฯ-ชนบท,quota,2026,20,,,1,2,2,https://admission.chula.ac.th/admission_c1.php
10010123212501A,P2394,,โครงการรับนักเรียนผู้มีความสามารถทางด้านกีฬา,quota,2026,5,,,1,2,2,https://admission.chula.ac.th/admission_c1.php
10010123212501A,P2399,,โครงการรับนักเรียนจากโรงเรียนสาธิตจุฬาลงกรณ์มหาวิทยาลัย ฝ่ายมัธยม,quota,2026,10,,,1,2,2,https://admission.chula.ac.th/admission_c1.php
10010123212601A,68e365a1f6124a01003132a8,,,admission,2026,50,,0,1,2,2,https://admission.chula.ac.th/admission_c1.php
10010123212601A,P2301,,โครงการรับนักเรียนวิทยาศาสตร์ด้วยวิธีพิเศษ,portfolio,2026,15,2.5,0,1,2,2,https://admission.chula.ac.th/admission_c1.php
10010123212601A,P2302,,โครงการพัฒนาอัจฉริยภาพทางวิทยาศาสตร์สำหรับเด็กและเยาวชน,portfolio,2026,25,,0,1,2,2,https://admission.chula.ac.th/admission_c1.php
10010123212601A,P2388,,โครงการจัดส่งนักศึกษาจังหวัดชายแดนภาคใต้เข้าศึกษาต่อในจุฬาลงกรณ์มหาวิทยาลัย (มหาดไทย),quota,2026,4,2.5,,1,2,2,https://multi.dopa.go.th/gacd/news/cate1/view61
10010123212601A,P2391,,โครงการจุฬาฯ-ชนบท,quota,2026,20,,,1,2,2,https://admission.chula.ac.th/admission_c1.php
10010123212601A,P2394,,โครงการรับนักเรียนผู้มีความสามารถทางด้านกีฬา,quota,2026,5,,,1,2,2,https://admission.chula.ac.th/admission_c1.php
10010123212601A,P2399,,โครงการรับนักเรียนจากโรงเรียนสาธิตจุฬาลงกรณ์มหาวิทยาลัย ฝ่ายมัธยม,quota,2026,10,,,1,2,2,https://admission.chula.ac.th/admission_c1.php
10010123212701A,68e365a1f6124a01003132a4,,,admission,2026,50,,0,1,2,2,https://admission.chula.ac.th/admission_c1.php
10010123212701A,P2301,,โครงการรับนักเรียนวิทยาศาสตร์ด้วยวิธีพิเศษ,portfolio,2026,36,2.5,0,1,2,2,https://admission.chula.ac.th/admission_c1.php
10010123212701A,P2302,,โครงการพัฒนาอัจฉริยภาพทางวิทยาศาสตร์สำหรับเด็กและเยาวชน,portfolio,2026,25,,0,1,2,2,https://admission.chula.ac.th/admission_c1.php
10010123212701A,P2388,,โครงการจัดส่งนักศึกษาจังหวัดชายแดนภาคใต้เข้าศึกษาต่อในจุฬาลงกรณ์มหาวิทยาลัย (มหาดไทย),quota,2026,4,2.5,,1,2,2,https://multi.dopa.go.th/gacd/news/cate1/view61
10010123212701A,P2391,,โครงการจุฬาฯ-ชนบท,quota,2026,20,,,1,2,2,https://admission.chula.ac.th/admission_c1.php
10010123212701A,P2394,,โครงการรับนักเรียนผู้มีความสามารถทางด้านกีฬา,quota,2026,5,,,1,2,2,https://admission.chula.ac.th/admission_c1.php
10010123212701A,P2399,,โครงการรับนักเรียนจากโรงเรียนสาธิตจุฬาลงกรณ์มหาวิทยาลัย ฝ่ายมัธยม,quota,2026,10,,,1,2,2,https://admission.chula.ac.th/admission_c1.php
10010123212801A,68e365a1f6124a01003132b6,,,admission,2026,98,,0,1,2,2,https://admission.chula.ac.th/admission_c1.php
10010123212801A,P2301,,โครงการรับนักเรียนวิทยาศาสตร์ด้วยวิธีพิเศษ,portfolio,2026,35,2.5,0,1,2,2,https://admission.chula.ac.th/admission_c1.php
10010123212801A,P2302,,โครงการพัฒนาอัจฉริยภาพทางวิทยาศาสตร์สำหรับเด็กและเยาวชน,portfolio,2026,25,,0,1,2,2,https://admission.chula.ac.th/admission_c1.php
10010123212801A,P2388,,โครงการจัดส่งนักศึกษาจังหวัดชายแดนภาคใต้เข้าศึกษาต่อในจุฬาลงกรณ์มหาวิทยาลัย (มหาดไทย),quota,2026,4,2.5,,1,2,2,https://multi.dopa.go.th/gacd/news/cate1/view61
10010123212801A,P2391,,โครงการจุฬาฯ-ชนบท,quota,2026,20,,,1,2,2,https://admission.chula.ac.th/admission_c1.php
10010123212801A,P2394,,โครงการรับนักเรียนผู้มีความสามารถทางด้านกีฬา,quota,2026,5,,,1,2,2,https://admission.chula.ac.th/admission_c1.php
10010123212801A,P2399,,โครงการรับนักเรียนจากโรงเรียนสาธิตจุฬาลงกรณ์มหาวิทยาลัย ฝ่ายมัธยม,quota,2026,10,,,1,2,2,https://admission.chula.ac.th/admission_c1.php
10010123213001A,68e365a1f6124a01003132b2,,,admission,2026,43,,0,1,2,2,https://admission.chula.ac.th/admission_c1.php
10010123213001A,P2301,,โครงการรับนักเรียนวิทยาศาสตร์ด้วยวิธีพิเศษ,portfolio,2026,10,2.5,0,1,2,2,https://admission.chula.ac.th/admission_c1.php
10010123213001A,P2302,,โครงการพัฒนาอัจฉริยภาพทางวิทยาศาสตร์สำหรับเด็กและเยาวชน,portfolio,2026,25,,0,1,2,2,https://admission.chula.ac.th/admission_c1.php
10010123213001A,P2388,,โครงการจัดส่งนักศึกษาจังหวัดชายแดนภาคใต้เข้าศึกษาต่อในจุฬาลงกรณ์มหาวิทยาลัย (มหาดไทย),quota,2026,4,2.5,,1,2,2,https://multi.dopa.go.th/gacd/news/cate1/view61
10010123213001A,P2391,,โครงการจุฬาฯ-ชนบท,quota,2026,20,,,1,2,2,https://admission.chula.ac.th/admission_c1.php
10010123213001A,P2394,,โครงการรับนักเรียนผู้มีความสามารถทางด้านกีฬา,quota,2026,5,,,1,2,2,https://admission.chula.ac.th/admission_c1.php
10010123213001A,P2399,,โครงการรับนักเรียนจากโรงเรียนสาธิตจุฬาลงกรณ์มหาวิทยาลัย ฝ่ายมัธยม,quota,2026,10,,,1,2,2,https://admission.chula.ac.th/admission_c1.php
10010123213101A,68e365a1f6124a01003132b0,,,admission,2026,80,,0,1,2,2,https://admission.chula.ac.th/admission_c1.php
10010123213101A,P2301,,โครงการรับนักเรียนวิทยาศาสตร์ด้วยวิธีพิเศษ,portfolio,2026,20,2.5,0,1,2,2,https://admission.chula.ac.th/admission_c1.php
10010123213101A,P2302,,โครงการพัฒนาอัจฉริยภาพทางวิทยาศาสตร์สำหรับเด็กและเยาวชน,portfolio,2026,25,,0,1,2,2,https://admission.chula.ac.th/admission_c1.php
10010123213101A,P2388,,โครงการจัดส่งนักศึกษาจังหวัดชายแดนภาคใต้เข้าศึกษาต่อในจุฬาลงกรณ์มหาวิทยาลัย (มหาดไทย),quota,2026,4,2.5,,1,2,2,https://multi.dopa.go.th/gacd/news/cate1/view61
10010123213101A,P2391,,โครงการจุฬาฯ-ชนบท,quota,2026,20,,,1,2,2,https://admission.chula.ac.th/admission_c1.php
10010123213101A,P2394,,โครงการรับนักเรียนผู้มีความสามารถทางด้านกีฬา,quota,2026,5,,,1,2,2,https://admission.chula.ac.th/admission_c1.php
10010123213101A,P2399,,โครงการรับนักเรียนจากโรงเรียนสาธิตจุฬาลงกรณ์มหาวิทยาลัย ฝ่ายมัธยม,quota,2026,10,,,1,2,2,https://admission.chula.ac.th/admission_c1.php
10010123213201A,P2301,,โครงการรับนักเรียนวิทยาศาสตร์ด้วยวิธีพิเศษ,portfolio,2026,12,2.5,0,1,2,2,https://admission.chula.ac.th/admission_c1.php
10010123213201A,P2302,,โครงการพัฒนาอัจฉริยภาพทางวิทยาศาสตร์สำหรับเด็กและเยาวชน,portfolio,2026,25,,0,1,2,2,https://admission.chula.ac.th/admission_c1.php
10010123213201A,P2305,,สาขาวิชาสัตววิทยา (รูปแบบที่ 1),admission,2026,6,,0,1,2,2,https://admission.chula.ac.th/admission_c1.php
10010123213201A,P2306,,สาขาวิชาสัตววิทยา (รูปแบบที่ 2),admission,2026,7,,0,1,2,2,https://admission.chula.ac.th/admission_c1.php
10010123213201A,P2388,,โครงการจัดส่งนักศึกษาจังหวัดชายแดนภาคใต้เข้าศึกษาต่อในจุฬาลงกรณ์มหาวิทยาลัย (มหาดไทย),quota,2026,4,2.5,,1,2,2,https://multi.dopa.go.th/gacd/news/cate1/view61
10010123213201A,P2391,,โครงการจุฬาฯ-ชนบท,quota,2026,20,,,1,2,2,https://admission.chula.ac.th/admission_c1.php
10010123213201A,P2394,,โครงการรับนักเรียนผู้มีความสามารถทางด้านกีฬา,quota,2026,5,,,1,2,2,https://admission.chula.ac.th/admission_c1.php
10010123213201A,P2399,,โครงการรับนักเรียนจากโรงเรียนสาธิตจุฬาลงกรณ์มหาวิทยาลัย ฝ่ายมัธยม,quota,2026,10,,,1,2,2,https://admission.chula.ac.th/admission_c1.php
10010123213501A,68e365a1f6124a0100313298,,,admission,2026,50,,0,1,2,2,https://admission.chula.ac.th/admission_c1.php
10010123213501A,P2301,,โครงการรับนักเรียนวิทยาศาสตร์ด้วยวิธีพิเศษ,portfolio,2026,35,2.5,0,1,2,2,https://admission.chula.ac.th/admission_c1.php
10010123213501A,P2302,,โครงการพัฒนาอัจฉริยภาพทางวิทยาศาสตร์สำหรับเด็กและเยาวชน,portfolio,2026,25,,0,1,2,2,https://admission.chula.ac.th/admission_c1.php
10010123213501A,P2388,,โครงการจัดส่งนักศึกษาจังหวัดชายแดนภาคใต้เข้าศึกษาต่อในจุฬาลงกรณ์มหาวิทยาลัย (มหาดไทย),quota,2026,4,2.5,,1,2,2,https://multi.dopa.go.th/gacd/news/cate1/view61
10010123213501A,P2391,,โครงการจุฬาฯ-ชนบท,quota,2026,20,,,1,2,2,https://admission.chula.ac.th/admission_c1.php
10010123213501A,P2394,,โครงการรับนักเรียนผู้มีความสามารถทางด้านกีฬา,quota,2026,5,,,1,2,2,https://admission.chula.ac.th/admission_c1.php
10010123213501A,P2399,,โครงการรับนักเรียนจากโรงเรียนสาธิตจุฬาลงกรณ์มหาวิทยาลัย ฝ่ายมัธยม,quota,2026,10,,,1,2,2,https://admission.chula.ac.th/admission_c1.php
10010124903201A,P2401,A,สาขาวิชาการปกครอง เลือกสอบวิชาคณิตศาสตร์ประยุกต์ 2,admission,2026,61,,0,1,1,1,https://admission.chula.ac.th/admission_c1.php
10010124903201A,P2402,A,สาขาวิชาการปกครอง เลือกสอบวิชาภาษาฝรั่งเศส,admission,2026,61,,0,1,1,1,https://admission.chula.ac.th/admission_c1.php
10010124903201A,P2403,A,สาขาวิชาการปกครอง เลือกสอบวิชาภาษาเยอรมัน,admission,2026,61,,0,1,1,1,https://admission.chula.ac.th/admission_c1.php
10010124903201A,P2404,A,สาขาวิชาการปกครอง เลือกสอบวิชาภาษาญี่ปุ่น,admission,2026,61,,0,1,1,1,https://admission.chula.ac.th/admission_c1.php
10010124903201A,P2405,A,สาขาวิชาการปกครอง เลือกสอบวิชาภาษาเกาหลี,admission,2026,61,,0,1,1,1,https://admission.chula.ac.th/admission_c1.php
10010124903201A,P2406,A,สาขาวิชาการปกครอง เลือกสอบวิชาภาษาจีน,admission,2026,61,,0,1,1,1,https://admission.chula.ac.th/admission_c1.php
10010124903201A,P2407,A,สาขาวิชาการปกครอง เลือกสอบวิชาภาษาสเปน,admission,2026,61,,0,1,1,1,https://admission.chula.ac.th/admission_c1.php
10010124903201A,P2408,B,สาขาวิชาความสัมพันธ์ระหว่างประเทศ เลือกสอบวิชาคณิตศาสตร์ประยุกต์ 2,admission,2026,66,2.5,0,1,1,1,https://admission.chula.ac.th/admission_c1.php
10010124903201A,P2409,B,สาขาวิชาความสัมพันธ์ระหว่างประเทศ เลือกสอบวิชาภาษาไทย,admission,2026,66,2.5,0,1,1,1,https://admission.chula.ac.th/admission_c1.php
10010124903201A,P2410,B,สาขาวิชาความสัมพันธ์ระหว่างประเทศ เลือกสอบวิชาภาษาฝรั่งเศส,admission,2026,66,2.5,0,1,1,1,https://admission.chula.ac.th/admission_c1.php
10010124903201A,P2411,B,สาขาวิชาความสัมพันธ์ระหว่างประเทศ เลือกสอบวิชาภาษาเยอรมัน,admission,2026,66,2.5,0,1,1,1,https://admission.chula.ac.th/admission_c1.php
10010124903201A,P2412,B,สาขาวิชาความสัมพันธ์ระหว่างประเทศ เลือกสอบวิชาภาษาญี่ปุ่น,admission,2026,66,2.5,0,1,1,1,https://admission.chula.ac.th/admission_c1.php
10010124903201A,P2413,B,สาขาวิชาความสัมพันธ์ระหว่างประเทศ เลือกสอบวิชาภาษาเกาหลี,admission,2026,66,2.5,0,1,1,1,https://admission.chula.ac.th/admission_c1.php
10010124903201A,P2414,B,สาขาวิชาความสัมพันธ์ระหว่างประเทศ เลือกสอบวิชาภาษาจีน,admission,2026,66,2.5,0,1,1,1,https://admission.chula.ac.th/admission_c1.php
10010124903201A,P2415,B,สาขาวิชาความสัมพันธ์ระหว่างประเทศ เลือกสอบวิชาภาษาสเปน,admission,2026,66,2.5,0,1,1,1,https://admission.chula.ac.th/admission_c1.php
10010124903201A,P2416,C,สาขาวิชาสังคมวิทยาและมานุษยวิทยา เลือกสอบวิชาคณิตศาสตร์ประยุกต์ 2,admission,2026,64,2.5,0,1,1,1,https://admission.chula.ac.th/admission_c1.php
10010124903201A,P2417,C,สาขาวิชาสังคมวิทยาและมานุษยวิทยา เลือกสอบวิชาภาษาไทย,admission,2026,64,2.5,0,1,1,1,https://admission.chula.ac.th/admission_c1.php
10010124903201A,P2418,C,สาขาวิชาสังคมวิทยาและมานุษยวิทยา เลือกสอบวิชาภาษาฝรั่งเศส,admission,2026,64,2.5,0,1,1,1,https://admission.chula.ac.th/admission_c1.php
10010124903201A,P2419,C,สาขาวิชาสังคมวิทยาและมานุษยวิทยา เลือกสอบวิชาภาษาเยอรมัน,admission,2026,64,2.5,0,1,1,1,https://admission.chula.ac.th/admission_c1.php
10010124903201A,P2420,C,สาขาวิชาสังคมวิทยาและมานุษยวิทยา เลือกสอบวิชาภาษาญี่ปุ่น,admission,2026,64,2.5,0,1,1,1,https://admission.chula.ac.th/admission_c1.php
10010124903201A,P2421,C,สาขาวิชาสังคมวิทยาและมานุษยวิทยา เลือกสอบวิชาภาษาเกาหลี,admission,2026,64,2.5,0,1,1,1,https://admission.chula.ac.th/admission_c1.php
10010124903201A,P2422,C,สาขาวิชาสังคมวิทยาและมานุษยวิทยา เลือกสอบวิชาภาษาจีน,admission,2026,64,2.5,0,1,1,1,https://admission.chula.ac.th/admission_c1.php
10010124903201A,P2423,C,สาขาวิชาสังคมวิทยาและมานุษยวิทยา เลือกสอบวิชาภาษาสเปน,admission,2026,64,2.5,0,1,1,1,https://admission.chula.ac.th/admission_c1.php
10010124903201A,P2424,D,สาขาวิชารัฐประศาสนศาสตร์ เลือกสอบวิชาคณิตศาสตร์ประยุกต์ 2,admission,2026,67,2.5,0,1,1,1,https://admission.chula.ac.th/admission_c1.php
10010124903201A,P2425,D,สาขาวิชารัฐประศาสนศาสตร์ เลือกสอบวิชาภาษาอังกฤษ,admission,2026,67,2.5,0,1,1,1,https://admission.chula.ac.th/admission_c1.php
10010124903201A,P2426,D,สาขาวิชารัฐประศาสนศาสตร์ เลือกสอบวิชาภาษาฝรั่งเศส,admission,2026,67,2.5,0,1,1,1,https://admission.chula.ac.th/admission_c1.php
10010124903201A,P2427,D,สาขาวิชารัฐประศาสนศาสตร์ เลือกสอบวิชาภาษาเยอรมัน,admission,2026,67,2.5,0,1,1,1,https://admission.chula.ac.th/admission_c1.php
10010124903201A,P2428,D,สาขาวิชารัฐประศาสนศาสตร์ เลือกสอบวิชาภาษาญี่ปุ่น,admission,2026,67,2.5,0,1,1,1,https://admission.chula.ac.th/admission_c1.php
10010124903201A,P2429,D,สาขาวิชารัฐประศาสนศาสตร์ เลือกสอบวิชาภาษาเกาหลี,admission,2026,67,2.5,0,1,1,1,https://admission.chula.ac.th/admission_c1.php
10010124903201A,P2430,D,สาขาวิชารัฐประศาสนศาสตร์ เลือกสอบวิชาภาษาจีน,admission,2026,67,2.5,0,1,1,1,https://admission.chula.ac.th/admission_c1.php
10010124903201A,P2431,D,สาขาวิชารัฐประศาสนศาสตร์ เลือกสอบวิชาภาษาสเปน,admission,2026,67,2.5,0,1,1,1,https://admission.chula.ac.th/admission_c1.php
10010124903201A,P2488,A,โครงการจัดส่งนักศึกษาจังหวัดชายแดนภาคใต้เข้าศึกษาต่อในจุฬาลงกรณ์มหาวิทยาลัย (มหาดไทย),quota,2026,4,2.5,,1,2,2,https://multi.dopa.go.th/gacd/news/cate1/view61
10010124903201A,P2488,B,โครงการจัดส่งนักศึกษาจังหวัดชายแดนภาคใต้เข้าศึกษาต่อในจุฬาลงกรณ์มหาวิทยาลัย (มหาดไทย),quota,2026,4,2.5,,1,2,2,https://multi.dopa.go.th/gacd/news/cate1/view61
10010124903201A,P2488,C,โครงการจัดส่งนักศึกษาจังหวัดชายแดนภาคใต้เข้าศึกษาต่อในจุฬาลงกรณ์มหาวิทยาลัย (มหาดไทย),quota,2026,4,2.5,,1,2,2,https://multi.dopa.go.th/gacd/news/cate1/view61
10010124903201A,P2488,D,โครงการจัดส่งนักศึกษาจังหวัดชายแดนภาคใต้เข้าศึกษาต่อในจุฬาลงกรณ์มหาวิทยาลัย (มหาดไทย),quota,2026,4,2.5,,1,2,2,https://multi.dopa.go.th/gacd/news/cate1/view61
10010124903201A,P2491,A,โครงการจุฬาฯ-ชนบท,quota,2026,5,,,1,2,2,https://admission.chula.ac.th/admission_c1.php
10010124903201A,P2491,B,โครงการจุฬาฯ-ชนบท,quota,2026,2,,,1,2,2,https://admission.chula.ac.th/admission_c1.php
10010124903201A,P2491,C,โครงการจุฬาฯ-ชนบท,quota,2026,5,,,1,2,2,https://admission.chula.ac.th/admission_c1.php
10010124903201A,P2491,D,โครงการจุฬาฯ-ชนบท,quota,2026,2,,,1,2,2,https://admission.chula.ac.th/admission_c1.php
10010124903201A,P2493,A,โครงการจุฬาฯ-ชนบท (โรงเรียนปอเนาะพิเศษฯ),quota,2026,2,,,1,2,2,https://admission.chula.ac.th/admission_c1.php
10010124903201A,P2493,C,โครงการจุฬาฯ-ชนบท (โรงเรียนปอเนาะพิเศษฯ),quota,2026,1,,,1,2,2,https://admission.chula.ac.th/admission_c1.php
10010124903201A,P2494,A,โครงการรับนักเรียนผู้มีความสามารถทางด้านกีฬา,quota,2026,2,,,1,2,2,https://admission.chula.ac.th/admission_c1.php
10010124903201A,P2494,B,โครงการรับนักเรียนผู้มีความสามารถทางด้านกีฬา,quota,2026,2,,,1,2,2,https://admission.chula.ac.th/admission_c1.php
10010124903201A,P2494,C,โครงการรับนักเรียนผู้มีความสามารถทางด้านกีฬา,quota,2026,2,,,1,2,2,https://admission.chula.ac.th/admission_c1.php
10010124903201A,P2494,D,โครงการรับนักเรียนผู้มีความสามารถทางด้านกีฬา,quota,2026,2,,,1,2,2,https://admission.chula.ac.th/admission_c1.php
10010124903202P,68ef559cc7eac1a2872a711f,,,portfolio,2026,60,,,1,1,1,https://pgschula.org/admission-announcement-
10010124903202P,68ef559cc7eac1a2872a7121,,,quota,2026,26,,,1,1,1,https://pgschula.org/admission-announcement-
10010125400101E,68e365a1f6124a010031331a,,,portfolio,2026,50,,,1,1,1,https://www.commde.com/admissions
10010125400201A,68e365a1f6124a010031331c,,,portfolio,2026,25,3,0,1,1,1,https://admission.chula.ac.th/admission_c1.php
10010125400201A,68e365a1f6124a0100313324,,,quota,2026,10,,,1,1,1,https://admission.chula.ac.th/admission_c1.php
10010125400201A,68e365a1f6124a0100313334,,,admission,2026,10,3,0,1,1,1,https://admission.chula.ac.th/admission_c1.php
10010125400301A,68e365a1f6124a0100313320,,,portfolio,2026,20,3,0,1,1,1,https://admission.chula.ac.th/admission_c1.php
10010125400301A,68e365a1f6124a0100313326,,,quota,2026,10,,,1,1,1,https://admission.chula.ac.th/admission_c1.php
10010125400301A,68e365a1f6124a0100313338,,,admission,2026,14,3,0,1,1,1,https://admission.chula.ac.th/admission_c1.php
10010125400401A,68e365a1f6124a0100313322,,,portfolio,2026,20,3,0,1,1,1,https://admission.chula.ac.th/admission_c1.php
10010125400401A,68e365a1f6124a0100313328,,,quota,2026,7,,,1,1,1,https://admission.chula.ac.th/admission_c1.php
10010125400401A,68e365a1f6124a0100313336,,,admission,2026,12,3,0,1,1,1,https://admission.chula.ac.th/admission_c1.php
10010125400501A,68e365a1f6124a010031332a,,,quota,2026,25,,,1,1,1,https://admission.chula.ac.th/admission_c1.php
10010125400501A,68e365a1f6124a0100313332,,,admission,2026,10,3,0,1,1,1,https://admission.chula.ac.th/admission_c1.php
10010125400501A,68e365a1f6124a010031333c,,,portfolio,2026,25,3,0,1,1,1,https://admission.chula.ac.th/admission_c1.php
10010125400502E,68e365a1f6124a010031331e,,,portfolio,2026,80,,,1,1,1,https://cuinda.com/admissions/
10010125400502E,68e365a1f6124a010031332c,,,quota,2026,12,,,1,1,1,https://cuinda.com/admissions/
10010125400601A,68e365a1f6124a010031332e,,,quota,2026,5,,,1,2,2,https://admission.chula.ac.th/admission_c1.php
10010125400601A,P2598,,โครงการส่งเสริมพัฒนาสมรรถนะนิสิตทางด้านศิลปะระดับชาติ นานาชาติ,portfolio,2026,5,2.75,0,1,2,2,https://admission.chula.ac.th/admission_c1.php
10010125400701A,68e365a1f6124a0100313330,,,quota,2026,8,,,1,1,1,https://admission.chula.ac.th/admission_c1.php
10010125400701A,68e365a1f6124a010031333a,,,admission,2026,8,3,0,1,1,1,https://admission.chula.ac.th/admission_c1.php
10010125400701A,68e365a1f6124a010031333e,,,portfolio,2026,15,3,0,1,1,1,https://admission.chula.ac.th/admission_c1.php
10010126610301E,68e365a1f6124a0100313350,,,portfolio,2026,190,,,1,1,1,https://admission.chula.ac.th/admission_c2.php
10010126610301E,68e365a1f6124a0100313370,,,quota,2026,10,,,1,1,1,https://admission.chula.ac.th/admission_c2.php
10010126610301E,P2602,,BBA-NextGen Admission,portfolio,2026,10,,,1,1,1,https://admission.chula.ac.th/admission_c2.php
10010126610301E,P2690,,โครงการรับนักเรียนผู้มีความสามารถทางด้านกีฬาหลักสูตรนานาชาติ,portfolio,2026,2,,0,1,1,1,https://admission.chula.ac.th/admission_c1.php
10010126610501A,P2601,,โครงการรับนักเรียนที่มีความสามารถทางวิชาการ,portfolio,2026,8,3.25,0,1,2,2,https://admission.chula.ac.th/admission_c1.php
10010126610501A,P2603,,หลักสูตรบัญชีบัณฑิต (รูปแบบที่ 1),admission,2026,202,,0,1,1,1,https://admission.chula.ac.th/admission_c1.php
10010126610501A,P2604,,หลักสูตรบัญชีบัณฑิต (รูปแบบที่ 2),admission,2026,60,,0,1,1,1,https://admission.chula.ac.th/admission_c1.php
10010126610501A,P2688,,โครงการจัดส่งนักศึกษาจังหวัดชายแดนภาคใต้เข้าศึกษาต่อในจุฬาลงกรณ์มหาวิทยาลัย (มหาดไทย),quota,2026,4,2.5,,1,2,2,https://multi.dopa.go.th/gacd/news/cate1/view61
10010126610501A,P2691,,โครงการจุฬาฯ-ชนบท,quota,2026,2,,,1,2,2,https://admission.chula.ac.th/admission_c1.php
10010126610501A,P2694,,โครงการรับนักเรียนผู้มีความสามารถทางด้านกีฬา,quota,2026,2,,,1,2,2,https://admission.chula.ac.th/admission_c1.php
10010126610501A,P2699,,โครงการรับนักเรียนจากโรงเรียนสาธิตจุฬาลงกรณ์มหาวิทยาลัย ฝ่ายมัธยม,quota,2026,7,,,1,2,2,https://admission.chula.ac.th/admission_c1.php
10010126610502E,68e365a1f6124a0100313352,,,portfolio,2026,190,,,1,1,1,https://admission.chula.ac.th/admission_c2.php
10010126610502E,68e365a1f6124a0100313372,,,quota,2026,10,,,1,1,1,https://admission.chula.ac.th/admission_c2.php
10010126610502E,P2602,,BBA-NextGen Admission,portfolio,2026,10,,,1,1,1,https://admission.chula.ac.th/admission_c2.php
10010126610502E,P2690,,โครงการรับนักเรียนผู้มีความสามารถทางด้านกีฬาหลักสูตรนานาชาติ,portfolio,2026,2,,0,1,1,1,https://admission.chula.ac.th/admission_c1.php
10010126610801A,P2601,,โครงการรับนักเรียนที่มีความสามารถทางวิชาการ,portfolio,2026,30,3.25,0,1,2,2,https://admission.chula.ac.th/admission_c1.php
10010126610801A,P2605,,หลักสูตรบริหารธุรกิจบัณฑิต (รูปแบบที่ 1),admission,2026,200,,0,1,1,1,https://admission.chula.ac.th/admission_c1.php
10010126610801A,P2606,,หลักสูตรบริหารธุรกิจบัณฑิต (รูปแบบที่ 2),admission,2026,60,,0,1,1,1,https://admission.chula.ac.th/admission_c1.php
10010126610801A,P2688,,โครงการจัดส่งนักศึกษาจังหวัดชายแดนภาคใต้เข้าศึกษาต่อในจุฬาลงกรณ์มหาวิทยาลัย (มหาดไทย),quota,2026,4,2.5,,1,2,2,https://multi.dopa.go.th/gacd/news/cate1/view61
10010126610801A,P2691,,โครงการจุฬาฯ-ชนบท,quota,2026,1,,,1,2,2,https://admission.chula.ac.th/admission_c1.php
10010126610801A,P2694,,โครงการรับนักเรียนผู้มีความสามารถทางด้านกีฬา,quota,2026,5,,,1,2,2,https://admission.chula.ac.th/admission_c1.php
10010126610801A,P2699,,โครงการรับนักเรียนจากโรงเรียนสาธิตจุฬาลงกรณ์มหาวิทยาลัย ฝ่ายมัธยม,quota,2026,7,,,1,2,2,https://admission.chula.ac.th/admission_c1.php
10010126610901A,P2601,A,โครงการรับนักเรียนที่มีความสามารถทางวิชาการ,portfolio,2026,5,3.25,0,1,2,2,https://admission.chula.ac.th/admission_c1.php
10010126610901A,P2601,B,โครงการรับนักเรียนที่มีความสามารถทางวิชาการ,portfolio,2026,5,3.25,0,1,2,2,https://admission.chula.ac.th/admission_c1.php
10010126610901A,P2601,C,โครงการรับนักเรียนที่มีความสามารถทางวิชาการ,portfolio,2026,5,3.25,0,1,2,2,https://admission.chula.ac.th/admission_c1.php
10010126610901A,P2607,A,หลักสูตรสถิติศาสตรบัณฑิต,admission,2026,39,,0,1,1,1,https://admission.chula.ac.th/admission_c1.php
10010126610901A,P2607,B,หลักสูตรสถิติศาสตรบัณฑิต,admission,2026,43,,0,1,1,1,https://admission.chula.ac.th/admission_c1.php
10010126610901A,P2607,C,หลักสูตรสถิติศาสตรบัณฑิต,admission,2026,43,,0,1,1,1,https://admission.chula.ac.th/admission_c1.php
10010126610901A,P2688,A,โครงการจัดส่งนักศึกษาจังหวัดชายแดนภาคใต้เข้าศึกษาต่อในจุฬาลงกรณ์มหาวิทยาลัย (มหาดไทย),quota,2026,4,2.5,,1,2,2,https://multi.dopa.go.th/gacd/news/cate1/view61
10010126610901A,P2688,B,โครงการจัดส่งนักศึกษาจังหวัดชายแดนภาคใต้เข้าศึกษาต่อในจุฬาลงกรณ์มหาวิทยาลัย (มหาดไทย),quota,2026,4,2.5,,1,2,2,https://multi.dopa.go.th/gacd/news/cate1/view61
10010126610901A,P2688,C,โครงการจัดส่งนักศึกษาจังหวัดชายแดนภาคใต้เข้าศึกษาต่อในจุฬาลงกรณ์มหาวิทยาลัย (มหาดไทย),quota,2026,4,2.5,,1,2,2,https://multi.dopa.go.th/gacd/news/cate1/view61
10010126610901A,P2691,A,โครงการจุฬาฯ-ชนบท,quota,2026,1,,,1,2,2,https://admission.chula.ac.th/admission_c1.php
10010126610901A,P2691,B,โครงการจุฬาฯ-ชนบท,quota,2026,1,,,1,2,2,https://admission.chula.ac.th/admission_c1.php
10010126610901A,P2691,C,โครงการจุฬาฯ-ชนบท,quota,2026,1,,,1,2,2,https://admission.chula.ac.th/admission_c1.php
10010126610901A,P2699,A,โครงการรับนักเรียนจากโรงเรียนสาธิตจุฬาลงกรณ์มหาวิทยาลัย ฝ่ายมัธยม,quota,2026,2,,,1,2,2,https://admission.chula.ac.th/admission_c1.php
10010126610901A,P2699,B,โครงการรับนักเรียนจากโรงเรียนสาธิตจุฬาลงกรณ์มหาวิทยาลัย ฝ่ายมัธยม,quota,2026,2,,,1,2,2,https://admission.chula.ac.th/admission_c1.php
10010126610901A,P2699,C,โครงการรับนักเรียนจากโรงเรียนสาธิตจุฬาลงกรณ์มหาวิทยาลัย ฝ่ายมัธยม,quota,2026,2,,,1,2,2,https://admission.chula.ac.th/admission_c1.php
10010127703701A,68e365a1f6124a01003133c0,A,,admission,2026,23,3,0,1,1,1,https://admission.chula.ac.th/admission_c1.php
10010127703701A,P2701,C,โครงการรับนักเรียนที่มีความสามารถพิเศษทางด้านคณิตศาสตร์ สาขาวิชามัธยมศึกษา (วิทยาศาสตร์) วิชาเอกคณิตศาสตร์,portfolio,2026,5,3.5,0,1,2,2,https://admission.chula.ac.th/admission_c1.php
10010127703701A,P2702,C,โครงการรับนักเรียนที่มีความสามารถพิเศษทางด้านวิทยาศาสตร์ สาขาวิชามัธยมศึกษา (วิทยาศาสตร์) วิชาเอกเคมี,portfolio,2026,12,3.5,0,1,2,2,https://admission.chula.ac.th/admission_c1.php
10010127703701A,P2703,C,โครงการรับนักเรียนที่มีความสามารถพิเศษทางด้านวิทยาศาสตร์ สาขาวิชามัธยมศึกษา (วิทยาศาสตร์) วิชาเอกชีววิทยา,portfolio,2026,12,3.5,0,1,2,2,https://admission.chula.ac.th/admission_c1.php
10010127703701A,P2704,C,โครงการรับนักเรียนที่มีความสามารถพิเศษทางด้านวิทยาศาสตร์ สาขาวิชามัธยมศึกษา (วิทยาศาสตร์) วิชาเอกวิทยาศาสตร์ทั่วไป,portfolio,2026,12,3.5,0,1,2,2,https://admission.chula.ac.th/admission_c1.php
10010127703701A,P2705,C,โครงการรับนักเรียนที่มีความสามารถพิเศษทางด้านภาษาอังกฤษ สาขาวิชามัธยมศึกษา (มนุษยศาสตร์และสังคมศาสตร์) วิชาเอกภาษาอังกฤษ,portfolio,2026,14,3.5,0,1,2,2,https://admission.chula.ac.th/admission_c1.php
10010127703701A,P2706,C,โครงการรับนักเรียนที่มีความสามารถพิเศษทางด้านภาษาจีน สาขาวิชามัธยมศึกษา (มนุษยศาสตร์และสังคมศาสตร์) วิชาเอกภาษาจีน,portfolio,2026,6,3.5,0,1,2,2,https://admission.chula.ac.th/admission_c1.php
10010127703701A,P2707,C,โครงการรับนักเรียนที่มีความสามารถพิเศษสูง สาขาวิชามัธยมศึกษา (มนุษยศาสตร์และสังคมศาสตร์) วิชาเอกภาษาไทย,portfolio,2026,10,3.5,0,1,2,2,https://admission.chula.ac.th/admission_c1.php
10010127703701A,P2708,H,โครงการรับนักเรียนที่มีความสามารถพิเศษทางด้านเทคโนโลยีการศึกษา สาขาวิชาเทคโนโลยีการศึกษา วิชาเอกเทคโนโลยีการศึกษา,portfolio,2026,6,3,0,1,1,1,https://admission.chula.ac.th/admission_c1.php
10010127703701A,P2709,H,โครงการรับนักเรียนที่มีความสามารถพิเศษทางด้านคอมพิวเตอร์ สาขาวิชาเทคโนโลยีการศึกษา วิชาเอกคอมพิวเตอร์การศึกษา,portfolio,2026,4,2.75,0,1,1,1,https://admission.chula.ac.th/admission_c1.php
10010127703701A,P2710,I,โครงการรับนักเรียนที่มีความโดดเด่นด้านจิตอาสาเพื่อบุคคลที่มีความต้องการจำเป็นพิเศษ สาขาวิชาจิตวิทยาการปรึกษา การแนะแนวและการศึกษาพิเศษ วิชาเอกการศึกษาพิเศษ,portfolio,2026,3,3.25,0,1,2,2,https://admission.chula.ac.th/admission_c1.php
10010127703701A,P2711,I,โครงการรับนักเรียนที่มีความโดดเด่นด้านจิตวิทยาการปรึกษาและแนะแนว สาขาวิชาจิตวิทยาการปรึกษา การแนะแนวและการศึกษาพิเศษ วิชาเอกจิตวิทยาการปรึกษาการแนะแนว,portfolio,2026,10,3.5,0,1,2,2,https://admission.chula.ac.th/admission_c1.php
10010127703701A,P2712,D,โครงการรับนักเรียนที่มีความสามารถทางศิลปศึกษา,quota,2026,19,,,1,1,1,https://admission.chula.ac.th/admission_c1.php
10010127703701A,P2713,K,โครงการรับนักเรียนที่มีความสามารถดีเด่นทางสุขศึกษาและพลศึกษา,quota,2026,30,,,1,2,2,https://admission.chula.ac.th/admission_c1.php
10010127703701A,P2714,E,โครงการรับนักเรียนที่มีความสามารถพิเศษทางด้านดนตรี เครื่องมือเอกดนตรีไทย,quota,2026,6,,,1,1,1,https://admission.chula.ac.th/admission_c1.php
10010127703701A,P2715,F,โครงการรับนักเรียนที่มีความสามารถพิเศษทางด้านดนตรี เครื่องมือเอกดนตรีสากล,quota,2026,3,,,1,1,1,https://admission.chula.ac.th/admission_c1.php
10010127703701A,P2716,C,โครงการรับนักเรียนที่มีความสามารถพิเศษสูง สาขาวิชามัธยมศึกษา (มนุษยศาสตร์และสังคมศาสตร์) วิชาเอกภาษาไทย,quota,2026,5,,,1,2,2,https://admission.chula.ac.th/admission_c1.php
10010127703701A,P2717,B,วิชาเอกประถมศึกษา เลือกสอบวิชาคณิตศาสตร์ประยุกต์ 1,admission,2026,32,3,50,1,1,1,https://admission.chula.ac.th/admission_c1.php
10010127703701A,P2718,B,วิชาเอกประถมศึกษา เลือกสอบวิชาสังคมศึกษา,admission,2026,32,3,50,1,1,1,https://admission.chula.ac.th/admission_c1.php
10010127703701A,P2719,B,วิชาเอกประถมศึกษา เลือกสอบวิชาคณิตศาสตร์ประยุกต์ 2,admission,2026,32,3,50,1,1,1,https://admission.chula.ac.th/admission_c1.php
10010127703701A,P2720,C,สาขาวิชามัธยมศึกษา (วิทยาศาสตร์) วิชาเอกคณิตศาสตร์,admission,2026,48,2,0,1,1,1,https://admission.chula.ac.th/admission_c1.php
10010127703701A,P2721,C,สาขาวิชามัธยมศึกษา (วิทยาศาสตร์) วิชาเอกฟิสิกส์,admission,2026,10,3,0,1,1,1,https://admission.chula.ac.th/admission_c1.php
10010127703701A,P2722,C,สาขาวิชามัธยมศึกษา (วิทยาศาสตร์) วิชาเอกเคมี,admission,2026,19,3,0,1,1,1,https://admission.chula.ac.th/admission_c1.php
10010127703701A,P2723,C,สาขาวิชามัธยมศึกษา (วิทยาศาสตร์) วิชาเอกชีววิทยา,admission,2026,18,3,0,1,1,1,https://admission.chula.ac.th/admission_c1.php
10010127703701A,P2724,C,สาขาวิชามัธยมศึกษา (วิทยาศาสตร์) วิชาเอกวิทยาศาสตร์ทั่วไป,admission,2026,19,3,0,1,1,1,https://admission.chula.ac.th/admission_c1.php
10010127703701A,P2725,C,สาขาวิชามัธยมศึกษา (มนุษยศาสตร์และสังคมศาสตร์) วิชาเอกภาษาอังกฤษ,admission,2026,11,3,50,1,1,1,https://admission.chula.ac.th/admission_c1.php
10010127703701A,P2726,C,สาขาวิชามัธยมศึกษา (มนุษยศาสตร์และสังคมศาสตร์) วิชาเอกภาษาจีน,admission,2026,8,3,0,1,1,1,https://admission.chula.ac.th/admission_c1.php
10010127703701A,P2727,C,สาขาวิชามัธยมศึกษา (มนุษยศาสตร์และสังคมศาสตร์) วิชาเอกสังคมศึกษา เลือกสอบวิชาสังคมศึกษา,admission,2026,17,3,50,1,1,1,https://admission.chula.ac.th/admission_c1.php
10010127703701A,P2728,C,สาขาวิชามัธยมศึกษา (มนุษยศาสตร์และสังคมศาสตร์) วิชาเอกภาษาไทย,admission,2026,13,3.5,60,1,2,2,https://admission.chula.ac.th/admission_c1.php
10010127703701A,P2729,H,วิชาเอกเทคโนโลยีการศึกษา เลือกสอบวิชาคณิตศาสตร์ประยุกต์ 1,admission,2026,5,3,0,1,1,1,https://admission.chula.ac.th/admission_c1.php
10010127703701A,P2730,H,วิชาเอกเทคโนโลยีการศึกษา เลือกสอบวิชาคณิตศาสตร์ประยุกต์ 2,admission,2026,5,3,0,1,1,1,https://admission.chula.ac.th/admission_c1.php
10010127703701A,P2731,H,วิชาเอกคอมพิวเตอร์การศึกษา,admission,2026,7,3,0,1,1,1,https://admission.chula.ac.th/admission_c1.php
10010127703701A,P2732,J,วิชาเอกการศึกษานอกระบบโรงเรียน เลือกสอบวิชาสังคมศึกษา,admission,2026,28,2,0,1,1,1,https://admission.chula.ac.th/admission_c1.php
10010127703701A,P2733,J,วิชาเอกการศึกษานอกระบบโรงเรียน เลือกสอบวิชาคณิตศาสตร์ประยุกต์ 2,admission,2026,28,2,0,1,1,1,https://admission.chula.ac.th/admission_c1.php
10010127703701A,P2734,G,วิชาเอกธุรกิจศึกษา,admission,2026,30,3,50,1,1,1,https://admission.chula.ac.th/admission_c1.php
10010127703701A,P2735,I,วิชาเอกจิตวิทยาการปรึกษาและแนะแนว เลือกสอบวิชาภาษาไทย,admission,2026,9,2.75,0,1,1,1,https://admission.chula.ac.th/admission_c1.php
10010127703701A,P2736,I,วิชาเอกจิตวิทยาการปรึกษาและแนะแนว เลือกสอบวิชาสังคมศึกษา,admission,2026,9,2.75,0,1,1,1,https://admission.chula.ac.th/admission_c1.php
10010127703701A,P2737,I,วิชาเอกจิตวิทยาการปรึกษาและแนะแนว เลือกสอบวิชาคณิตศาสตร์ประยุกต์ 2,admission,2026,9,2.75,0,1,1,1,https://admission.chula.ac.th/admission_c1.php
10010127703701A,P2738,I,วิชาเอกจิตวิทยาการปรึกษาและแนะแนว เลือกสอบวิชาวิทยาศาสตร์ประยุกต์,admission,2026,9,2.75,0,1,1,1,https://admission.chula.ac.th/admission_c1.php
10010127703701A,P2739,I,วิชาเอกการศึกษาพิเศษ เลือกสอบวิชาภาษาไทย,admission,2026,7,3,0,1,1,1,https://admission.chula.ac.th/admission_c1.php
10010127703701A,P2740,I,วิชาเอกการศึกษาพิเศษ เลือกสอบวิชาสังคมศึกษา,admission,2026,7,3,0,1,1,1,https://admission.chula.ac.th/admission_c1.php
10010127703701A,P2741,I,วิชาเอกการศึกษาพิเศษ เลือกสอบวิชาคณิตศาสตร์ประยุกต์ 2,admission,2026,7,3,0,1,1,1,https://admission.chula.ac.th/admission_c1.php
10010127703701A,P2742,I,วิชาเอกการศึกษาพิเศษ เลือกสอบวิชาวิทยาศาสตร์ประยุกต์,admission,2026,7,3,0,1,1,1,https://admission.chula.ac.th/admission_c1.php
10010127703701A,P2791,B,โครงการจุฬาฯ-ชนบท,quota,2026,10,,,1,2,2,https://admission.chula.ac.th/admission_c1.php
10010127703701A,P2793,B,โครงการจุฬาฯ-ชนบท (โรงเรียนปอเนาะพิเศษฯ),quota,2026,5,,,1,2,2,https://admission.chula.ac.th/admission_c1.php
10010127703701A,P2794,K,โครงการรับนักเรียนผู้มีความสามารถทางด้านกีฬา,quota,2026,10,,,1,2,2,https://admission.chula.ac.th/admission_c1.php
10010127703701A,P2796,K,โครงการรับนักเรียนผู้มีความสามารถทางด้านกีฬา,portfolio,2026,3,2.75,0,1,2,2,https://admission.chula.ac.th/admission_c1.php
10010127703701A,P2797,K,โครงการผู้มีความสามารถทางด้านกีฬาฟุตบอล,quota,2026,3,,,1,2,2,https://admission.chula.ac.th/admission_c1.php
10010127703701A,P2798,D,โครงการส่งเสริมพัฒนาสมรรถนะนิสิตทางด้านศิลปะระดับชาติ นานาชาติ,portfolio,2026,30,2.5,0,1,1,1,https://admission.chula.ac.th/admission_c1.php
10010127703701A,P2798,E,โครงการส่งเสริมพัฒนาสมรรถนะนิสิตทางด้านศิลปะระดับชาติ นานาชาติ,portfolio,2026,15,2.5,0,1,1,1,https://admission.chula.ac.th/admission_c1.php
10010127703701A,P2798,F,โครงการส่งเสริมพัฒนาสมรรถนะนิสิตทางด้านศิลปะระดับชาติ นานาชาติ,portfolio,2026,15,2.75,0,1,1,1,https://admission.chula.ac.th/admission_c1.php
10010127703701A,P2799,A,โครงการรับนักเรียนจากโรงเรียนสาธิตจุฬาลงกรณ์มหาวิทยาลัย ฝ่ายมัธยม,quota,2026,2,,,1,2,2,https://admission.chula.ac.th/admission_c1.php
10010127703701A,P2799,C,โครงการรับนักเรียนจากโรงเรียนสาธิตจุฬาลงกรณ์มหาวิทยาลัย ฝ่ายมัธยม,quota,2026,3,,,1,2,2,https://admission.chula.ac.th/admission_c1.php
10010127703701A,P2799,D,โครงการรับนักเรียนจากโรงเรียนสาธิตจุฬาลงกรณ์มหาวิทยาลัย ฝ่ายมัธยม,quota,2026,1,,,1,2,2,https://admission.chula.ac.th/admission_c1.php
10010127703701A,P2799,H,โครงการรับนักเรียนจากโรงเรียนสาธิตจุฬาลงกรณ์มหาวิทยาลัย ฝ่ายมัธยม,quota,2026,2,,,1,2,2,https://admission.chula.ac.th/admission_c1.php
10010127703701A,P2799,I,โครงการรับนักเรียนจากโรงเรียนสาธิตจุฬาลงกรณ์มหาวิทยาลัย ฝ่ายมัธยม,quota,2026,2,,,1,2,2,https://admission.chula.ac.th/admission_c1.php
10010127703701A,P2799,J,โครงการรับนักเรียนจากโรงเรียนสาธิตจุฬาลงกรณ์มหาวิทยาลัย ฝ่ายมัธยม,quota,2026,2,,,1,2,2,https://admission.chula.ac.th/admission_c1.php
10010127703701A,P2799,K,โครงการรับนักเรียนจากโรงเรียนสาธิตจุฬาลงกรณ์มหาวิทยาลัย ฝ่ายมัธยม,quota,2026,3,,,1,2,2,https://admission.chula.ac.th/admission_c1.php
10010128900101E,68e365a2f6124a01003133f6,,,portfolio,2026,60,,,1,1,1,https://admission.chula.ac.th/admission_c2.php
10010128900101E,68e365a2f6124a0100313402,,,quota,2026,37,,,1,1,1,https://admission.chula.ac.th/admission_c2.php
10010128900101E,P2890,,โครงการรับนักเรียนผู้มีความสามารถทางด้านกีฬาหลักสูตรนานาชาติ,portfolio,2026,2,,0,1,1,1,https://admission.chula.ac.th/admission_c1.php
10010128901101A,P2801,B,โครงการ MD NEW GEN สาขาวิชาการออกแบบและผลิตสื่อ,portfolio,2026,10,3,0,1,1,1,https://admission.chula.ac.th/admission_c1.php
10010128901101A,P2802,E,โครงการนักวาทนิเทศรุ่นใหม่สู่ความเป็นเลิศด้านวาทศาสตร์และการสื่อสารของมนุษย์ สาขาวิชาวาทนิเทศ,portfolio,2026,12,3.5,0,1,1,1,https://admission.chula.ac.th/admission_c1.php
10010128901101A,P2803,F,โครงการสร้างเสริมศักยภาพผู้มีความสามารถด้านสื่อสารการแสดงสู่ความเป็นเลิศในอุตสาหกรรมสร้างสรรค์ สาขาวิชาสื่อสารการแสดง,portfolio,2026,12,3.5,0,1,1,1,https://admission.chula.ac.th/admission_c1.php
10010128901101A,P2804,G,โครงการ CU Film Student สาขาวิชาศิลปะภาพยนต์,portfolio,2026,8,3,0,1,1,1,https://admission.chula.ac.th/admission_c1.php
10010128901101A,P2805,A,โครงการรับสมัครคัดเลือกนักเรียนเข้าศึกษาในหลักสูตรนิเทศศาสตรบัณฑิต สาขาวิชาวารสารสนเทศและสื่อใหม่,quota,2026,12,,,1,1,1,https://admission.chula.ac.th/admission_c1.php
10010128901101A,P2806,,เลือกสอบวิชาคณิตศาสตร์ประยุกต์ 1,admission,2026,7,2.75,0,1,1,1,https://admission.chula.ac.th/admission_c1.php
10010128901101A,P2807,,เลือกสอบวิชาคณิตศาสตร์ประยุกต์ 2,admission,2026,17,2.75,0,1,1,1,https://admission.chula.ac.th/admission_c1.php
10010128901101A,P2808,,เลือกสอบวิชาภาษาฝรั่งเศส,admission,2026,86,2.75,0,1,1,1,https://admission.chula.ac.th/admission_c1.php
10010128901101A,P2809,,เลือกสอบวิชาภาษาเยอรมัน,admission,2026,86,2.75,0,1,1,1,https://admission.chula.ac.th/admission_c1.php
10010128901101A,P2810,,เลือกสอบวิชาภาษาญี่ปุ่น,admission,2026,86,2.75,0,1,1,1,https://admission.chula.ac.th/admission_c1.php
10010128901101A,P2811,,เลือกสอบวิชาภาษาเกาหลี,admission,2026,86,2.75,0,1,1,1,https://admission.chula.ac.th/admission_c1.php
10010128901101A,P2812,,เลือกสอบวิชาภาษาจีน,admission,2026,86,2.75,0,1,1,1,https://admission.chula.ac.th/admission_c1.php
10010128901101A,P2888,,โครงการจัดส่งนักศึกษาจังหวัดชายแดนภาคใต้เข้าศึกษาต่อในจุฬาลงกรณ์มหาวิทยาลัย (มหาดไทย),quota,2026,4,2.75,,1,2,2,https://multi.dopa.go.th/gacd/news/cate1/view61
10010128901101A,P2891,,โครงการจุฬาฯ-ชนบท,quota,2026,8,,,1,2,2,https://admission.chula.ac.th/admission_c1.php
10010128901101A,P2894,,โครงการรับนักเรียนผู้มีความสามารถทางด้านกีฬา,quota,2026,2,,,1,2,2,https://admission.chula.ac.th/admission_c1.php
10010129611101A,68e365a2f6124a0100313426,,,admission,2026,140,2.75,40,1,2,2,https://admission.chula.ac.th/admission_c1.php
10010129611101A,P2901,,โครงการรับนักเรียนที่มีความสามารถพิเศษทางวิชาการ คณะเศรษฐศาสตร์,portfolio,2026,5,3.8,0,1,1,1,https://admission.chula.ac.th/admission_c1.php
10010129611101A,P2902,,โครงการรับนักเรียนไทยใน 4 จังหวัดชายแดนภาคใต้,quota,2026,5,,,1,2,2,https://admission.chula.ac.th/admission_c1.php
10010129611101A,P2988,,โครงการจัดส่งนักศึกษาจังหวัดชายแดนภาคใต้เข้าศึกษาต่อในจุฬาลงกรณ์มหาวิทยาลัย (มหาดไทย),quota,2026,4,2.75,,1,2,2,https://multi.dopa.go.th/gacd/news/cate1/view61
10010129611101A,P2991,,โครงการจุฬาฯ-ชนบท,quota,2026,10,,,1,2,2,https://admission.chula.ac.th/admission_c1.php
10010129611101A,P2994,,โครงการรับนักเรียนผู้มีความสามารถทางด้านกีฬา,quota,2026,5,,,1,2,2,https://admission.chula.ac.th/admission_c1.php
10010129611102E,68e365a2f6124a0100313418,,,portfolio,2026,140,,,1,1,1,http://www.eba.econ.chula.ac.th/admission/announcement
10010129611102E,68e365a2f6124a010031341c,,,quota,2026,69,,,1,1,1,http://www.eba.econ.chula.ac.th/admission/announcement
10010129611102E,P2995,,โครงการผู้มีความสามารถทางด้านกีฬาเข้าศึกษาในหลักสูตรนานาชาติ,quota,2026,2,,,1,1,1,https://admission.chula.ac.th/admission_c1.php
10010130100101A,P3001,,โครงการรับนักเรียนที่มีความถนัดทางภาษาอังกฤษ,portfolio,2026,24,,0,1,1,2,https://admission.chula.ac.th/admission_c1.php
10010130100101A,P3002,,โครงการโอลิมปิกวิชาการ (ชีววิทยา),quota,2026,3,,,1,2,2,https://admission.chula.ac.th/admission_c1.php
10010130100101A,P3003,,โครงการผลิตแพทย์เพื่อชาวชนบทร่วมกับกระทรวงสาธารณสุข กลุ่มแพทย์เพื่อชุมชน,quota,2026,78,,,1,2,2,https://admission.chula.ac.th/admission_c1.php
10010130100101A,P3004,,โครงการผลิตแพทย์เพื่อชาวชนบทร่วมกับกระทรวงสาธารณสุข กลุ่มลดความเหลื่อมล้ำ,quota,2026,2,,,1,2,2,https://admission.chula.ac.th/admission_c1.php
10010131140101A,P3101,,โครงการรับนักเรียนที่มีความเป็นเลิศด้านวิชาการและมีความสนใจในวิชาชีพสัตวแพทย์,portfolio,2026,45,3.5,0,1,1,2,https://admission.chula.ac.th/admission_c1.php
10010131140101A,P3102,,โครงการรับนักเรียนที่มีความสามารถทางด้านวิชาการและความสามารถทางด้านวิทยาศาสตร์,portfolio,2026,45,3.5,0,1,1,2,https://admission.chula.ac.th/admission_c1.php
10010131140101A,P3103,,โครงการรับนักเรียนที่มีความเป็นเลิศด้านวิชาการและมีความสนใจในวิชาชีพสัตวแพทย์ด้านปศุสัตว์และสัตว์เศรษฐกิจ,portfolio,2026,45,3.25,0,1,1,2,https://admission.chula.ac.th/admission_c1.php
10010131140101A,P3104,,โครงการผ่านความร่วมมือทางการศึกษาเพื่อสานต่ออาชีพพระราชทานกับกรมส่งเสริมสหกรณ์,quota,2026,10,,,1,2,2,https://admission.chula.ac.th/admission_c1.php
10010131140101A,P3191,,โครงการจุฬาฯ-ชนบท,quota,2026,10,,,1,2,2,https://admission.chula.ac.th/admission_c1.php
10010131140101A,P3199,,โครงการรับนักเรียนจากโรงเรียนสาธิตจุฬาลงกรณ์มหาวิทยาลัย ฝ่ายมัธยม,quota,2026,2,,,1,2,2,https://admission.chula.ac.th/admission_c1.php
10010132120101A,P3201,,โครงการผู้สมัครที่มีความสามารถพิเศษด้านวิชาการ,portfolio,2026,4,3.75,0,1,2,2,https://admission.chula.ac.th/admission_c1.php
10010132120101A,P3202,,โครงการผู้สมัครที่มีความสามารถพิเศษด้านภาษาอังกฤษ,portfolio,2026,4,3.75,0,1,1,2,https://admission.chula.ac.th/admission_c1.php
10010132120101A,P3288,,โครงการจัดส่งนักศึกษาจังหวัดชายแดนภาคใต้เข้าศึกษาต่อในจุฬาลงกรณ์มหาวิทยาลัย (มหาดไทย),quota,2026,4,,,1,2,2,https://multi.dopa.go.th/gacd/news/cate1/view61
10010132120101A,P3292,,โครงการจุฬาฯ-ชนบท (โครงการสืบสานปณิธานสมเด็จย่าทันตแพทย์จุฬาฯ-ชนบท โดยความเห็นชอบจากกระทรวงสาธารณสุข),quota,2026,2,,,1,2,2,https://admission.chula.ac.th/admission_c1.php
10010132120101A,P3299,,โครงการรับนักเรียนจากโรงเรียนสาธิตจุฬาลงกรณ์มหาวิทยาลัย ฝ่ายมัธยม,quota,2026,2,,,1,2,2,https://admission.chula.ac.th/admission_c1.php
10010133130201A,P3301,,โครงการโอลิมปิกวิชาการ,portfolio,2026,40,3.5,0,1,2,2,https://admission.chula.ac.th/admission_c1.php
10010133130201A,P3302,,โครงการรับผู้สมัครที่มีความเป็นเลิศทางด้านภาษาอังกฤษ,portfolio,2026,40,3,0,1,1,2,https://admission.chula.ac.th/admission_c1.php
10010133130201A,P3303,,โครงการรับนักเรียนจากโรงเรียนกำเนิดวิทย์,quota,2026,2,,,1,2,2,https://admission.chula.ac.th/admission_c1.php
10010133130201A,P3394,,โครงการรับนักเรียนผู้มีความสามารถทางด้านกีฬา,quota,2026,1,,,1,2,2,https://admission.chula.ac.th/admission_c1.php
10010133130201A,P3399,,โครงการรับนักเรียนจากโรงเรียนสาธิตจุฬาลงกรณ์มหาวิทยาลัย ฝ่ายมัธยม,quota,2026,10,,,1,2,2,https://admission.chula.ac.th/admission_c1.php
10010133130301A,P3301,,โครงการโอลิมปิกวิชาการ,portfolio,2026,40,3.5,0,1,2,2,https://admission.chula.ac.th/admission_c1.php
10010133130301A,P3302,,โครงการรับผู้สมัครที่มีความเป็นเลิศทางด้านภาษาอังกฤษ,portfolio,2026,40,3,0,1,1,2,https://admission.chula.ac.th/admission_c1.php
10010133130301A,P3303,,โครงการรับนักเรียนจากโรงเรียนกำเนิดวิทย์,quota,2026,2,,,1,2,2,https://admission.chula.ac.th/admission_c1.php
10010133130301A,P3388,,โครงการจัดส่งนักศึกษาจังหวัดชายแดนภาคใต้เข้าศึกษาต่อในจุฬาลงกรณ์มหาวิทยาลัย (มหาดไทย),quota,2026,4,3.25,,1,2,2,https://multi.dopa.go.th/gacd/news/cate1/view61
10010133130301A,P3391,,โครงการจุฬาฯ-ชนบท,quota,2026,10,,,1,2,2,https://admission.chula.ac.th/admission_c1.php
10010133130301A,P3399,,โครงการรับนักเรียนจากโรงเรียนสาธิตจุฬาลงกรณ์มหาวิทยาลัย ฝ่ายมัธยม,quota,2026,10,,,1,2,2,https://admission.chula.ac.th/admission_c1.php
10010134901001A,P3401,,โครงการรับนักเรียนที่มีศักยภาพพิเศษด้านวิชาการเข้าศึกษาในหลักสูตรนิติศาสตรบัณฑิต คณะนิติศาสตร์,portfolio,2026,5,3.25,0,1,2,2,https://admission.chula.ac.th/admission_c1.php
10010134901001A,P3402,,เลือกสอบวิชาคณิตศาสตร์ประยุกต์ 2,admission,2026,125,,50,1,1,1,https://admission.chula.ac.th/admission_c1.php
10010134901001A,P3403,,เลือกสอบวิชาภาษาฝรั่งเศส,admission,2026,35,,50,1,1,1,https://admission.chula.ac.th/admission_c1.php
10010134901001A,P3404,,เลือกสอบวิชาภาษาเยอรมัน,admission,2026,25,,50,1,1,1,https://admission.chula.ac.th/admission_c1.php
10010134901001A,P3405,,เลือกสอบวิชาภาษาญี่ปุ่น,admission,2026,25,,50,1,1,1,https://admission.chula.ac.th/admission_c1.php
10010134901001A,P3406,,เลือกสอบวิชาภาษาเกาหลี,admission,2026,5,,50,1,1,1,https://admission.chula.ac.th/admission_c1.php
10010134901001A,P3407,,เลือกสอบวิชาภาษาจีน,admission,2026,35,,50,1,1,1,https://admission.chula.ac.th/admission_c1.php
10010134901001A,P3488,,โครงการจัดส่งนักศึกษาจังหวัดชายแดนภาคใต้เข้าศึกษาต่อในจุฬาลงกรณ์มหาวิทยาลัย (มหาดไทย),quota,2026,4,,,1,2,2,https://multi.dopa.go.th/gacd/news/cate1/view61
10010134901001A,P3491,,โครงการจุฬาฯ-ชนบท,quota,2026,10,,,1,2,2,https://admission.chula.ac.th/admission_c1.php
10010134901001A,P3494,,โครงการรับนักเรียนผู้มีความสามารถทางด้านกีฬา,quota,2026,6,,,1,2,2,https://admission.chula.ac.th/admission_c1.php
10010134901001A,P3496,,โครงการรับนักเรียนผู้มีความสามารถทางด้านกีฬา,portfolio,2026,2,2.5,0,1,2,2,https://admission.chula.ac.th/admission_c1.php
10010134901001E,68e365a2f6124a0100313458,,,portfolio,2026,60,,,1,1,1,https://www.law.chula.ac.th/study-at-law-chula/bachelor-of-laws-experiential-learning-in-business-and-tech-law-llbel-international-program/
10010134901001E,68e365a2f6124a010031345e,,,quota,2026,20,,,1,1,1,https://www.law.chula.ac.th/study-at-law-chula/bachelor-of-laws-experiential-learning-in-business-and-tech-law-llbel-international-program/
10010135800501A,P3501,A,โครงการรับนักเรียนเข้าศึกษาในหลักสูตรศิลปกรรมศาสตรบัณฑิต สาขาวิชาทัศนศิลป์,portfolio,2026,30,2.5,0,1,1,1,https://admission.chula.ac.th/admission_c1.php
10010135800501A,P3502,B,โครงการรับนักเรียนเข้าศึกษาในหลักสูตรศิลปกรรมศาสตรบัณฑิต สาขาวิชานฤมิตศิลป์,portfolio,2026,20,2.5,0,1,1,1,https://admission.chula.ac.th/admission_c1.php
10010135800501A,P3502,C,โครงการรับนักเรียนเข้าศึกษาในหลักสูตรศิลปกรรมศาสตรบัณฑิต สาขาวิชานฤมิตศิลป์,portfolio,2026,15,2.5,0,1,1,1,https://admission.chula.ac.th/admission_c1.php
10010135800501A,P3502,D,โครงการรับนักเรียนเข้าศึกษาในหลักสูตรศิลปกรรมศาสตรบัณฑิต สาขาวิชานฤมิตศิลป์,portfolio,2026,20,2.5,0,1,1,1,https://admission.chula.ac.th/admission_c1.php
10010135800501A,P3502,E,โครงการรับนักเรียนเข้าศึกษาในหลักสูตรศิลปกรรมศาสตรบัณฑิต สาขาวิชานฤมิตศิลป์,portfolio,2026,10,2.5,0,1,1,1,https://admission.chula.ac.th/admission_c1.php
10010135800501A,P3503,F,โครงการรับนักเรียนเข้าศึกษาในหลักสูตรศิลปกรรมศาสตรบัณฑิต สาขาวิชาดุริยางคศิลป์,portfolio,2026,18,2.5,0,1,1,1,https://admission.chula.ac.th/admission_c1.php
10010135800501A,P3503,G,โครงการรับนักเรียนเข้าศึกษาในหลักสูตรศิลปกรรมศาสตรบัณฑิต สาขาวิชาดุริยางคศิลป์,portfolio,2026,18,2.5,0,1,1,1,https://admission.chula.ac.th/admission_c1.php
10010135800501A,P3504,H,โครงการรับนักเรียนเข้าศึกษาในหลักสูตรศิลปกรรมศาสตรบัณฑิต สาขาวิชานาฏยศิลป์,portfolio,2026,10,2.5,0,1,1,1,https://admission.chula.ac.th/admission_c1.php
10010135800501A,P3504,I,โครงการรับนักเรียนเข้าศึกษาในหลักสูตรศิลปกรรมศาสตรบัณฑิต สาขาวิชานาฏยศิลป์,portfolio,2026,15,2.5,0,1,1,1,https://admission.chula.ac.th/admission_c1.php
10010135800501A,P3505,A,โครงการรับสมัครคัดเลือกนักเรียนเข้าศึกษาในหลักสูตรศิลปกรรมศาสตรบัณฑิต คณะศิลปกรรมศาสตร์ (สาขาวิชาทัศนศิลป์ สาขาวิชาดุริยางคศิลป์ สาขาวิชานาฏยศิลป์),quota,2026,10,2,,1,1,1,https://admission.chula.ac.th/admission_c1.php
10010135800501A,P3505,F,โครงการรับสมัครคัดเลือกนักเรียนเข้าศึกษาในหลักสูตรศิลปกรรมศาสตรบัณฑิต คณะศิลปกรรมศาสตร์ (สาขาวิชาทัศนศิลป์ สาขาวิชาดุริยางคศิลป์ สาขาวิชานาฏยศิลป์),quota,2026,4,2,,1,1,1,https://admission.chula.ac.th/admission_c1.php
10010135800501A,P3505,G,โครงการรับสมัครคัดเลือกนักเรียนเข้าศึกษาในหลักสูตรศิลปกรรมศาสตรบัณฑิต คณะศิลปกรรมศาสตร์ (สาขาวิชาทัศนศิลป์ สาขาวิชาดุริยางคศิลป์ สาขาวิชานาฏยศิลป์),quota,2026,7,2,,1,1,1,https://admission.chula.ac.th/admission_c1.php
10010135800501A,P3505,H,โครงการรับสมัครคัดเลือกนักเรียนเข้าศึกษาในหลักสูตรศิลปกรรมศาสตรบัณฑิต คณะศิลปกรรมศาสตร์ (สาขาวิชาทัศนศิลป์ สาขาวิชาดุริยางคศิลป์ สาขาวิชานาฏยศิลป์),quota,2026,12,2,,1,1,1,https://admission.chula.ac.th/admission_c1.php
10010135800501A,P3505,I,โครงการรับสมัครคัดเลือกนักเรียนเข้าศึกษาในหลักสูตรศิลปกรรมศาสตรบัณฑิต คณะศิลปกรรมศาสตร์ (สาขาวิชาทัศนศิลป์ สาขาวิชาดุริยางคศิลป์ สาขาวิชานาฏยศิลป์),quota,2026,15,2,,1,1,1,https://admission.chula.ac.th/admission_c1.php
10010137110101A,68e365a3f6124a01003134a6,,,admission,2026,56,2.75,0,1,2,2,https://admission.chula.ac.th/admission_c1.php
10010137110101A,P3701,,โครงการรับนักเรียนที่มีความสามารถพิเศษทางด้านวิชาการ,portfolio,2026,15,3.5,0,1,2,2,https://admission.chula.ac.th/admission_c1.php
10010137110101A,P3791,,โครงการจุฬาฯ-ชนบท,quota,2026,5,,,1,2,2,https://admission.chula.ac.th/admission_c1.php
10010137110101A,P3799,,โครงการรับนักเรียนจากโรงเรียนสาธิตจุฬาลงกรณ์มหาวิทยาลัย ฝ่ายมัธยม,quota,2026,5,,,1,2,2,https://admission.chula.ac.th/admission_c1.php
10010137111301A,68e365a2f6124a01003134a4,,,admission,2026,104,3,0,1,2,2,https://admission.chula.ac.th/admission_c1.php
10010137111301A,P3701,,โครงการรับนักเรียนที่มีความสามารถพิเศษทางด้านวิชาการ,portfolio,2026,40,3.5,0,1,2,2,https://admission.chula.ac.th/admission_c1.php
10010137111301A,P3791,,โครงการจุฬาฯ-ชนบท,quota,2026,15,,,1,2,2,https://admission.chula.ac.th/admission_c1.php
10010137111301A,P3799,,โครงการรับนักเรียนจากโรงเรียนสาธิตจุฬาลงกรณ์มหาวิทยาลัย ฝ่ายมัธยม,quota,2026,5,,,1,2,2,https://admission.chula.ac.th/admission_c1.php
10010137111801A,68e365a3f6124a01003134a8,,,admission,2026,44,2.75,0,1,2,2,https://admission.chula.ac.th/admission_c1.php
10010137111801A,P3701,,โครงการรับนักเรียนที่มีความสามารถพิเศษทางด้านวิชาการ,portfolio,2026,15,3.5,0,1,2,2,https://admission.chula.ac.th/admission_c1.php
10010137111801A,P3791,,โครงการจุฬาฯ-ชนบท,quota,2026,5,,,1,2,2,https://admission.chula.ac.th/admission_c1.php
10010137111801A,P3799,,โครงการรับนักเรียนจากโรงเรียนสาธิตจุฬาลงกรณ์มหาวิทยาลัย ฝ่ายมัธยม,quota,2026,5,,,1,2,2,https://admission.chula.ac.th/admission_c1.php
10010137111901A,68e365a3f6124a01003134aa,,,admission,2026,25,2.75,0,1,2,2,https://admission.chula.ac.th/admission_c1.php
10010137111901A,P3701,,โครงการรับนักเรียนที่มีความสามารถพิเศษทางด้านวิชาการ,portfolio,2026,8,3.5,0,1,2,2,https://admission.chula.ac.th/admission_c1.php
10010137111901A,P3791,,โครงการจุฬาฯ-ชนบท,quota,2026,5,,,1,2,2,https://admission.chula.ac.th/admission_c1.php
10010137111901A,P3799,,โครงการรับนักเรียนจากโรงเรียนสาธิตจุฬาลงกรณ์มหาวิทยาลัย ฝ่ายมัธยม,quota,2026,2,,,1,2,2,https://admission.chula.ac.th/admission_c1.php
10010138113101A,P3801,,โครงการรับนักเรียนเข้าศึกษาในหลักสูตรวิทยาศาสตรบัณฑิต สาขาวิชาจิตวิทยา คณะจิตวิทยา,portfolio,2026,15,3.5,0,1,2,2,https://admission.chula.ac.th/admission_c1.php
10010138113101A,P3802,,(รูปแบบที่ 1),admission,2026,42,3,0,1,1,1,https://admission.chula.ac.th/admission_c1.php
10010138113101A,P3803,,(รูปแบบที่ 2),admission,2026,15,3,0,1,1,1,https://admission.chula.ac.th/admission_c1.php
10010138113101A,P3804,,(รูปแบบที่ 3),admission,2026,18,3,0,1,1,1,https://admission.chula.ac.th/admission_c1.php
10010138113101A,P3891,,โครงการจุฬาฯ-ชนบท,quota,2026,5,,,1,2,2,https://admission.chula.ac.th/admission_c1.php
10010138113101A,P3894,,โครงการรับนักเรียนผู้มีความสามารถทางด้านกีฬา,quota,2026,2,,,1,2,2,https://admission.chula.ac.th/admission_c1.php
10010138113101A,P3896,,โครงการรับนักเรียนผู้มีความสามารถทางด้านกีฬา,portfolio,2026,3,2.75,0,1,2,2,https://admission.chula.ac.th/admission_c1.php
10010138113102P,68e365a3f6124a01003134ac,,,portfolio,2026,55,,,1,1,1,https://www.psy.chula.ac.th/en/undergraduate/jipp/admission/
10010138113102P,68e365a3f6124a01003134b2,,,quota,2026,63,,,1,1,1,https://www.psy.chula.ac.th/en/undergraduate/jipp/admission/
10010138113102P,P3895,,โครงการผู้มีความสามารถทางด้านกีฬาเข้าศึกษาในหลักสูตรนานาชาติ,quota,2026,3,,,1,1,1,https://admission.chula.ac.th/admission_c1.php
10010139112001A,68e365a3f6124a01003134d0,,,admission,2026,60,2.5,0,1,1,1,https://admission.chula.ac.th/admission_c1.php
10010139112001A,P3901,,โครงการรับนักเรียนที่มีความสามารถดีเด่นระดับชาติทางกีฬาเพื่อเป็นนักวิทยาศาสตร์การกีฬา,portfolio,2026,15,2.5,0,1,1,1,https://admission.chula.ac.th/admission_c1.php
10010139112001A,P3902,,โครงการรับนักเรียนที่มีความสามารถด้านกีฬาเข้าศึกษาในหลักสูตรวิทยาศาสตรบัณฑิต สาขาวิชาวิทยาศาสตร์การกีฬาและการออกกำลังกาย คณะวิทยาศาสตร์การกีฬา,quota,2026,30,,,1,1,1,https://admission.chula.ac.th/admission_c1.php
10010139112001A,P3903,,โครงการรับนักเรียนที่มีความสนใจในวิทยาศาสตร์การกีฬาและการออกกำลังกายเพื่อเข้าศึกษาในคณะวิทยาศาสตร์การกีฬา,quota,2026,35,,,1,1,1,https://admission.chula.ac.th/admission_c1.php
10010139112001A,P3991,,โครงการจุฬาฯ-ชนบท,quota,2026,10,,,1,2,2,https://admission.chula.ac.th/admission_c1.php
10010139112001A,P3994,,โครงการรับนักเรียนผู้มีความสามารถทางด้านกีฬา,quota,2026,15,,,1,1,1,https://admission.chula.ac.th/admission_c1.php
10010139112001A,P3996,,โครงการรับนักเรียนผู้มีความสามารถทางด้านกีฬา,portfolio,2026,10,2.5,0,1,1,1,https://admission.chula.ac.th/admission_c1.php
10010139112001A,P3997,,โครงการผู้มีความสามารถทางด้านกีฬาฟุตบอล,portfolio,2026,3,2.5,0,1,1,1,https://admission.chula.ac.th/admission_c1.php
10010139112001A,P3999,,โครงการรับนักเรียนจากโรงเรียนสาธิตจุฬาลงกรณ์มหาวิทยาลัย ฝ่ายมัธยม,quota,2026,2,,,1,2,2,https://admission.chula.ac.th/admission_c1.php
10010140900301A,P4001,,โครงการรับนักเรียนที่มีความสามารถพิเศษทางด้านการเกษตร,portfolio,2026,30,2.5,0,1,2,2,https://admission.chula.ac.th/admission_c1.php
10010140900301A,P4002,,โครงการรับนักเรียนเข้าศึกษาในหลักสูตรศิลปศาสตรและวิทยาศาสตรบัณฑิต สาขาวิชาการบริหารจัดการทรัพยากรการเกษตร,quota,2026,25,,,1,2,2,https://admission.chula.ac.th/admission_c1.php
10010140900301A,P4003,,(รูปแบบที่ 1),admission,2026,70,2.5,0,1,1,1,https://admission.chula.ac.th/admission_c1.php
10010140900301A,P4004,,(รูปแบบที่ 2),admission,2026,70,2.5,0,1,1,1,https://admission.chula.ac.th/admission_c1.php
10010140900301A,P4005,,(รูปแบบที่ 3),admission,2026,70,2.5,0,1,1,1,https://admission.chula.ac.th/admission_c1.php
10010140900301A,P4091,,โครงการจุฬาฯ-ชนบท,quota,2026,10,,,1,2,2,https://admission.chula.ac.th/admission_c1.php
10010156212401E,68e365a3f6124a01003134de,,,portfolio,2026,85,,,1,1,1,https://csii.chula.ac.th/academic-year-2025/
10010156212401E,68e365a3f6124a01003134e0,,,quota,2026,35,,,1,1,1,https://csii.chula.ac.th/academic-year-2025/
10010156212401E,P5690,,โครงการรับนักเรียนผู้มีความสามารถทางด้านกีฬาหลักสูตรนานาชาติ,portfolio,2026,2,,0,1,1,1,https://csii.chula.ac.th/academic-year-2025/
10010156212401E,P5695,,โครงการผู้มีความสามารถทางด้านกีฬาเข้าศึกษาในหลักสูตรนานาชาติ,quota,2026,1,,,1,1,1,https://admission.chula.ac.th/admission_c1.php
10020101111802A,A0100,,ช้างเผือก (รอบ 1.1),portfolio,2026,18,,0,1,1,1,https://admission.ku.ac.th/
10020101111802A,A0200,,เรียนล่วงหน้า,portfolio,2026,1,,0,1,1,1,https://admission.ku.ac.th/
10020101111802A,B1100,,นักเรียนดีเด่นจากโรงเรียนสาธิตแห่ง มก.,quota,2026,1,,,1,1,1,https://admission.ku.ac.th/
10020101111802A,B1200,,เมล็ดพันธุ์สู่ศาสตร์แห่งแผ่นดิน,quota,2026,2,,,1,1,1,https://admission.ku.ac.th/
10020101111802A,B1600,,โควตาพิเศษ 30 จังหวัด,quota,2026,18,,,1,1,1,https://admission.ku.ac.th/
10020101111802A,C2800,,Admission,admission,2026,9,,0,1,2,2,https://admission.ku.ac.th/
10020101500101A,A0100,,ช้างเผือก (รอบ 1.1),portfolio,2026,20,,0,1,1,1,https://admission.ku.ac.th/
10020101500101A,A0200,,เรียนล่วงหน้า,portfolio,2026,1,,0,1,1,1,https://admission.ku.ac.th/
10020101500101A,B1100,,นักเรียนดีเด่นจากโรงเรียนสาธิตแห่ง มก.,quota,2026,1,,,1,1,1,https://admission.ku.ac.th/
10020101500101A,B1200,,เมล็ดพันธุ์สู่ศาสตร์แห่งแผ่นดิน,quota,2026,2,,,1,1,1,https://admission.ku.ac.th/
10020101500101A,B1600,,โควตาพิเศษ 30 จังหวัด,quota,2026,18,,,1,1,1,https://admission.ku.ac.th/
10020101500101A,C2800,,Admission,admission,2026,22,,0,1,2,2,https://admission.ku.ac.th/
10020101500201A,A0100,,ช้างเผือก (รอบ 1.1),portfolio,2026,20,,0,1,1,1,https://admission.ku.ac.th/
10020101500201A,A0200,,เรียนล่วงหน้า,portfolio,2026,1,,0,1,1,1,https://admission.ku.ac.th/
10020101500201A,A1800,,โควตาศิลปวัฒนธรรมและซอฟต์พาวเวอร์,portfolio,2026,1,,0,1,1,1,https://admission.ku.ac.th/
10020101500201A,B1100,,นักเรียนดีเด่นจากโรงเรียนสาธิตแห่ง มก.,quota,2026,1,,,1,1,1,https://admission.ku.ac.th/
10020101500201A,B1200,,เมล็ดพันธุ์สู่ศาสตร์แห่งแผ่นดิน,quota,2026,2,,,1,1,1,https://admission.ku.ac.th/
10020101500201A,B1600,,โควตาพิเศษ 30 จังหวัด,quota,2026,21,,,1,1,1,https://admission.ku.ac.th/
10020101500201A,B1700,,โควตานักกีฬาดีเด่นฯ,quota,2026,1,,,1,1,1,https://admission.ku.ac.th/
10020101500201A,C2800,,Admission,admission,2026,29,,0,1,2,2,https://admission.ku.ac.th/
10020101500202A,A0100,,ช้างเผือก (รอบ 1.1),portfolio,2026,15,,0,1,1,1,https://admission.ku.ac.th/
10020101500202A,A0200,,เรียนล่วงหน้า,portfolio,2026,1,,0,1,1,1,https://admission.ku.ac.th/
10020101500202A,B1100,,นักเรียนดีเด่นจากโรงเรียนสาธิตแห่ง มก.,quota,2026,1,,,1,1,1,https://admission.ku.ac.th/
10020101500202A,B1200,,เมล็ดพันธุ์สู่ศาสตร์แห่งแผ่นดิน,quota,2026,2,,,1,1,1,https://admission.ku.ac.th/
10020101500202A,B1600,,โควตาพิเศษ 30 จังหวัด,quota,2026,10,,,1,1,1,https://admission.ku.ac.th/
10020101500202A,C2800,,Admission,admission,2026,31,,0,1,2,2,https://admission.ku.ac.th/
10020101500203A,A0100,,ช้างเผือก (รอบ 1.1),portfolio,2026,19,,0,1,1,1,https://admission.ku.ac.th/
10020101500203A,A0200,,เรียนล่วงหน้า,portfolio,2026,1,,0,1,1,1,https://admission.ku.ac.th/
10020101500203A,A0400,,รับนักกีฬาดีเด่น,portfolio,2026,2,,0,1,1,1,https://admission.ku.ac.th/
10020101500203A,A1800,,โควตาศิลปวัฒนธรรมและซอฟต์พาวเวอร์,portfolio,2026,1,,0,1,1,1,https://admission.ku.ac.th/
10020101500203A,B1100,,นักเรียนดีเด่นจากโรงเรียนสาธิตแห่ง มก.,quota,2026,1,,,1,1,1,https://admission.ku.ac.th/
10020101500203A,B1200,,เมล็ดพันธุ์สู่ศาสตร์แห่งแผ่นดิน,quota,2026,2,,,1,1,1,https://admission.ku.ac.th/
10020101500203A,B1600,,โควตาพิเศษ 30 จังหวัด,quota,2026,26,,,1,1,1,https://admission.ku.ac.th/
10020101500203A,B1700,,โควตานักกีฬา,quota,2026,2,,,1,1,1,https://admission.ku.ac.th/
10020101500203A,C2800,,Admission,admission,2026,27,,0,1,2,2,https://admission.ku.ac.th/
10020101500204A,A0100,,ช้างเผือก (รอบ 1.1),portfolio,2026,110,,0,1,1,1,https://admission.ku.ac.th/
10020101500204A,A0200,,เรียนล่วงหน้า,portfolio,2026,4,,0,1,1,1,https://admission.ku.ac.th/
10020101500204A,A0400,,รับนักกีฬาดีเด่น,portfolio,2026,2,,0,1,1,1,https://admission.ku.ac.th/
10020101500204A,A1800,,โควตาศิลปวัฒนธรรมและซอฟต์พาวเวอร์,portfolio,2026,1,,0,1,1,1,https://admission.ku.ac.th/
10020101500204A,B1100,,นักเรียนดีเด่นจากโรงเรียนสาธิตแห่ง มก.,quota,2026,1,,,1,1,1,https://admission.ku.ac.th/
10020101500204A,B1200,,เมล็ดพันธุ์สู่ศาสตร์แห่งแผ่นดิน,quota,2026,6,,,1,1,1,https://admission.ku.ac.th/
10020101500204A,B1600,,โควตาพิเศษ 30 จังหวัด,quota,2026,103,,,1,1,1,https://admission.ku.ac.th/
10020101500204A,B1700,,โควตานักกีฬา,quota,2026,3,,,1,1,1,https://admission.ku.ac.th/
10020101500204A,C2800,,Admission,admission,2026,104,,0,1,2,2,https://admission.ku.ac.th/
10020101500205A,A0100,,ช้างเผือก (รอบ 1.1),portfolio,2026,20,,0,1,1,1,https://admission.ku.ac.th/
10020101500205A,A0200,,เรียนล่วงหน้า,portfolio,2026,1,,0,1,1,1,https://admission.ku.ac.th/
10020101500205A,B1100,,นักเรียนดีเด่นจากโรงเรียนสาธิตแห่ง มก.,quota,2026,1,,,1,1,1,https://admission.ku.ac.th/
10020101500205A,B1200,,เมล็ดพันธุ์สู่ศาสตร์แห่งแผ่นดิน,quota,2026,2,,,1,1,1,https://admission.ku.ac.th/
10020101500205A,B1600,,โควตาพิเศษ 30 จังหวัด,quota,2026,23,,,1,1,1,https://admission.ku.ac.th/
10020101500205A,B1700,,โควตานักกีฬาดีเด่นฯ,quota,2026,1,,,1,1,1,https://admission.ku.ac.th/
10020101500205A,C2800,,Admission,admission,2026,27,,0,1,2,2,https://admission.ku.ac.th/
10020101500205E,A0300,,หลักสูตรนานาชาติและหลักสูตรภาษาอังกฤษ (รอบ 1.1),portfolio,2026,20,,0,1,1,1,https://admission.ku.ac.th/
10020101500205E,B5000,,หลักสูตรนานาชาติและหลักสูตรภาษาอังกฤษ (รอบ 2),quota,2026,36,,,1,1,1,https://admission.ku.ac.th/
10020101500205E,C2800,,Admission,admission,2026,36,,0,1,1,1,https://admission.ku.ac.th/
10020101500301A,A0100,,ช้างเผือก (รอบ 1.1),portfolio,2026,21,,0,1,1,1,https://admission.ku.ac.th/
10020101500301A,A0200,,เรียนล่วงหน้า,portfolio,2026,2,,0,1,1,1,https://admission.ku.ac.th/
10020101500301A,B1100,,นักเรียนดีเด่นจากโรงเรียนสาธิตแห่ง มก.,quota,2026,1,,,1,1,1,https://admission.ku.ac.th/
10020101500301A,B1200,,เมล็ดพันธุ์สู่ศาสตร์แห่งแผ่นดิน,quota,2026,2,,,1,1,1,https://admission.ku.ac.th/
10020101500301A,B1600,,โควตาพิเศษ 30 จังหวัด,quota,2026,31,,,1,1,1,https://admission.ku.ac.th/
10020101500301A,B1700,,โควตานักกีฬาดีเด่นฯ,quota,2026,1,,,1,1,1,https://admission.ku.ac.th/
10020101500301A,C2800,,Admission,admission,2026,43,,0,1,2,2,https://admission.ku.ac.th/
10020102500601A,A0100,,ช้างเผือก (รอบ 1.1),portfolio,2026,105,,0,1,1,1,https://admission.ku.ac.th/
10020102500601A,A0101,,ช้างเผือก (รอบ 1.2),portfolio,2026,40,,0,1,1,1,https://admission.ku.ac.th/
10020102500601A,A0200,,เรียนล่วงหน้า,portfolio,2026,10,,0,1,1,1,https://admission.ku.ac.th/
10020102500601A,A0400,,รับนักกีฬาดีเด่น,portfolio,2026,1,,0,1,1,1,https://admission.ku.ac.th/
10020102500601A,A1800,,โควตาศิลปวัฒนธรรมและซอฟต์พาวเวอร์,portfolio,2026,1,,0,1,1,1,https://admission.ku.ac.th/
10020102500601A,B1100,,นักเรียนดีเด่นจากโรงเรียนสาธิตแห่ง มก.,quota,2026,3,,,1,1,1,https://admission.ku.ac.th/
10020102500601A,B1200,,เมล็ดพันธุ์สู่ศาสตร์แห่งแผ่นดิน,quota,2026,15,,,1,1,1,https://admission.ku.ac.th/
10020102500601A,B1400,,ลูกพระพิรุณ,quota,2026,10,,,1,1,1,https://admission.ku.ac.th/
10020102500601A,B1600,,โควตาพิเศษ 30 จังหวัด,quota,2026,56,,,1,1,1,https://admission.ku.ac.th/
10020102500601A,B1700,,โควตานักกีฬาดีเด่นฯ,quota,2026,1,,,1,1,1,https://admission.ku.ac.th/
10020102500601A,B2300,,โครงการความร่วมมือ,quota,2026,5,,,1,1,1,https://admission.ku.ac.th/
10020102500601A,B3600,,โควตา 6 จังหวัดชายฝั่งทะเลอันดามัน,quota,2026,20,,,1,1,1,https://admission.ku.ac.th/
10020102500601A,C2800,,Admission,admission,2026,120,,0,1,2,2,https://admission.ku.ac.th/
10020103501001A,A0100,,ช้างเผือก (รอบ 1.1),portfolio,2026,250,,0,1,1,1,https://admission.ku.ac.th/
10020103501001A,A0200,,เรียนล่วงหน้า,portfolio,2026,5,,0,1,1,1,https://admission.ku.ac.th/
10020103501001A,A0400,,รับนักกีฬาดีเด่น,portfolio,2026,2,,0,1,1,1,https://admission.ku.ac.th/
10020103501001A,A1800,,โควตาศิลปวัฒนธรรมและซอฟต์พาวเวอร์,portfolio,2026,1,,0,1,1,1,https://admission.ku.ac.th/
10020103501001A,B1100,,นักเรียนดีเด่นจากโรงเรียนสาธิตแห่ง มก.,quota,2026,2,,,1,1,1,https://admission.ku.ac.th/
10020103501001A,B1200,,เมล็ดพันธุ์สู่ศาสตร์แห่งแผ่นดิน,quota,2026,10,,,1,1,1,https://admission.ku.ac.th/
10020103501001A,B1300,,เพชรนนทรี,quota,2026,20,,,1,1,1,https://admission.ku.ac.th/
10020103501001A,B1400,,ลูกพระพิรุณ,quota,2026,10,,,1,1,1,https://admission.ku.ac.th/
10020103501001A,B1600,,โควตาพิเศษ 30 จังหวัด,quota,2026,30,,,1,1,1,https://admission.ku.ac.th/
10020103501001A,B1700,,โควตานักกีฬา,quota,2026,3,,,1,1,1,https://admission.ku.ac.th/
10020103501001A,C2800,,Admission,admission,2026,30,,0,1,2,2,https://admission.ku.ac.th/
10020104210301A,A0101,,ช้างเผือก (รอบ 1.2),portfolio,2026,20,,0,1,1,1,https://admission.ku.ac.th/
10020104210301A,A0200,,เรียนล่วงหน้า,portfolio,2026,3,,0,1,1,1,https://admission.ku.ac.th/
10020104210301A,A0800,,ส่งเสริมผู้มีความสามารถพิเศษทางวิทยาศาสตร์และเทคโนโลยี (พสวท.),portfolio,2026,14,,0,1,1,1,https://admission.ku.ac.th/
10020104210301A,A0900,,โอลิมปิกวิชาการ (รอบ 1.1),portfolio,2026,2,,0,1,1,1,https://admission.ku.ac.th/
10020104210301A,A3200,,พัฒนาเครือข่ายองค์กรแห่งการเรียนรู้ด้านวิทยาศาสตร์สู่การต่อยอดระดับสากล,portfolio,2026,36,,0,1,1,1,https://admission.ku.ac.th/
10020104210301A,A3300,,สควค. ระยะที่ 4,portfolio,2026,5,,0,1,1,1,https://admission.ku.ac.th/
10020104210301A,B1100,,นักเรียนดีเด่นจากโรงเรียนสาธิตแห่ง มก.,quota,2026,1,,,1,1,1,https://admission.ku.ac.th/
10020104210301A,B1300,,เพชรนนทรี,quota,2026,5,,,1,1,1,https://admission.ku.ac.th/
10020104210301A,B1400,,ลูกพระพิรุณ,quota,2026,2,,,1,1,1,https://admission.ku.ac.th/
10020104210301A,B1600,,โควตาพิเศษ 30 จังหวัด,quota,2026,5,,,1,1,1,https://admission.ku.ac.th/
10020104210301A,B2300,,โครงการความร่วมมือ,quota,2026,1,,,1,1,1,https://admission.ku.ac.th/
10020104210301A,C2800,,Admission,admission,2026,22,,0,1,2,2,https://admission.ku.ac.th/
10020104210401A,A0101,,ช้างเผือก (รอบ 1.2),portfolio,2026,20,,0,1,1,1,https://admission.ku.ac.th/
10020104210401A,A0200,,เรียนล่วงหน้า,portfolio,2026,2,,0,1,1,1,https://admission.ku.ac.th/
10020104210401A,A0800,,ส่งเสริมผู้มีความสามารถพิเศษทางวิทยาศาสตร์และเทคโนโลยี (พสวท.),portfolio,2026,14,,0,1,1,1,https://admission.ku.ac.th/
10020104210401A,A0900,,โอลิมปิกวิชาการ (รอบ 1.1),portfolio,2026,2,,0,1,1,1,https://admission.ku.ac.th/
10020104210401A,A3200,,พัฒนาเครือข่ายองค์กรแห่งการเรียนรู้ด้านวิทยาศาสตร์สู่การต่อยอดระดับสากล,portfolio,2026,36,,0,1,1,1,https://admission.ku.ac.th/
10020104210401A,A3300,,สควค. ระยะที่ 4,portfolio,2026,1,,0,1,1,1,https://admission.ku.ac.th/
10020104210401A,B1100,,นักเรียนดีเด่นจากโรงเรียนสาธิตแห่ง มก.,quota,2026,3,,,1,1,1,https://admission.ku.ac.th/
10020104210401A,B1200,,เมล็ดพันธุ์สู่ศาสตร์แห่งแผ่นดิน,quota,2026,1,,,1,1,1,https://admission.ku.ac.th/
10020104210401A,B1300,,เพชรนนทรี,quota,2026,3,,,1,1,1,https://admission.ku.ac.th/
10020104210401A,B1400,,ลูกพระพิรุณ,quota,2026,1,,,1,1,1,https://admission.ku.ac.th/
10020104210401A,B1600,,โควตาพิเศษ 30 จังหวัด,quota,2026,1,,,1,1,1,https://admission.ku.ac.th/
10020104210401A,B2300,,โครงการความร่วมมือ,quota,2026,1,,,1,1,1,https://admission.ku.ac.th/
10020104210401A,B3600,,โควตา 6 จังหวัดชายฝั่งทะเลอันดามัน,quota,2026,1,,,1,1,1,https://admission.ku.ac.th/
10020104210401A,C2800,,Admission,admission,2026,61,,0,1,2,2,https://admission.ku.ac.th/
10020104210402E,A0100,,ช้างเผือก (รอบ 1.1),portfolio,2026,5,,0,1,1,1,https://admission.ku.ac.th/
10020104210402E,A0200,,เรียนล่วงหน้า,portfolio,2026,2,,0,1,1,1,https://admission.ku.ac.th/
10020104210402E,A0300,,หลักสูตรนานาชาติและหลักสูตรภาษาอังกฤษ (รอบ 1.1),portfolio,2026,20,,0,1,1,1,https://admission.ku.ac.th/
10020104210402E,A0800,,ส่งเสริมผู้มีความสามารถพิเศษทางวิทยาศาสตร์และเทคโนโลยี (พสวท.),portfolio,2026,14,,0,1,1,1,https://admission.ku.ac.th/
10020104210402E,A0900,,โอลิมปิกวิชาการ (รอบ 1.1),portfolio,2026,3,,0,1,1,1,https://admission.ku.ac.th/
10020104210402E,A3200,,พัฒนาเครือข่ายองค์กรแห่งการเรียนรู้ด้านวิทยาศาสตร์สู่การต่อยอดระดับสากล,portfolio,2026,36,,0,1,1,1,https://admission.ku.ac.th/
10020104210402E,B1100,,นักเรียนดีเด่นจากโรงเรียนสาธิตแห่ง มก.,quota,2026,3,,,1,1,1,https://admission.ku.ac.th/
10020104210402E,B1200,,เมล็ดพันธุ์สู่ศาสตร์แห่งแผ่นดิน,quota,2026,3,,,1,1,1,https://admission.ku.ac.th/
10020104210402E,B1300,,เพชรนนทรี,quota,2026,5,,,1,1,1,https://admission.ku.ac.th/
10020104210402E,B1400,,ลูกพระพิรุณ,quota,2026,3,,,1,1,1,https://admission.ku.ac.th/
10020104210402E,B1600,,โควตาพิเศษ 30 จังหวัด,quota,2026,5,,,1,1,1,https://admission.ku.ac.th/
10020104210402E,B2300,,โครงการความร่วมมือ,quota,2026,10,,,1,1,1,https://admission.ku.ac.th/
10020104210402E,B5000,,หลักสูตรนานาชาติและหลักสูตรภาษาอังกฤษ (รอบ 2),quota,2026,15,,,1,1,1,https://admission.ku.ac.th/
10020104210402E,C2800,,Admission,admission,2026,30,,0,1,2,2,https://admission.ku.ac.th/
10020104210404A,A0101,,ช้างเผือก (รอบ 1.2),portfolio,2026,5,,0,1,1,1,https://admission.ku.ac.th/
10020104210404A,A0200,,เรียนล่วงหน้า,portfolio,2026,2,,0,1,1,1,https://admission.ku.ac.th/
10020104210404A,A0800,,ส่งเสริมผู้มีความสามารถพิเศษทางวิทยาศาสตร์และเทคโนโลยี (พสวท.),portfolio,2026,14,,0,1,1,1,https://admission.ku.ac.th/
10020104210404A,A0900,,โอลิมปิกวิชาการ (รอบ 1.1),portfolio,2026,2,,0,1,1,1,https://admission.ku.ac.th/
10020104210404A,A3200,,พัฒนาเครือข่ายองค์กรแห่งการเรียนรู้ด้านวิทยาศาสตร์สู่การต่อยอดระดับสากล,portfolio,2026,36,,0,1,1,1,https://admission.ku.ac.th/
10020104210404A,B1300,,เพชรนนทรี,quota,2026,3,,,1,1,1,https://admission.ku.ac.th/
10020104210404A,B1400,,ลูกพระพิรุณ,quota,2026,2,,,1,1,1,https://admission.ku.ac.th/
10020104210404A,B1600,,โควตาพิเศษ 30 จังหวัด,quota,2026,2,,,1,1,1,https://admission.ku.ac.th/
10020104210404A,B2300,,โครงการความร่วมมือ,quota,2026,1,,,1,1,1,https://admission.ku.ac.th/
10020104210404A,C2800,,Admission,admission,2026,28,,0,1,2,2,https://admission.ku.ac.th/
10020104210501A,A0101,,ช้างเผือก (รอบ 1.2),portfolio,2026,20,,0,1,1,1,https://admission.ku.ac.th/
10020104210501A,A0200,,เรียนล่วงหน้า,portfolio,2026,5,,0,1,1,1,https://admission.ku.ac.th/
10020104210501A,A0800,,ส่งเสริมผู้มีความสามารถพิเศษทางวิทยาศาสตร์และเทคโนโลยี (พสวท.),portfolio,2026,14,,0,1,1,1,https://admission.ku.ac.th/
10020104210501A,A0900,,โอลิมปิกวิชาการ (รอบ 1.1),portfolio,2026,2,,0,1,1,1,https://admission.ku.ac.th/
10020104210501A,A3200,,พัฒนาเครือข่ายองค์กรแห่งการเรียนรู้ด้านวิทยาศาสตร์สู่การต่อยอดระดับสากล,portfolio,2026,36,,0,1,1,1,https://admission.ku.ac.th/
10020104210501A,B1100,,นักเรียนดีเด่นจากโรงเรียนสาธิตแห่ง มก.,quota,2026,2,,,1,1,1,https://admission.ku.ac.th/
10020104210501A,B1200,,เมล็ดพันธุ์สู่ศาสตร์แห่งแผ่นดิน,quota,2026,3,,,1,1,1,https://admission.ku.ac.th/
10020104210501A,B1300,,เพชรนนทรี,quota,2026,3,,,1,1,1,https://admission.ku.ac.th/
10020104210501A,B1400,,ลูกพระพิรุณ,quota,2026,2,,,1,1,1,https://admission.ku.ac.th/
10020104210501A,B1600,,โควตาพิเศษ 30 จังหวัด,quota,2026,25,,,1,1,1,https://admission.ku.ac.th/
10020104210501A,C2800,,Admission,admission,2026,59,,0,1,2,2,https://admission.ku.ac.th/
10020104210601A,A0101,,ช้างเผือก (รอบ 1.2),portfolio,2026,15,,0,1,1,1,https://admission.ku.ac.th/
10020104210601A,A0200,,เรียนล่วงหน้า,portfolio,2026,5,,0,1,1,1,https://admission.ku.ac.th/
10020104210601A,A0400,,รับนักกีฬาดีเด่น,portfolio,2026,1,,0,1,1,1,https://admission.ku.ac.th/
10020104210601A,A0800,,ส่งเสริมผู้มีความสามารถพิเศษทางวิทยาศาสตร์และเทคโนโลยี (พสวท.),portfolio,2026,14,,0,1,1,1,https://admission.ku.ac.th/
10020104210601A,A1800,,โควตาศิลปวัฒนธรรมและซอฟต์พาวเวอร์,portfolio,2026,1,,0,1,1,1,https://admission.ku.ac.th/
10020104210601A,A3200,,พัฒนาเครือข่ายองค์กรแห่งการเรียนรู้ด้านวิทยาศาสตร์สู่การต่อยอดระดับสากล,portfolio,2026,36,,0,1,1,1,https://admission.ku.ac.th/
10020104210601A,B1100,,นักเรียนดีเด่นจากโรงเรียนสาธิตแห่ง มก.,quota,2026,2,,,1,1,1,https://admission.ku.ac.th/
10020104210601A,B1200,,เมล็ดพันธุ์สู่ศาสตร์แห่งแผ่นดิน,quota,2026,1,,,1,1,1,https://admission.ku.ac.th/
10020104210601A,B1300,,เพชรนนทรี,quota,2026,2,,,1,1,1,https://admission.ku.ac.th/
10020104210601A,B1400,,ลูกพระพิรุณ,quota,2026,1,,,1,1,1,https://admission.ku.ac.th/
10020104210601A,B1600,,โควตาพิเศษ 30 จังหวัด,quota,2026,15,,,1,1,1,https://admission.ku.ac.th/
10020104210601A,B1700,,โควตานักกีฬาดีเด่นฯ,quota,2026,1,,,1,1,1,https://admission.ku.ac.th/
10020104210601A,B2300,,โครงการความร่วมมือ,quota,2026,5,,,1,1,1,https://admission.ku.ac.th/
10020104210601A,B3600,,โควตา 6 จังหวัดชายฝั่งทะเลอันดามัน,quota,2026,3,,,1,1,1,https://admission.ku.ac.th/
10020104210601A,C2800,,Admission,admission,2026,40,,0,1,2,2,https://admission.ku.ac.th/
10020104210701A,A0100,,ช้างเผือก (รอบ 1.1),portfolio,2026,5,,0,1,1,1,https://admission.ku.ac.th/
10020104210701A,A0100,C,ช้างเผือก (รอบ 1.1),portfolio,2026,5,,0,1,1,1,https://admission.ku.ac.th/
10020104210701A,A0200,,เรียนล่วงหน้า,portfolio,2026,10,,0,1,1,1,https://admission.ku.ac.th/
10020104210701A,A0200,C,เรียนล่วงหน้า,portfolio,2026,10,,0,1,1,1,https://admission.ku.ac.th/
10020104210701A,A0400,,รับนักกีฬาดีเด่น,portfolio,2026,1,,0,1,1,1,https://admission.ku.ac.th/
10020104210701A,A0400,C,รับนักกีฬาดีเด่น,portfolio,2026,1,,0,1,1,1,https://admission.ku.ac.th/
10020104210701A,A0800,,ส่งเสริมผู้มีความสามารถพิเศษทางวิทยาศาสตร์และเทคโนโลยี (พสวท.),portfolio,2026,14,,0,1,1,1,https://admission.ku.ac.th/
10020104210701A,A0800,C,ส่งเสริมผู้มีความสามารถพิเศษทางวิทยาศาสตร์และเทคโนโลยี (พสวท.),portfolio,2026,14,,0,1,1,1,https://admission.ku.ac.th/
10020104210701A,A0900,,โอลิมปิกวิชาการ (รอบ 1.1),portfolio,2026,5,,0,1,1,1,https://admission.ku.ac.th/
10020104210701A,A0900,C,โอลิมปิกวิชาการ (รอบ 1.1),portfolio,2026,5,,0,1,1,1,https://admission.ku.ac.th/
10020104210701A,A3200,,พัฒนาเครือข่ายองค์กรแห่งการเรียนรู้ด้านวิทยาศาสตร์สู่การต่อยอดระดับสากล,portfolio,2026,36,,0,1,1,1,https://admission.ku.ac.th/
10020104210701A,A3200,C,พัฒนาเครือข่ายองค์กรแห่งการเรียนรู้ด้านวิทยาศาสตร์สู่การต่อยอดระดับสากล,portfolio,2026,36,,0,1,1,1,https://admission.ku.ac.th/
10020104210701A,A3300,,สควค. ระยะที่ 4,portfolio,2026,2,,0,1,1,1,https://admission.ku.ac.th/
10020104210701A,B1100,,นักเรียนดีเด่นจากโรงเรียนสาธิตแห่ง มก.,quota,2026,5,,,1,1,1,https://admission.ku.ac.th/
10020104210701A,B1100,C,นักเรียนดีเด่นจากโรงเรียนสาธิตแห่ง มก.,quota,2026,4,,,1,1,1,https://admission.ku.ac.th/
10020104210701A,B1200,,เมล็ดพันธุ์สู่ศาสตร์แห่งแผ่นดิน,quota,2026,4,,,1,1,1,https://admission.ku.ac.th/
10020104210701A,B1200,C,เมล็ดพันธุ์สู่ศาสตร์แห่งแผ่นดิน,quota,2026,4,,,1,1,1,https://admission.ku.ac.th/
10020104210701A,B1300,,เพชรนนทรี,quota,2026,5,,,1,1,1,https://admission.ku.ac.th/
10020104210701A,B1300,C,เพชรนนทรี,quota,2026,5,,,1,1,1,https://admission.ku.ac.th/
10020104210701A,B1400,,ลูกพระพิรุณ,quota,2026,5,,,1,1,1,https://admission.ku.ac.th/
10020104210701A,B1400,C,ลูกพระพิรุณ,quota,2026,5,,,1,1,1,https://admission.ku.ac.th/
10020104210701A,B1600,,โควตาพิเศษ 30 จังหวัด,quota,2026,10,,,1,1,1,https://admission.ku.ac.th/
10020104210701A,B1600,C,โควตาพิเศษ 30 จังหวัด,quota,2026,15,,,1,1,1,https://admission.ku.ac.th/
10020104210701A,B1700,,โควตานักกีฬา,quota,2026,2,,,1,1,1,https://admission.ku.ac.th/
10020104210701A,B1700,C,โควตานักกีฬา,quota,2026,2,,,1,1,1,https://admission.ku.ac.th/
10020104210701A,B2300,,โครงการความร่วมมือ,quota,2026,3,,,1,1,1,https://admission.ku.ac.th/
10020104210701A,B2300,C,โครงการความร่วมมือ,quota,2026,3,,,1,1,1,https://admission.ku.ac.th/
10020104210701A,B3400,,โครงการรับนิสิตพิเศษ,quota,2026,1,,,1,1,1,https://admission.ku.ac.th/
10020104210701A,B3400,C,โครงการรับนิสิตพิเศษ,quota,2026,1,,,1,1,1,https://admission.ku.ac.th/
10020104210701A,B3600,,โควตา 6 จังหวัดชายฝั่งทะเลอันดามัน,quota,2026,4,,,1,1,1,https://admission.ku.ac.th/
10020104210701A,B3600,C,โควตา 6 จังหวัดชายฝั่งทะเลอันดามัน,quota,2026,5,,,1,1,1,https://admission.ku.ac.th/
10020104210701A,C2800,,Admission,admission,2026,23,,0,1,2,2,https://admission.ku.ac.th/
10020104210701A,C2800,C,Admission,admission,2026,28,,0,1,2,2,https://admission.ku.ac.th/
10020104210702A,A0101,,ช้างเผือก (รอบ 1.2),portfolio,2026,10,,0,1,1,1,https://admission.ku.ac.th/
10020104210702A,A0200,,เรียนล่วงหน้า,portfolio,2026,2,,0,1,1,1,https://admission.ku.ac.th/
10020104210702A,A0800,,ส่งเสริมผู้มีความสามารถพิเศษทางวิทยาศาสตร์และเทคโนโลยี (พสวท.),portfolio,2026,14,,0,1,1,1,https://admission.ku.ac.th/
10020104210702A,A0900,,โอลิมปิกวิชาการ (รอบ 1.1),portfolio,2026,5,,0,1,1,1,https://admission.ku.ac.th/
10020104210702A,A3200,,พัฒนาเครือข่ายองค์กรแห่งการเรียนรู้ด้านวิทยาศาสตร์สู่การต่อยอดระดับสากล,portfolio,2026,36,,0,1,1,1,https://admission.ku.ac.th/
10020104210702A,B1100,,นักเรียนดีเด่นจากโรงเรียนสาธิตแห่ง มก.,quota,2026,2,,,1,1,1,https://admission.ku.ac.th/
10020104210702A,B1300,,เพชรนนทรี,quota,2026,5,,,1,1,1,https://admission.ku.ac.th/
10020104210702A,B1400,,ลูกพระพิรุณ,quota,2026,2,,,1,1,1,https://admission.ku.ac.th/
10020104210702A,B1600,,โควตาพิเศษ 30 จังหวัด,quota,2026,10,,,1,1,1,https://admission.ku.ac.th/
10020104210702A,B2300,,โครงการความร่วมมือ,quota,2026,2,,,1,1,1,https://admission.ku.ac.th/
10020104210702A,C2800,,Admission,admission,2026,15,,0,1,2,2,https://admission.ku.ac.th/
10020104211201E,A0100,,ช้างเผือก (รอบ 1.1),portfolio,2026,3,,0,1,1,1,https://admission.ku.ac.th/
10020104211201E,A0101,,ช้างเผือก (รอบ 1.2),portfolio,2026,3,,0,1,1,1,https://admission.ku.ac.th/
10020104211201E,A0200,,เรียนล่วงหน้า,portfolio,2026,10,,0,1,1,1,https://admission.ku.ac.th/
10020104211201E,A0300,,หลักสูตรนานาชาติและหลักสูตรภาษาอังกฤษ (รอบ 1.1),portfolio,2026,25,,0,1,1,1,https://admission.ku.ac.th/
10020104211201E,A0301,,หลักสูตรนานาชาติและหลักสูตรภาษาอังกฤษ (รอบ 1.2),portfolio,2026,25,,0,1,1,1,https://admission.ku.ac.th/
10020104211201E,A0400,,รับนักกีฬาดีเด่น,portfolio,2026,1,,0,1,1,1,https://admission.ku.ac.th/
10020104211201E,A0800,,ส่งเสริมผู้มีความสามารถพิเศษทางวิทยาศาสตร์และเทคโนโลยี (พสวท.),portfolio,2026,14,,0,1,1,1,https://admission.ku.ac.th/
10020104211201E,A0900,,โอลิมปิกวิชาการ (รอบ 1.1),portfolio,2026,3,,0,1,1,1,https://admission.ku.ac.th/
10020104211201E,A0901,,โอลิมปิกวิชาการ (รอบ 1.2),portfolio,2026,3,,0,1,1,1,https://admission.ku.ac.th/
10020104211201E,A1800,,โควตาศิลปวัฒนธรรมและซอฟต์พาวเวอร์,portfolio,2026,1,,0,1,1,1,https://admission.ku.ac.th/
10020104211201E,A3200,,พัฒนาเครือข่ายองค์กรแห่งการเรียนรู้ด้านวิทยาศาสตร์สู่การต่อยอดระดับสากล,portfolio,2026,36,,0,1,1,1,https://admission.ku.ac.th/
10020104211201E,B1100,,นักเรียนดีเด่นจากโรงเรียนสาธิตแห่ง มก.,quota,2026,2,,,1,1,1,https://admission.ku.ac.th/
10020104211201E,B1200,,เมล็ดพันธุ์สู่ศาสตร์แห่งแผ่นดิน,quota,2026,2,,,1,1,1,https://admission.ku.ac.th/
10020104211201E,B1300,,เพชรนนทรี,quota,2026,2,,,1,1,1,https://admission.ku.ac.th/
10020104211201E,B1400,,ลูกพระพิรุณ,quota,2026,2,,,1,1,1,https://admission.ku.ac.th/
10020104211201E,B1600,,โควตาพิเศษ 30 จังหวัด,quota,2026,4,,,1,1,1,https://admission.ku.ac.th/
10020104211201E,B1700,,โควตานักกีฬา,quota,2026,2,,,1,1,1,https://admission.ku.ac.th/
10020104211201E,B2300,,โครงการความร่วมมือ,quota,2026,2,,,1,1,1,https://admission.ku.ac.th/
10020104211201E,B3400,,โครงการรับนิสิตพิเศษ,quota,2026,2,,,1,1,1,https://admission.ku.ac.th/
10020104211201E,B3600,,โควตา 6 จังหวัดชายฝั่งทะเลอันดามัน,quota,2026,2,,,1,1,1,https://admission.ku.ac.th/
10020104211201E,B5000,,หลักสูตรนานาชาติและหลักสูตรภาษาอังกฤษ (รอบ 2),quota,2026,20,,,1,1,1,https://admission.ku.ac.th/
10020104211201E,C2800,,Admission,admission,2026,35,,0,1,2,2,https://admission.ku.ac.th/
10020104212301A,A0100,,ช้างเผือก (รอบ 1.1),portfolio,2026,15,,0,1,1,1,https://admission.ku.ac.th/
10020104212301A,A0101,,ช้างเผือก (รอบ 1.2),portfolio,2026,10,,0,1,1,1,https://admission.ku.ac.th/
10020104212301A,A0200,,เรียนล่วงหน้า,portfolio,2026,5,,0,1,1,1,https://admission.ku.ac.th/
10020104212301A,A0800,,ส่งเสริมผู้มีความสามารถพิเศษทางวิทยาศาสตร์และเทคโนโลยี (พสวท.),portfolio,2026,14,,0,1,1,1,https://admission.ku.ac.th/
10020104212301A,A0900,,โอลิมปิกวิชาการ (รอบ 1.1),portfolio,2026,9,,0,1,1,1,https://admission.ku.ac.th/
10020104212301A,A3200,,พัฒนาเครือข่ายองค์กรแห่งการเรียนรู้ด้านวิทยาศาสตร์สู่การต่อยอดระดับสากล,portfolio,2026,36,,0,1,1,1,https://admission.ku.ac.th/
10020104212301A,B1100,,นักเรียนดีเด่นจากโรงเรียนสาธิตแห่ง มก.,quota,2026,2,,,1,1,1,https://admission.ku.ac.th/
10020104212301A,B1300,,เพชรนนทรี,quota,2026,2,,,1,1,1,https://admission.ku.ac.th/
10020104212301A,B1400,,ลูกพระพิรุณ,quota,2026,1,,,1,1,1,https://admission.ku.ac.th/
10020104212301A,B1600,,โควตาพิเศษ 30 จังหวัด,quota,2026,15,,,1,1,1,https://admission.ku.ac.th/
10020104212301A,B2300,,โครงการความร่วมมือ,quota,2026,10,,,1,1,1,https://admission.ku.ac.th/
10020104212301A,B3600,,โควตา 6 จังหวัดชายฝั่งทะเลอันดามัน,quota,2026,5,,,1,1,1,https://admission.ku.ac.th/
10020104212301A,C2800,,Admission,admission,2026,36,,0,1,2,2,https://admission.ku.ac.th/
10020104212501A,A0100,,ช้างเผือก (รอบ 1.1),portfolio,2026,10,,0,1,1,1,https://admission.ku.ac.th/
10020104212501A,A0101,,ช้างเผือก (รอบ 1.2),portfolio,2026,10,,0,1,1,1,https://admission.ku.ac.th/
10020104212501A,A0200,,เรียนล่วงหน้า,portfolio,2026,5,,0,1,1,1,https://admission.ku.ac.th/
10020104212501A,A0800,,ส่งเสริมผู้มีความสามารถพิเศษทางวิทยาศาสตร์และเทคโนโลยี (พสวท.),portfolio,2026,14,,0,1,1,1,https://admission.ku.ac.th/
10020104212501A,A0900,,โอลิมปิกวิชาการ (รอบ 1.1),portfolio,2026,2,,0,1,1,1,https://admission.ku.ac.th/
10020104212501A,A3200,,พัฒนาเครือข่ายองค์กรแห่งการเรียนรู้ด้านวิทยาศาสตร์สู่การต่อยอดระดับสากล,portfolio,2026,36,,0,1,1,1,https://admission.ku.ac.th/
10020104212501A,B1100,,นักเรียนดีเด่นจากโรงเรียนสาธิตแห่ง มก.,quota,2026,1,,,1,1,1,https://admission.ku.ac.th/
10020104212501A,B1200,,เมล็ดพันธุ์สู่ศาสตร์แห่งแผ่นดิน,quota,2026,1,,,1,1,1,https://admission.ku.ac.th/
10020104212501A,B1300,,เพชรนนทรี,quota,2026,1,,,1,1,1,https://admission.ku.ac.th/
10020104212501A,B1400,,ลูกพระพิรุณ,quota,2026,1,,,1,1,1,https://admission.ku.ac.th/
10020104212501A,B1600,,โควตาพิเศษ 30 จังหวัด,quota,2026,1,,,1,1,1,https://admission.ku.ac.th/
10020104212501A,B2300,,โครงการความร่วมมือ,quota,2026,1,,,1,1,1,https://admission.ku.ac.th/
10020104212501A,C2800,,Admission,admission,2026,25,,0,1,2,2,https://admission.ku.ac.th/
10020104212601A,A0100,,ช้างเผือก (รอบ 1.1),portfolio,2026,10,,0,1,1,1,https://admission.ku.ac.th/
10020104212601A,A0101,,ช้างเผือก (รอบ 1.2),portfolio,2026,10,,0,1,1,1,https://admission.ku.ac.th/
10020104212601A,A0200,,เรียนล่วงหน้า,portfolio,2026,10,,0,1,1,1,https://admission.ku.ac.th/
10020104212601A,A0800,,ส่งเสริมผู้มีความสามารถพิเศษทางวิทยาศาสตร์และเทคโนโลยี (พสวท.),portfolio,2026,14,,0,1,1,1,https://admission.ku.ac.th/
10020104212601A,A0900,,โอลิมปิกวิชาการ (รอบ 1.1),portfolio,2026,5,,0,1,1,1,https://admission.ku.ac.th/
10020104212601A,A1800,,โควตาศิลปวัฒนธรรมและซอฟต์พาวเวอร์,portfolio,2026,1,,0,1,1,1,https://admission.ku.ac.th/
10020104212601A,A3200,,พัฒนาเครือข่ายองค์กรแห่งการเรียนรู้ด้านวิทยาศาสตร์สู่การต่อยอดระดับสากล,portfolio,2026,36,,0,1,1,1,https://admission.ku.ac.th/
10020104212601A,B1100,,นักเรียนดีเด่นจากโรงเรียนสาธิตแห่ง มก.,quota,2026,1,,,1,1,1,https://admission.ku.ac.th/
10020104212601A,B1200,,เมล็ดพันธุ์สู่ศาสตร์แห่งแผ่นดิน,quota,2026,1,,,1,1,1,https://admission.ku.ac.th/
10020104212601A,B1300,,เพชรนนทรี,quota,2026,1,,,1,1,1,https://admission.ku.ac.th/
10020104212601A,B1400,,ลูกพระพิรุณ,quota,2026,1,,,1,1,1,https://admission.ku.ac.th/
10020104212601A,B1600,,โควตาพิเศษ 30 จังหวัด,quota,2026,1,,,1,1,1,https://admission.ku.ac.th/
10020104212601A,B2300,,โครงการความร่วมมือ,quota,2026,1,,,1,1,1,https://admission.ku.ac.th/
10020104212601A,B3600,,โควตา 6 จังหวัดชายฝั่งทะเลอันดามัน,quota,2026,1,,,1,1,1,https://admission.ku.ac.th/
10020104212601A,C2800,,Admission,admission,2026,47,,0,1,2,2,https://admission.ku.ac.th/
10020104212701A,A0100,,ช้างเผือก (รอบ 1.1),portfolio,2026,20,,0,1,1,1,https://admission.ku.ac.th/
10020104212701A,A0200,,เรียนล่วงหน้า,portfolio,2026,5,,0,1,1,1,https://admission.ku.ac.th/
10020104212701A,A0800,,ส่งเสริมผู้มีความสามารถพิเศษทางวิทยาศาสตร์และเทคโนโลยี (พสวท.),portfolio,2026,14,,0,1,1,1,https://admission.ku.ac.th/
10020104212701A,A0900,,โอลิมปิกวิชาการ (รอบ 1.1),portfolio,2026,2,,0,1,1,1,https://admission.ku.ac.th/
10020104212701A,A1800,,โควตาศิลปวัฒนธรรมและซอฟต์พาวเวอร์,portfolio,2026,1,,0,1,1,1,https://admission.ku.ac.th/
10020104212701A,A3200,,พัฒนาเครือข่ายองค์กรแห่งการเรียนรู้ด้านวิทยาศาสตร์สู่การต่อยอดระดับสากล,portfolio,2026,36,,0,1,1,1,https://admission.ku.ac.th/
10020104212701A,A3300,,สควค. ระยะที่ 4,portfolio,2026,1,,0,1,1,1,https://admission.ku.ac.th/
10020104212701A,B1100,,นักเรียนดีเด่นจากโรงเรียนสาธิตแห่ง มก.,quota,2026,2,,,1,1,1,https://admission.ku.ac.th/
10020104212701A,B1200,,เมล็ดพันธุ์สู่ศาสตร์แห่งแผ่นดิน,quota,2026,1,,,1,1,1,https://admission.ku.ac.th/
10020104212701A,B1300,,เพชรนนทรี,quota,2026,5,,,1,1,1,https://admission.ku.ac.th/
10020104212701A,B1400,,ลูกพระพิรุณ,quota,2026,1,,,1,1,1,https://admission.ku.ac.th/
10020104212701A,B1600,,โควตาพิเศษ 30 จังหวัด,quota,2026,2,,,1,1,1,https://admission.ku.ac.th/
10020104212701A,B1700,,โควตานักกีฬาดีเด่นฯ,quota,2026,1,,,1,1,1,https://admission.ku.ac.th/
10020104212701A,B2300,,โครงการความร่วมมือ,quota,2026,1,,,1,1,1,https://admission.ku.ac.th/
10020104212701A,C2800,,Admission,admission,2026,40,,0,1,1,1,https://admission.ku.ac.th/
10020104212702A,A0101,,ช้างเผือก (รอบ 1.2),portfolio,2026,10,,0,1,1,1,https://admission.ku.ac.th/
10020104212702A,A0200,,เรียนล่วงหน้า,portfolio,2026,2,,0,1,1,1,https://admission.ku.ac.th/
10020104212702A,A0800,,ส่งเสริมผู้มีความสามารถพิเศษทางวิทยาศาสตร์และเทคโนโลยี (พสวท.),portfolio,2026,14,,0,1,1,1,https://admission.ku.ac.th/
10020104212702A,A3200,,พัฒนาเครือข่ายองค์กรแห่งการเรียนรู้ด้านวิทยาศาสตร์สู่การต่อยอดระดับสากล,portfolio,2026,36,,0,1,1,1,https://admission.ku.ac.th/
10020104212702A,B1100,,นักเรียนดีเด่นจากโรงเรียนสาธิตแห่ง มก.,quota,2026,2,,,1,1,1,https://admission.ku.ac.th/
10020104212702A,B1300,,เพชรนนทรี,quota,2026,5,,,1,1,1,https://admission.ku.ac.th/
10020104212702A,B1400,,ลูกพระพิรุณ,quota,2026,2,,,1,1,1,https://admission.ku.ac.th/
10020104212702A,B1600,,โควตาพิเศษ 30 จังหวัด,quota,2026,10,,,1,1,1,https://admission.ku.ac.th/
10020104212702A,B3600,,โควตา 6 จังหวัดชายฝั่งทะเลอันดามัน,quota,2026,5,,,1,1,1,https://admission.ku.ac.th/
10020104212702A,C2800,,Admission,admission,2026,35,,0,1,2,2,https://admission.ku.ac.th/
10020104213301A,A0100,,ช้างเผือก (รอบ 1.1),portfolio,2026,15,,0,1,1,1,https://admission.ku.ac.th/
10020104213301A,A0200,,เรียนล่วงหน้า,portfolio,2026,4,,0,1,1,1,https://admission.ku.ac.th/
10020104213301A,A0800,,ส่งเสริมผู้มีความสามารถพิเศษทางวิทยาศาสตร์และเทคโนโลยี (พสวท.),portfolio,2026,14,,0,1,1,1,https://admission.ku.ac.th/
10020104213301A,A0900,,โอลิมปิกวิชาการ (รอบ 1.1),portfolio,2026,2,,0,1,1,1,https://admission.ku.ac.th/
10020104213301A,A3200,,พัฒนาเครือข่ายองค์กรแห่งการเรียนรู้ด้านวิทยาศาสตร์สู่การต่อยอดระดับสากล,portfolio,2026,36,,0,1,1,1,https://admission.ku.ac.th/
10020104213301A,B1100,,นักเรียนดีเด่นจากโรงเรียนสาธิตแห่ง มก.,quota,2026,2,,,1,1,1,https://admission.ku.ac.th/
10020104213301A,B1200,,เมล็ดพันธุ์สู่ศาสตร์แห่งแผ่นดิน,quota,2026,2,,,1,1,1,https://admission.ku.ac.th/
10020104213301A,B1300,,เพชรนนทรี,quota,2026,2,,,1,1,1,https://admission.ku.ac.th/
10020104213301A,B1400,,ลูกพระพิรุณ,quota,2026,2,,,1,1,1,https://admission.ku.ac.th/
10020104213301A,B1600,,โควตาพิเศษ 30 จังหวัด,quota,2026,10,,,1,1,1,https://admission.ku.ac.th/
10020104213301A,B2300,,โครงการความร่วมมือ,quota,2026,2,,,1,1,1,https://admission.ku.ac.th/
10020104213301A,B3600,,โควตา 6 จังหวัดชายฝั่งทะเลอันดามัน,quota,2026,2,,,1,1,1,https://admission.ku.ac.th/
10020104213301A,C2800,,Admission,admission,2026,20,,0,1,2,2,https://admission.ku.ac.th/
10020104213301B,A0100,,ช้างเผือก (รอบ 1.1),portfolio,2026,15,,0,1,1,1,https://admission.ku.ac.th/
10020104213301B,A3200,,พัฒนาเครือข่ายองค์กรแห่งการเรียนรู้ด้านวิทยาศาสตร์สู่การต่อยอดระดับสากล,portfolio,2026,36,,0,1,1,1,https://admission.ku.ac.th/
10020104213301B,B1100,,นักเรียนดีเด่นจากโรงเรียนสาธิตแห่ง มก.,quota,2026,5,,,1,1,1,https://admission.ku.ac.th/
10020104213301B,B1600,,โควตาพิเศษ 30 จังหวัด,quota,2026,5,,,1,1,1,https://admission.ku.ac.th/
10020104213301B,B2300,,โครงการความร่วมมือ,quota,2026,5,,,1,1,1,https://admission.ku.ac.th/
10020104213301B,C2800,,Admission,admission,2026,65,,0,1,2,2,https://admission.ku.ac.th/
10020104213601E,A0100,,ช้างเผือก (รอบ 1.1),portfolio,2026,10,,0,1,1,1,https://admission.ku.ac.th/
10020104213601E,A0101,,ช้างเผือก (รอบ 1.2),portfolio,2026,10,,0,1,1,1,https://admission.ku.ac.th/
10020104213601E,A0200,,เรียนล่วงหน้า,portfolio,2026,3,,0,1,1,1,https://admission.ku.ac.th/
10020104213601E,A0300,,หลักสูตรนานาชาติและหลักสูตรภาษาอังกฤษ (รอบ 1.1),portfolio,2026,15,,0,1,1,1,https://admission.ku.ac.th/
10020104213601E,A0301,,หลักสูตรนานาชาติและหลักสูตรภาษาอังกฤษ (รอบ 1.2),portfolio,2026,15,,0,1,1,1,https://admission.ku.ac.th/
10020104213601E,A3200,,พัฒนาเครือข่ายองค์กรแห่งการเรียนรู้ด้านวิทยาศาสตร์สู่การต่อยอดระดับสากล,portfolio,2026,36,,0,1,1,1,https://admission.ku.ac.th/
10020104213601E,B1100,,นักเรียนดีเด่นจากโรงเรียนสาธิตแห่ง มก.,quota,2026,5,,,1,1,1,https://admission.ku.ac.th/
10020104213601E,B1400,,ลูกพระพิรุณ,quota,2026,5,,,1,1,1,https://admission.ku.ac.th/
10020104213601E,B1600,,โควตาพิเศษ 30 จังหวัด,quota,2026,5,,,1,1,1,https://admission.ku.ac.th/
10020104213601E,B2300,,โครงการความร่วมมือ,quota,2026,5,,,1,1,1,https://admission.ku.ac.th/
10020104213601E,B3400,,โครงการรับนิสิตพิเศษ,quota,2026,3,,,1,1,1,https://admission.ku.ac.th/
10020104213601E,B5000,,หลักสูตรนานาชาติและหลักสูตรภาษาอังกฤษ (รอบ 2),quota,2026,10,,,1,1,1,https://admission.ku.ac.th/
10020104213601E,C2800,,Admission,admission,2026,20,,0,1,1,1,https://admission.ku.ac.th/
10020104220201A,A0100,,ช้างเผือก (รอบ 1.1),portfolio,2026,17,,0,1,1,1,https://admission.ku.ac.th/
10020104220201A,A0200,,เรียนล่วงหน้า,portfolio,2026,5,,0,1,1,1,https://admission.ku.ac.th/
10020104220201A,A0400,,รับนักกีฬาดีเด่น,portfolio,2026,1,,0,1,1,1,https://admission.ku.ac.th/
10020104220201A,A0800,,ส่งเสริมผู้มีความสามารถพิเศษทางวิทยาศาสตร์และเทคโนโลยี (พสวท.),portfolio,2026,14,,0,1,1,1,https://admission.ku.ac.th/
10020104220201A,A0900,,โอลิมปิกวิชาการ (รอบ 1.1),portfolio,2026,3,,0,1,1,1,https://admission.ku.ac.th/
10020104220201A,A3200,,พัฒนาเครือข่ายองค์กรแห่งการเรียนรู้ด้านวิทยาศาสตร์สู่การต่อยอดระดับสากล,portfolio,2026,36,,0,1,1,1,https://admission.ku.ac.th/
10020104220201A,B1100,,นักเรียนดีเด่นจากโรงเรียนสาธิตแห่ง มก.,quota,2026,3,,,1,1,1,https://admission.ku.ac.th/
10020104220201A,B1300,,เพชรนนทรี,quota,2026,3,,,1,1,1,https://admission.ku.ac.th/
10020104220201A,B1700,,โควตานักกีฬาดีเด่นฯ,quota,2026,1,,,1,1,1,https://admission.ku.ac.th/
10020104220201A,B2300,,โครงการความร่วมมือ,quota,2026,10,,,1,1,1,https://admission.ku.ac.th/
10020104220201A,B3400,,โครงการรับนิสิตพิเศษ,quota,2026,1,,,1,1,1,https://admission.ku.ac.th/
10020104220201A,B3600,,โควตา 6 จังหวัดชายฝั่งทะเลอันดามัน,quota,2026,1,,,1,1,1,https://admission.ku.ac.th/
10020104220201A,C2800,,Admission,admission,2026,23,,0,1,1,1,https://admission.ku.ac.th/
10020104220201B,A0100,,ช้างเผือก (รอบ 1.1),portfolio,2026,22,,0,1,1,1,https://admission.ku.ac.th/
10020104220201B,B1300,,เพชรนนทรี,quota,2026,4,,,1,1,1,https://admission.ku.ac.th/
10020104220201B,B1400,,ลูกพระพิรุณ,quota,2026,2,,,1,1,1,https://admission.ku.ac.th/
10020104220201B,B1600,,โควตาพิเศษ 30 จังหวัด,quota,2026,7,,,1,1,1,https://admission.ku.ac.th/
10020104220201B,B2300,,โครงการความร่วมมือ,quota,2026,4,,,1,1,1,https://admission.ku.ac.th/
10020104220201B,C2800,,Admission,admission,2026,67,,0,1,1,1,https://admission.ku.ac.th/
10020105300501A,A0100,,ช้างเผือก (รอบ 1.1),portfolio,2026,20,,0,1,1,1,https://admission.ku.ac.th/
10020105300501A,A0200,,เรียนล่วงหน้า,portfolio,2026,5,,0,1,1,1,https://admission.ku.ac.th/
10020105300501A,A0400,,รับนักกีฬาดีเด่น,portfolio,2026,1,,0,1,1,1,https://admission.ku.ac.th/
10020105300501A,A0901,,โอลิมปิกวิชาการ (รอบ 1.2),portfolio,2026,10,,0,1,1,1,https://admission.ku.ac.th/
10020105300501A,A1800,,โควตาศิลปวัฒนธรรมและซอฟต์พาวเวอร์,portfolio,2026,4,,0,1,1,1,https://admission.ku.ac.th/
10020105300501A,B1100,,นักเรียนดีเด่นจากโรงเรียนสาธิตแห่ง มก.,quota,2026,5,,,1,1,1,https://admission.ku.ac.th/
10020105300501A,B1600,,โควตาพิเศษ 30 จังหวัด,quota,2026,5,,,1,1,1,https://admission.ku.ac.th/
10020105300501A,B3400,,โครงการรับนิสิตพิเศษ,quota,2026,1,,,1,1,1,https://admission.ku.ac.th/
10020105300501A,B3600,,โควตา 6 จังหวัดชายฝั่งทะเลอันดามัน,quota,2026,2,,,1,1,1,https://admission.ku.ac.th/
10020105300501A,C2800,,Admission,admission,2026,35,,0,1,1,1,https://admission.ku.ac.th/
10020105300601A,A0101,,ช้างเผือก (รอบ 1.2),portfolio,2026,20,,0,1,1,1,https://admission.ku.ac.th/
10020105300601A,A0200,,เรียนล่วงหน้า,portfolio,2026,5,,0,1,1,1,https://admission.ku.ac.th/
10020105300601A,A0400,,รับนักกีฬาดีเด่น,portfolio,2026,1,,0,1,1,1,https://admission.ku.ac.th/
10020105300601A,A0900,,โอลิมปิกวิชาการ (รอบ 1.1),portfolio,2026,2,,0,1,1,1,https://admission.ku.ac.th/
10020105300601A,A0901,,โอลิมปิกวิชาการ (รอบ 1.2),portfolio,2026,5,,0,1,1,1,https://admission.ku.ac.th/
10020105300601A,A1800,,โควตาศิลปวัฒนธรรมและซอฟต์พาวเวอร์,portfolio,2026,4,,0,1,1,1,https://admission.ku.ac.th/
10020105300601A,B1100,,นักเรียนดีเด่นจากโรงเรียนสาธิตแห่ง มก.,quota,2026,3,,,1,1,1,https://admission.ku.ac.th/
10020105300601A,B1300,,เพชรนนทรี,quota,2026,2,,,1,1,1,https://admission.ku.ac.th/
10020105300601A,B1400,,ลูกพระพิรุณ,quota,2026,1,,,1,1,1,https://admission.ku.ac.th/
10020105300601A,B1600,,โควตาพิเศษ 30 จังหวัด,quota,2026,10,,,1,1,1,https://admission.ku.ac.th/
10020105300601A,B2300,,โครงการความร่วมมือ,quota,2026,2,,,1,1,1,https://admission.ku.ac.th/
10020105300601A,B3600,,โควตา 6 จังหวัดชายฝั่งทะเลอันดามัน,quota,2026,2,,,1,1,1,https://admission.ku.ac.th/
10020105300601A,C2800,,Admission,admission,2026,21,,0,1,1,1,https://admission.ku.ac.th/
10020105300601B,A0101,,ช้างเผือก (รอบ 1.2),portfolio,2026,20,,0,1,1,1,https://admission.ku.ac.th/
10020105300601B,B1100,,นักเรียนดีเด่นจากโรงเรียนสาธิตแห่ง มก.,quota,2026,3,,,1,1,1,https://admission.ku.ac.th/
10020105300601B,B1300,,เพชรนนทรี,quota,2026,7,,,1,1,1,https://admission.ku.ac.th/
10020105300601B,B1400,,ลูกพระพิรุณ,quota,2026,3,,,1,1,1,https://admission.ku.ac.th/
10020105300601B,B2300,,โครงการความร่วมมือ,quota,2026,6,,,1,1,1,https://admission.ku.ac.th/
10020105300601B,C2800,,Admission,admission,2026,44,,0,1,1,1,https://admission.ku.ac.th/
10020105300701A,A0100,,ช้างเผือก (รอบ 1.1),portfolio,2026,10,,0,1,1,1,https://admission.ku.ac.th/
10020105300701A,A0101,,ช้างเผือก (รอบ 1.2),portfolio,2026,10,,0,1,1,1,https://admission.ku.ac.th/
10020105300701A,A0200,,เรียนล่วงหน้า,portfolio,2026,5,,0,1,1,1,https://admission.ku.ac.th/
10020105300701A,A0400,,รับนักกีฬาดีเด่น,portfolio,2026,1,,0,1,1,1,https://admission.ku.ac.th/
10020105300701A,A0901,,โอลิมปิกวิชาการ (รอบ 1.2),portfolio,2026,4,,0,1,1,1,https://admission.ku.ac.th/
10020105300701A,A1800,,โควตาศิลปวัฒนธรรมและซอฟต์พาวเวอร์,portfolio,2026,4,,0,1,1,1,https://admission.ku.ac.th/
10020105300701A,B1100,,นักเรียนดีเด่นจากโรงเรียนสาธิตแห่ง มก.,quota,2026,3,,,1,1,1,https://admission.ku.ac.th/
10020105300701A,B1300,,เพชรนนทรี,quota,2026,5,,,1,1,1,https://admission.ku.ac.th/
10020105300701A,B1400,,ลูกพระพิรุณ,quota,2026,5,,,1,1,1,https://admission.ku.ac.th/
10020105300701A,B1600,,โควตาพิเศษ 30 จังหวัด,quota,2026,10,,,1,1,1,https://admission.ku.ac.th/
10020105300701A,B2300,,โครงการความร่วมมือ,quota,2026,3,,,1,1,1,https://admission.ku.ac.th/
10020105300701A,B3600,,โควตา 6 จังหวัดชายฝั่งทะเลอันดามัน,quota,2026,2,,,1,1,1,https://admission.ku.ac.th/
10020105300701A,C2800,,Admission,admission,2026,10,,0,1,1,1,https://admission.ku.ac.th/
10020105300701B,A0100,,ช้างเผือก (รอบ 1.1),portfolio,2026,5,,0,1,1,1,https://admission.ku.ac.th/
10020105300701B,A0101,,ช้างเผือก (รอบ 1.2),portfolio,2026,20,,0,1,1,1,https://admission.ku.ac.th/
10020105300701B,B1100,,นักเรียนดีเด่นจากโรงเรียนสาธิตแห่ง มก.,quota,2026,3,,,1,1,1,https://admission.ku.ac.th/
10020105300701B,B1300,,เพชรนนทรี,quota,2026,5,,,1,1,1,https://admission.ku.ac.th/
10020105300701B,B1400,,ลูกพระพิรุณ,quota,2026,5,,,1,1,1,https://admission.ku.ac.th/
10020105300701B,B2300,,โครงการความร่วมมือ,quota,2026,2,,,1,1,1,https://admission.ku.ac.th/
10020105300701B,C2800,,Admission,admission,2026,25,,0,1,1,1,https://admission.ku.ac.th/
10020105300701E,A0300,,หลักสูตรนานาชาติและหลักสูตรภาษาอังกฤษ (รอบ 1.1),portfolio,2026,15,,0,1,1,1,https://admission.ku.ac.th/
10020105300701E,A0301,,หลักสูตรนานาชาติและหลักสูตรภาษาอังกฤษ (รอบ 1.2),portfolio,2026,15,,0,1,1,1,https://admission.ku.ac.th/
10020105300701E,B1100,,นักเรียนดีเด่นจากโรงเรียนสาธิตแห่ง มก.,quota,2026,2,,,1,1,1,https://admission.ku.ac.th/
10020105300701E,B1400,,ลูกพระพิรุณ,quota,2026,2,,,1,1,1,https://admission.ku.ac.th/
10020105300701E,B2300,,โครงการความร่วมมือ,quota,2026,2,,,1,1,1,https://admission.ku.ac.th/
10020105300701E,B5000,,หลักสูตรนานาชาติและหลักสูตรภาษาอังกฤษ (รอบ 2),quota,2026,4,,,1,1,1,https://admission.ku.ac.th/
10020105300701E,C2800,,Admission,admission,2026,25,,0,1,1,1,https://admission.ku.ac.th/
10020105301001E,A0300,,หลักสูตรนานาชาติและหลักสูตรภาษาอังกฤษ (รอบ 1.1),portfolio,2026,15,,0,1,1,1,https://admission.ku.ac.th/
10020105301001E,A0301,,หลักสูตรนานาชาติและหลักสูตรภาษาอังกฤษ (รอบ 1.2),portfolio,2026,15,,0,1,1,1,https://admission.ku.ac.th/
10020105301001E,A0900,,โอลิมปิกวิชาการ (รอบ 1.1),portfolio,2026,4,,0,1,1,1,https://admission.ku.ac.th/
10020105301001E,A0901,,โอลิมปิกวิชาการ (รอบ 1.2),portfolio,2026,4,,0,1,1,1,https://admission.ku.ac.th/
10020105301001E,B1100,,นักเรียนดีเด่นจากโรงเรียนสาธิตแห่ง มก.,quota,2026,2,,,1,1,1,https://admission.ku.ac.th/
10020105301001E,B2300,,โครงการความร่วมมือ,quota,2026,3,,,1,1,1,https://admission.ku.ac.th/
10020105301001E,B5000,,หลักสูตรนานาชาติและหลักสูตรภาษาอังกฤษ (รอบ 2),quota,2026,19,,,1,1,1,https://admission.ku.ac.th/
10020105301001E,C2800,,Admission,admission,2026,30,,0,1,1,1,https://admission.ku.ac.th/
10020105301601A,A0100,,ช้างเผือก (รอบ 1.1),portfolio,2026,10,,0,1,1,1,https://admission.ku.ac.th/
10020105301601A,A0101,,ช้างเผือก (รอบ 1.2),portfolio,2026,22,,0,1,1,1,https://admission.ku.ac.th/
10020105301601A,A0200,,เรียนล่วงหน้า,portfolio,2026,10,,0,1,1,1,https://admission.ku.ac.th/
10020105301601A,A0400,,รับนักกีฬาดีเด่น,portfolio,2026,1,,0,1,1,1,https://admission.ku.ac.th/
10020105301601A,A0901,,โอลิมปิกวิชาการ (รอบ 1.2),portfolio,2026,5,,0,1,1,1,https://admission.ku.ac.th/
10020105301601A,A1800,,โควตาศิลปวัฒนธรรมและซอฟต์พาวเวอร์,portfolio,2026,4,,0,1,1,1,https://admission.ku.ac.th/
10020105301601A,B1100,,นักเรียนดีเด่นจากโรงเรียนสาธิตแห่ง มก.,quota,2026,4,,,1,1,1,https://admission.ku.ac.th/
10020105301601A,B1300,,เพชรนนทรี,quota,2026,15,,,1,1,1,https://admission.ku.ac.th/
10020105301601A,B1400,,ลูกพระพิรุณ,quota,2026,2,,,1,1,1,https://admission.ku.ac.th/
10020105301601A,B1600,,โควตาพิเศษ 30 จังหวัด,quota,2026,4,,,1,1,1,https://admission.ku.ac.th/
10020105301601A,B2300,,โครงการความร่วมมือ,quota,2026,3,,,1,1,1,https://admission.ku.ac.th/
10020105301601A,B3600,,โควตา 6 จังหวัดชายฝั่งทะเลอันดามัน,quota,2026,2,,,1,1,1,https://admission.ku.ac.th/
10020105301601A,C2800,,Admission,admission,2026,20,,0,1,1,1,https://admission.ku.ac.th/
10020105301601B,A0101,,ช้างเผือก (รอบ 1.2),portfolio,2026,20,,0,1,1,1,https://admission.ku.ac.th/
10020105301601B,B1100,,นักเรียนดีเด่นจากโรงเรียนสาธิตแห่ง มก.,quota,2026,3,,,1,1,1,https://admission.ku.ac.th/
10020105301601B,B1300,,เพชรนนทรี,quota,2026,15,,,1,1,1,https://admission.ku.ac.th/
10020105301601B,B1400,,ลูกพระพิรุณ,quota,2026,2,,,1,1,1,https://admission.ku.ac.th/
10020105301601B,B2300,,โครงการความร่วมมือ,quota,2026,5,,,1,1,1,https://admission.ku.ac.th/
10020105301601B,C2800,,Admission,admission,2026,30,,0,1,1,1,https://admission.ku.ac.th/
10020105301601D,A0300,,หลักสูตรนานาชาติและหลักสูตรภาษาอังกฤษ (รอบ 1.1),portfolio,2026,10,,0,1,1,1,https://admission.ku.ac.th/
10020105301601D,A0301,,หลักสูตรนานาชาติและหลักสูตรภาษาอังกฤษ (รอบ 1.2),portfolio,2026,10,,0,1,1,1,https://admission.ku.ac.th/
10020105301601D,B1400,,ลูกพระพิรุณ,quota,2026,2,,,1,1,1,https://admission.ku.ac.th/
10020105301601D,B2300,,โครงการความร่วมมือ,quota,2026,3,,,1,1,1,https://admission.ku.ac.th/
10020105301601D,B5000,,หลักสูตรนานาชาติและหลักสูตรภาษาอังกฤษ (รอบ 2),quota,2026,5,,,1,1,1,https://admission.ku.ac.th/
10020105301601D,C2800,,Admission,admission,2026,25,,0,1,1,1,https://admission.ku.ac.th/
10020105301901A,A0100,,ช้างเผือก (รอบ 1.1),portfolio,2026,7,,0,1,1,1,https://admission.ku.ac.th/
10020105301901A,A0101,,ช้างเผือก (รอบ 1.2),portfolio,2026,7,,0,1,1,1,https://admission.ku.ac.th/
10020105301901A,A0200,,เรียนล่วงหน้า,portfolio,2026,5,,0,1,1,1,https://admission.ku.ac.th/
10020105301901A,A0400,,รับนักกีฬาดีเด่น,portfolio,2026,1,,0,1,1,1,https://admission.ku.ac.th/
10020105301901A,A1800,,โควตาศิลปวัฒนธรรมและซอฟต์พาวเวอร์,portfolio,2026,4,,0,1,1,1,https://admission.ku.ac.th/
10020105301901A,B1100,,นักเรียนดีเด่นจากโรงเรียนสาธิตแห่ง มก.,quota,2026,2,,,1,1,1,https://admission.ku.ac.th/
10020105301901A,B1300,,เพชรนนทรี,quota,2026,2,,,1,1,1,https://admission.ku.ac.th/
10020105301901A,B1400,,ลูกพระพิรุณ,quota,2026,2,,,1,1,1,https://admission.ku.ac.th/
10020105301901A,B1600,,โควตาพิเศษ 30 จังหวัด,quota,2026,2,,,1,1,1,https://admission.ku.ac.th/
10020105301901A,B2300,,โครงการความร่วมมือ,quota,2026,2,,,1,1,1,https://admission.ku.ac.th/
10020105301901A,B3600,,โควตา 6 จังหวัดชายฝั่งทะเลอันดามัน,quota,2026,2,,,1,1,1,https://admission.ku.ac.th/
10020105301901A,C2800,,Admission,admission,2026,5,,0,1,1,1,https://admission.ku.ac.th/
10020105301901B,A0100,,ช้างเผือก (รอบ 1.1),portfolio,2026,2,,0,1,1,1,https://admission.ku.ac.th/
10020105301901B,A0101,,ช้างเผือก (รอบ 1.2),portfolio,2026,3,,0,1,1,1,https://admission.ku.ac.th/
10020105301901B,B1100,,นักเรียนดีเด่นจากโรงเรียนสาธิตแห่ง มก.,quota,2026,2,,,1,1,1,https://admission.ku.ac.th/
10020105301901B,B1300,,เพชรนนทรี,quota,2026,10,,,1,1,1,https://admission.ku.ac.th/
10020105301901B,B1400,,ลูกพระพิรุณ,quota,2026,3,,,1,1,1,https://admission.ku.ac.th/
10020105301901B,B2300,,โครงการความร่วมมือ,quota,2026,5,,,1,1,1,https://admission.ku.ac.th/
10020105301901B,C2800,,Admission,admission,2026,20,,0,1,1,1,https://admission.ku.ac.th/
10020105301902E,A0300,,หลักสูตรนานาชาติและหลักสูตรภาษาอังกฤษ (รอบ 1.1),portfolio,2026,10,,0,1,1,1,https://admission.ku.ac.th/
10020105301902E,A0301,,หลักสูตรนานาชาติและหลักสูตรภาษาอังกฤษ (รอบ 1.2),portfolio,2026,10,,0,1,1,1,https://admission.ku.ac.th/
10020105301902E,B1100,,นักเรียนดีเด่นจากโรงเรียนสาธิตแห่ง มก.,quota,2026,1,,,1,1,1,https://admission.ku.ac.th/
10020105301902E,B1400,,ลูกพระพิรุณ,quota,2026,3,,,1,1,1,https://admission.ku.ac.th/
10020105301902E,B2300,,โครงการความร่วมมือ,quota,2026,3,,,1,1,1,https://admission.ku.ac.th/
10020105301902E,B5000,,หลักสูตรนานาชาติและหลักสูตรภาษาอังกฤษ (รอบ 2),quota,2026,3,,,1,1,1,https://admission.ku.ac.th/
10020105301902E,C2800,,Admission,admission,2026,15,,0,1,1,1,https://admission.ku.ac.th/
10020105302101A,A0100,,ช้างเผือก (รอบ 1.1),portfolio,2026,5,,0,1,1,1,https://admission.ku.ac.th/
10020105302101A,A0101,,ช้างเผือก (รอบ 1.2),portfolio,2026,15,,0,1,1,1,https://admission.ku.ac.th/
10020105302101A,A0200,,เรียนล่วงหน้า,portfolio,2026,5,,0,1,1,1,https://admission.ku.ac.th/
10020105302101A,A0400,,รับนักกีฬาดีเด่น,portfolio,2026,1,,0,1,1,1,https://admission.ku.ac.th/
10020105302101A,A0900,,โอลิมปิกวิชาการ (รอบ 1.1),portfolio,2026,2,,0,1,1,1,https://admission.ku.ac.th/
10020105302101A,A0901,,โอลิมปิกวิชาการ (รอบ 1.2),portfolio,2026,2,,0,1,1,1,https://admission.ku.ac.th/
10020105302101A,A1800,,โควตาศิลปวัฒนธรรมและซอฟต์พาวเวอร์,portfolio,2026,4,,0,1,1,1,https://admission.ku.ac.th/
10020105302101A,B1100,,นักเรียนดีเด่นจากโรงเรียนสาธิตแห่ง มก.,quota,2026,3,,,1,1,1,https://admission.ku.ac.th/
10020105302101A,B1300,,เพชรนนทรี,quota,2026,15,,,1,1,1,https://admission.ku.ac.th/
10020105302101A,B1600,,โควตาพิเศษ 30 จังหวัด,quota,2026,10,,,1,1,1,https://admission.ku.ac.th/
10020105302101A,B2300,,โครงการความร่วมมือ,quota,2026,2,,,1,1,1,https://admission.ku.ac.th/
10020105302101A,B3600,,โควตา 6 จังหวัดชายฝั่งทะเลอันดามัน,quota,2026,2,,,1,1,1,https://admission.ku.ac.th/
10020105302101A,C2800,,Admission,admission,2026,21,,0,1,1,1,https://admission.ku.ac.th/
10020105302101D,A0300,,หลักสูตรนานาชาติและหลักสูตรภาษาอังกฤษ (รอบ 1.1),portfolio,2026,3,,0,1,1,1,https://admission.ku.ac.th/
10020105302101D,A0301,,หลักสูตรนานาชาติและหลักสูตรภาษาอังกฤษ (รอบ 1.2),portfolio,2026,3,,0,1,1,1,https://admission.ku.ac.th/
10020105302101D,A0900,,โอลิมปิกวิชาการ (รอบ 1.1),portfolio,2026,2,,0,1,1,1,https://admission.ku.ac.th/
10020105302101D,A0901,,โอลิมปิกวิชาการ (รอบ 1.2),portfolio,2026,2,,0,1,1,1,https://admission.ku.ac.th/
10020105302101D,B1100,,นักเรียนดีเด่นจากโรงเรียนสาธิตแห่ง มก.,quota,2026,3,,,1,1,1,https://admission.ku.ac.th/
10020105302101D,B1400,,ลูกพระพิรุณ,quota,2026,2,,,1,1,1,https://admission.ku.ac.th/
10020105302101D,B2300,,โครงการความร่วมมือ,quota,2026,2,,,1,1,1,https://admission.ku.ac.th/
10020105302101D,B5000,,หลักสูตรนานาชาติและหลักสูตรภาษาอังกฤษ (รอบ 2),quota,2026,8,,,1,1,1,https://admission.ku.ac.th/
10020105302101D,C2800,,Admission,admission,2026,25,,0,1,1,1,https://admission.ku.ac.th/
10020105302103A,A0100,,ช้างเผือก (รอบ 1.1),portfolio,2026,5,,0,1,1,1,https://admission.ku.ac.th/
10020105302103A,A0101,,ช้างเผือก (รอบ 1.2),portfolio,2026,15,,0,1,1,1,https://admission.ku.ac.th/
10020105302103A,A0200,,เรียนล่วงหน้า,portfolio,2026,5,,0,1,1,1,https://admission.ku.ac.th/
10020105302103A,A0400,,รับนักกีฬาดีเด่น,portfolio,2026,1,,0,1,1,1,https://admission.ku.ac.th/
10020105302103A,A0900,,โอลิมปิกวิชาการ (รอบ 1.1),portfolio,2026,2,,0,1,1,1,https://admission.ku.ac.th/
10020105302103A,A0901,,โอลิมปิกวิชาการ (รอบ 1.2),portfolio,2026,2,,0,1,1,1,https://admission.ku.ac.th/
10020105302103A,A1800,,โควตาศิลปวัฒนธรรมและซอฟต์พาวเวอร์,portfolio,2026,4,,0,1,1,1,https://admission.ku.ac.th/
10020105302103A,B1100,,นักเรียนดีเด่นจากโรงเรียนสาธิตแห่ง มก.,quota,2026,1,,,1,1,1,https://admission.ku.ac.th/
10020105302103A,B1300,,เพชรนนทรี,quota,2026,15,,,1,1,1,https://admission.ku.ac.th/
10020105302103A,B1400,,ลูกพระพิรุณ,quota,2026,1,,,1,1,1,https://admission.ku.ac.th/
10020105302103A,B1600,,โควตาพิเศษ 30 จังหวัด,quota,2026,10,,,1,1,1,https://admission.ku.ac.th/
10020105302103A,B2300,,โครงการความร่วมมือ,quota,2026,1,,,1,1,1,https://admission.ku.ac.th/
10020105302103A,B3600,,โควตา 6 จังหวัดชายฝั่งทะเลอันดามัน,quota,2026,2,,,1,1,1,https://admission.ku.ac.th/
10020105302103A,C2800,,Admission,admission,2026,16,,0,1,1,1,https://admission.ku.ac.th/
10020105302501A,A0101,,ช้างเผือก (รอบ 1.2),portfolio,2026,15,,0,1,1,1,https://admission.ku.ac.th/
10020105302501A,A0200,,เรียนล่วงหน้า,portfolio,2026,5,,0,1,1,1,https://admission.ku.ac.th/
10020105302501A,A0400,,รับนักกีฬาดีเด่น,portfolio,2026,1,,0,1,1,1,https://admission.ku.ac.th/
10020105302501A,A0901,,โอลิมปิกวิชาการ (รอบ 1.2),portfolio,2026,2,,0,1,1,1,https://admission.ku.ac.th/
10020105302501A,A1800,,โควตาศิลปวัฒนธรรมและซอฟต์พาวเวอร์,portfolio,2026,4,,0,1,1,1,https://admission.ku.ac.th/
10020105302501A,B1100,,นักเรียนดีเด่นจากโรงเรียนสาธิตแห่ง มก.,quota,2026,1,,,1,1,1,https://admission.ku.ac.th/
10020105302501A,B1300,,เพชรนนทรี,quota,2026,3,,,1,1,1,https://admission.ku.ac.th/
10020105302501A,B1400,,ลูกพระพิรุณ,quota,2026,1,,,1,1,1,https://admission.ku.ac.th/
10020105302501A,B1600,,โควตาพิเศษ 30 จังหวัด,quota,2026,3,,,1,1,1,https://admission.ku.ac.th/
10020105302501A,B2300,,โครงการความร่วมมือ,quota,2026,1,,,1,1,1,https://admission.ku.ac.th/
10020105302501A,B3600,,โควตา 6 จังหวัดชายฝั่งทะเลอันดามัน,quota,2026,2,,,1,1,1,https://admission.ku.ac.th/
10020105302501A,C2800,,Admission,admission,2026,4,,0,1,1,1,https://admission.ku.ac.th/
10020105302501B,A0101,,ช้างเผือก (รอบ 1.2),portfolio,2026,30,,0,1,1,1,https://admission.ku.ac.th/
10020105302501B,B1100,,นักเรียนดีเด่นจากโรงเรียนสาธิตแห่ง มก.,quota,2026,2,,,1,1,1,https://admission.ku.ac.th/
10020105302501B,B1300,,เพชรนนทรี,quota,2026,6,,,1,1,1,https://admission.ku.ac.th/
10020105302501B,B1400,,ลูกพระพิรุณ,quota,2026,2,,,1,1,1,https://admission.ku.ac.th/
10020105302501B,B2300,,โครงการความร่วมมือ,quota,2026,2,,,1,1,1,https://admission.ku.ac.th/
10020105302501B,C2801,,Admission (วิศวกรรมวัสดุ (ภาคพิเศษ) ใช้คะแนน A-Level ฟิสิกส์ ไม่ใช้ A-Level เคมี),admission,2026,13,,0,1,1,1,https://admission.ku.ac.th/
10020105302501B,C2802,,Admission (วิศวกรรมวัสดุ (ภาคพิเศษ) ใช้คะแนน A-Level เคมี ไม่ใช้ A-Level ฟิสิกส์),admission,2026,13,,0,1,1,1,https://admission.ku.ac.th/
10020105302501B,C2803,,Admission (วิศวกรรมวัสดุ (ภาคพิเศษ) ใช้คะแนน A-Level ฟิสิกส์ และ A-Level เคมี),admission,2026,5,,0,1,1,1,https://admission.ku.ac.th/
10020105302701B,A0100,,ช้างเผือก (รอบ 1.1),portfolio,2026,10,,0,1,1,1,https://admission.ku.ac.th/
10020105302701B,B1100,,นักเรียนดีเด่นจากโรงเรียนสาธิตแห่ง มก.,quota,2026,2,,,1,1,1,https://admission.ku.ac.th/
10020105302701B,B1300,,เพชรนนทรี,quota,2026,2,,,1,1,1,https://admission.ku.ac.th/
10020105302701B,B1400,,ลูกพระพิรุณ,quota,2026,2,,,1,1,1,https://admission.ku.ac.th/
10020105302701B,B2300,,โครงการความร่วมมือ,quota,2026,4,,,1,1,1,https://admission.ku.ac.th/
10020105302701B,C2800,,Admission,admission,2026,34,,0,1,1,1,https://admission.ku.ac.th/
10020105302801A,A0101,,ช้างเผือก (รอบ 1.2),portfolio,2026,15,,0,1,1,1,https://admission.ku.ac.th/
10020105302801A,A0200,,เรียนล่วงหน้า,portfolio,2026,5,,0,1,1,1,https://admission.ku.ac.th/
10020105302801A,A0400,,รับนักกีฬาดีเด่น,portfolio,2026,1,,0,1,1,1,https://admission.ku.ac.th/
10020105302801A,A1800,,โควตาศิลปวัฒนธรรมและซอฟต์พาวเวอร์,portfolio,2026,4,,0,1,1,1,https://admission.ku.ac.th/
10020105302801A,B1100,,นักเรียนดีเด่นจากโรงเรียนสาธิตแห่ง มก.,quota,2026,1,,,1,1,1,https://admission.ku.ac.th/
10020105302801A,B1300,,เพชรนนทรี,quota,2026,10,,,1,1,1,https://admission.ku.ac.th/
10020105302801A,B1600,,โควตาพิเศษ 30 จังหวัด,quota,2026,2,,,1,1,1,https://admission.ku.ac.th/
10020105302801A,B2300,,โครงการความร่วมมือ,quota,2026,2,,,1,1,1,https://admission.ku.ac.th/
10020105302801A,B3600,,โควตา 6 จังหวัดชายฝั่งทะเลอันดามัน,quota,2026,2,,,1,1,1,https://admission.ku.ac.th/
10020105302801A,C2800,,Admission,admission,2026,31,,0,1,1,1,https://admission.ku.ac.th/
10020105302801D,A0300,,หลักสูตรนานาชาติและหลักสูตรภาษาอังกฤษ (รอบ 1.1),portfolio,2026,5,,0,1,1,1,https://admission.ku.ac.th/
10020105302801D,A0301,,หลักสูตรนานาชาติและหลักสูตรภาษาอังกฤษ (รอบ 1.2),portfolio,2026,5,,0,1,1,1,https://admission.ku.ac.th/
10020105302801D,B1100,,นักเรียนดีเด่นจากโรงเรียนสาธิตแห่ง มก.,quota,2026,2,,,1,1,1,https://admission.ku.ac.th/
10020105302801D,B5000,,หลักสูตรนานาชาติและหลักสูตรภาษาอังกฤษ (รอบ 2),quota,2026,13,,,1,1,1,https://admission.ku.ac.th/
10020105302801D,C2800,,Admission,admission,2026,20,,0,1,1,1,https://admission.ku.ac.th/
10020105303201A,A0100,,ช้างเผือก (รอบ 1.1),portfolio,2026,3,,0,1,1,1,https://admission.ku.ac.th/
10020105303201A,A0200,,เรียนล่วงหน้า,portfolio,2026,5,,0,1,1,1,https://admission.ku.ac.th/
10020105303201A,A0400,,รับนักกีฬาดีเด่น,portfolio,2026,1,,0,1,1,1,https://admission.ku.ac.th/
10020105303201A,A0901,,โอลิมปิกวิชาการ (รอบ 1.2),portfolio,2026,5,,0,1,1,1,https://admission.ku.ac.th/
10020105303201A,A1800,,โควตาศิลปวัฒนธรรมและซอฟต์พาวเวอร์,portfolio,2026,4,,0,1,1,1,https://admission.ku.ac.th/
10020105303201A,B1100,,นักเรียนดีเด่นจากโรงเรียนสาธิตแห่ง มก.,quota,2026,2,,,1,1,1,https://admission.ku.ac.th/
10020105303201A,B1600,,โควตาพิเศษ 30 จังหวัด,quota,2026,2,,,1,1,1,https://admission.ku.ac.th/
10020105303201A,B2300,,โครงการความร่วมมือ,quota,2026,3,,,1,1,1,https://admission.ku.ac.th/
10020105303201A,B3600,,โควตา 6 จังหวัดชายฝั่งทะเลอันดามัน,quota,2026,2,,,1,1,1,https://admission.ku.ac.th/
10020105303201A,C2800,,Admission,admission,2026,20,,0,1,1,1,https://admission.ku.ac.th/
10020105303201G,A0300,,หลักสูตรนานาชาติและหลักสูตรภาษาอังกฤษ (รอบ 1.1),portfolio,2026,15,,0,1,1,1,https://admission.ku.ac.th/
10020105303201G,A0901,,โอลิมปิกวิชาการ (รอบ 1.2),portfolio,2026,1,,0,1,1,1,https://admission.ku.ac.th/
10020105303201G,B1100,,นักเรียนดีเด่นจากโรงเรียนสาธิตแห่ง มก.,quota,2026,1,,,1,1,1,https://admission.ku.ac.th/
10020105303201G,B2300,,โครงการความร่วมมือ,quota,2026,3,,,1,1,1,https://admission.ku.ac.th/
10020105303201G,B5000,,หลักสูตรนานาชาติและหลักสูตรภาษาอังกฤษ (รอบ 2),quota,2026,10,,,1,1,1,https://admission.ku.ac.th/
10020105303201G,C2800,,Admission,admission,2026,15,,0,1,1,1,https://admission.ku.ac.th/
10020105303402A,A0101,A,ช้างเผือก (รอบ 1.2),portfolio,2026,15,,0,1,1,1,https://admission.ku.ac.th/
10020105303402A,A0101,B,ช้างเผือก (รอบ 1.2),portfolio,2026,9,,0,1,1,1,https://admission.ku.ac.th/
10020105303402A,A0200,A,เรียนล่วงหน้า,portfolio,2026,3,,0,1,1,1,https://admission.ku.ac.th/
10020105303402A,A0200,B,เรียนล่วงหน้า,portfolio,2026,3,,0,1,1,1,https://admission.ku.ac.th/
10020105303402A,B1100,A,นักเรียนดีเด่นจากโรงเรียนสาธิตแห่ง มก.,quota,2026,1,,,1,1,1,https://admission.ku.ac.th/
10020105303402A,B1100,B,นักเรียนดีเด่นจากโรงเรียนสาธิตแห่ง มก.,quota,2026,1,,,1,1,1,https://admission.ku.ac.th/
10020105303402A,B1300,A,เพชรนนทรี,quota,2026,1,,,1,1,1,https://admission.ku.ac.th/
10020105303402A,B1300,B,เพชรนนทรี,quota,2026,1,,,1,1,1,https://admission.ku.ac.th/
10020105303402A,B3600,A,โควตา 6 จังหวัดชายฝั่งทะเลอันดามัน,quota,2026,2,,,1,1,1,https://admission.ku.ac.th/
10020105303402A,B3600,B,โควตา 6 จังหวัดชายฝั่งทะเลอันดามัน,quota,2026,2,,,1,1,1,https://admission.ku.ac.th/
10020105303402A,C2800,A,Admission,admission,2026,5,,0,1,1,1,https://admission.ku.ac.th/
10020105303402A,C2800,B,Admission,admission,2026,3,,0,1,1,1,https://admission.ku.ac.th/
10020105303501A,A0101,,ช้างเผือก (รอบ 1.2),portfolio,2026,15,,0,1,1,1,https://admission.ku.ac.th/
10020105303501A,A0200,,เรียนล่วงหน้า,portfolio,2026,5,,0,1,1,1,https://admission.ku.ac.th/
10020105303501A,A0400,,รับนักกีฬาดีเด่น,portfolio,2026,1,,0,1,1,1,https://admission.ku.ac.th/
10020105303501A,A0901,,โอลิมปิกวิชาการ (รอบ 1.2),portfolio,2026,4,,0,1,1,1,https://admission.ku.ac.th/
10020105303501A,A1800,,โควตาศิลปวัฒนธรรมและซอฟต์พาวเวอร์,portfolio,2026,4,,0,1,1,1,https://admission.ku.ac.th/
10020105303501A,B1100,,นักเรียนดีเด่นจากโรงเรียนสาธิตแห่ง มก.,quota,2026,2,,,1,1,1,https://admission.ku.ac.th/
10020105303501A,B1300,,เพชรนนทรี,quota,2026,15,,,1,1,1,https://admission.ku.ac.th/
10020105303501A,B1600,,โควตาพิเศษ 30 จังหวัด,quota,2026,5,,,1,1,1,https://admission.ku.ac.th/
10020105303501A,B2300,,โครงการความร่วมมือ,quota,2026,3,,,1,1,1,https://admission.ku.ac.th/
10020105303501A,B3600,,โควตา 6 จังหวัดชายฝั่งทะเลอันดามัน,quota,2026,2,,,1,1,1,https://admission.ku.ac.th/
10020105303501A,C2800,,Admission,admission,2026,30,,0,1,1,1,https://admission.ku.ac.th/
10020105303501B,A0101,,ช้างเผือก (รอบ 1.2),portfolio,2026,15,,0,1,1,1,https://admission.ku.ac.th/
10020105303501B,B1100,,นักเรียนดีเด่นจากโรงเรียนสาธิตแห่ง มก.,quota,2026,2,,,1,1,1,https://admission.ku.ac.th/
10020105303501B,B1300,,เพชรนนทรี,quota,2026,10,,,1,1,1,https://admission.ku.ac.th/
10020105303501B,B2300,,โครงการความร่วมมือ,quota,2026,3,,,1,1,1,https://admission.ku.ac.th/
10020105303501B,C2800,,Admission,admission,2026,30,,0,1,1,1,https://admission.ku.ac.th/
10020105303501D,A0300,,หลักสูตรนานาชาติและหลักสูตรภาษาอังกฤษ (รอบ 1.1),portfolio,2026,5,,0,1,1,1,https://admission.ku.ac.th/
10020105303501D,A0301,,หลักสูตรนานาชาติและหลักสูตรภาษาอังกฤษ (รอบ 1.2),portfolio,2026,5,,0,1,1,1,https://admission.ku.ac.th/
10020105303501D,B1100,,นักเรียนดีเด่นจากโรงเรียนสาธิตแห่ง มก.,quota,2026,2,,,1,1,1,https://admission.ku.ac.th/
10020105303501D,B2300,,โครงการความร่วมมือ,quota,2026,2,,,1,1,1,https://admission.ku.ac.th/
10020105303501D,B5000,,หลักสูตรนานาชาติและหลักสูตรภาษาอังกฤษ (รอบ 2),quota,2026,5,,,1,1,1,https://admission.ku.ac.th/
10020105303501D,C2800,,Admission,admission,2026,20,,0,1,1,1,https://admission.ku.ac.th/
10020105620202B,A0101,,ช้างเผือก (รอบ 1.2),portfolio,2026,20,,0,1,1,1,https://admission.ku.ac.th/
10020105620202B,C2800,,Admission,admission,2026,15,,0,1,1,1,https://admission.ku.ac.th/
10020106700301A,A0101,D,ช้างเผือก (รอบ 1.2),portfolio,2026,12,,0,1,1,1,https://admission.ku.ac.th/
10020106700301A,A0101,I,ช้างเผือก (รอบ 1.2),portfolio,2026,15,,0,1,1,1,https://admission.ku.ac.th/
10020106700301A,A0101,J,ช้างเผือก (รอบ 1.2),portfolio,2026,15,,0,1,1,1,https://admission.ku.ac.th/
10020106700301A,A0101,K,ช้างเผือก (รอบ 1.2),portfolio,2026,10,,0,1,1,1,https://admission.ku.ac.th/
10020106700301A,A0101,M,ช้างเผือก (รอบ 1.2),portfolio,2026,20,,0,1,1,1,https://admission.ku.ac.th/
10020106700301A,A0101,N,ช้างเผือก (รอบ 1.2),portfolio,2026,20,,0,1,1,1,https://admission.ku.ac.th/
10020106700301A,B1100,E,นักเรียนดีเด่นจากโรงเรียนสาธิตแห่ง มก.,quota,2026,2,,,1,1,1,https://admission.ku.ac.th/
10020106700301A,B1100,K,นักเรียนดีเด่นจากโรงเรียนสาธิตแห่ง มก.,quota,2026,2,,,1,1,1,https://admission.ku.ac.th/
10020106700301A,B1300,J,เพชรนนทรี,quota,2026,6,,,1,1,1,https://admission.ku.ac.th/
10020106700301A,B1300,K,เพชรนนทรี,quota,2026,10,,,1,1,1,https://admission.ku.ac.th/
10020106700301A,B1300,M,เพชรนนทรี,quota,2026,5,,,1,1,1,https://admission.ku.ac.th/
10020106700301A,B1400,M,ลูกพระพิรุณ,quota,2026,5,,,1,1,1,https://admission.ku.ac.th/
10020106700301A,B1600,D,โควตาพิเศษ 30 จังหวัด,quota,2026,7,,,1,1,1,https://admission.ku.ac.th/
10020106700301A,B1600,E,โควตาพิเศษ 30 จังหวัด,quota,2026,13,,,1,1,1,https://admission.ku.ac.th/
10020106700301A,B1600,J,โควตาพิเศษ 30 จังหวัด,quota,2026,6,,,1,1,1,https://admission.ku.ac.th/
10020106700301A,B1600,K,โควตาพิเศษ 30 จังหวัด,quota,2026,8,,,1,1,1,https://admission.ku.ac.th/
10020106700301A,B1600,N,โควตาพิเศษ 30 จังหวัด,quota,2026,10,,,1,1,1,https://admission.ku.ac.th/
10020106700301A,C2800,D,Admission,admission,2026,6,,0,1,2,2,https://admission.ku.ac.th/
10020106700301A,C2800,E,Admission,admission,2026,21,,0,1,2,2,https://admission.ku.ac.th/
10020106700301A,C2800,J,Admission,admission,2026,8,,0,1,2,2,https://admission.ku.ac.th/
10020106700301A,C2800,K,Admission,admission,2026,14,,0,1,2,2,https://admission.ku.ac.th/
10020106700301A,C2800,M,Admission,admission,2026,24,,0,1,2,2,https://admission.ku.ac.th/
10020106700301A,C2800,N,Admission,admission,2026,11,,0,1,2,2,https://admission.ku.ac.th/
10020106700301A,C2804,I,Admission (พาณิชยศาสตรศึกษา ใช้คะแนน A-Level),admission,2026,12,,0,1,2,2,https://admission.ku.ac.th/
10020106700301A,C2805,I,Admission (พาณิชยศาสตรศึกษา ใช้คะแนน V-NET),admission,2026,5,,0,2,2,1,https://admission.ku.ac.th/
10020106702801A,A0400,,รับนักกีฬาดีเด่น,portfolio,2026,20,,0,1,1,1,https://admission.ku.ac.th/
10020106702801A,A1800,,โควตาศิลปวัฒนธรรมและซอฟต์พาวเวอร์,portfolio,2026,2,,0,1,1,1,https://admission.ku.ac.th/
10020106702801A,B1100,,นักเรียนดีเด่นจากโรงเรียนสาธิตแห่ง มก.,quota,2026,2,,,1,1,1,https://admission.ku.ac.th/
10020106702801A,B1400,,ลูกพระพิรุณ,quota,2026,3,,,1,1,1,https://admission.ku.ac.th/
10020106702801A,B1600,,โควตาพิเศษ 30 จังหวัด,quota,2026,30,,,1,1,1,https://admission.ku.ac.th/
10020106702801A,B1700,,โควตานักกีฬา,quota,2026,33,,,1,1,1,https://admission.ku.ac.th/
10020106702801A,B2300,,โครงการความร่วมมือ,quota,2026,2,,,1,1,1,https://admission.ku.ac.th/
10020106702801A,C2800,,Admission,admission,2026,18,,0,1,1,1,https://admission.ku.ac.th/
10020106702802A,A0400,,รับนักกีฬาดีเด่น,portfolio,2026,4,,0,1,1,1,https://admission.ku.ac.th/
10020106702802A,A1800,,โควตาศิลปวัฒนธรรมและซอฟต์พาวเวอร์,portfolio,2026,2,,0,1,1,1,https://admission.ku.ac.th/
10020106702802A,B1600,,โควตาพิเศษ 30 จังหวัด,quota,2026,15,,,1,1,1,https://admission.ku.ac.th/
10020106702802A,C2800,,Admission,admission,2026,13,,0,1,2,2,https://admission.ku.ac.th/
10020107611101A,A0101,,ช้างเผือก (รอบ 1.2),portfolio,2026,20,,0,1,1,1,https://admission.ku.ac.th/
10020107611101A,A0200,,เรียนล่วงหน้า,portfolio,2026,5,,0,1,1,1,https://admission.ku.ac.th/
10020107611101A,B1100,,นักเรียนดีเด่นจากโรงเรียนสาธิตแห่ง มก.,quota,2026,1,,,1,1,1,https://admission.ku.ac.th/
10020107611101A,B1200,,เมล็ดพันธุ์สู่ศาสตร์แห่งแผ่นดิน,quota,2026,10,,,1,1,1,https://admission.ku.ac.th/
10020107611101A,B1300,,เพชรนนทรี,quota,2026,20,,,1,1,1,https://admission.ku.ac.th/
10020107611101A,B1600,,โควตาพิเศษ 30 จังหวัด,quota,2026,20,,,1,1,1,https://admission.ku.ac.th/
10020107611101A,B1700,,โควตานักกีฬาดีเด่นฯ,quota,2026,1,,,1,1,1,https://admission.ku.ac.th/
10020107611101A,B3400,,โครงการรับนิสิตพิเศษ,quota,2026,1,,,1,1,1,https://admission.ku.ac.th/
10020107611101A,C2800,,Admission,admission,2026,72,,0,1,2,2,https://admission.ku.ac.th/
10020107611101B,A0200,,เรียนล่วงหน้า,portfolio,2026,5,,0,1,1,1,https://admission.ku.ac.th/
10020107611101B,B1100,,นักเรียนดีเด่นจากโรงเรียนสาธิตแห่ง มก.,quota,2026,1,,,1,1,1,https://admission.ku.ac.th/
10020107611101B,B1200,,เมล็ดพันธุ์สู่ศาสตร์แห่งแผ่นดิน,quota,2026,10,,,1,1,1,https://admission.ku.ac.th/
10020107611101B,B1600,,โควตาพิเศษ 30 จังหวัด,quota,2026,30,,,1,1,1,https://admission.ku.ac.th/
10020107611101B,C2800,,Admission,admission,2026,148,,0,1,2,2,https://admission.ku.ac.th/
10020107611101D,A0300,,หลักสูตรนานาชาติและหลักสูตรภาษาอังกฤษ (รอบ 1.1),portfolio,2026,50,,0,1,1,1,https://admission.ku.ac.th/
10020107611101D,B5000,,หลักสูตรนานาชาติและหลักสูตรภาษาอังกฤษ (รอบ 2),quota,2026,20,,,1,1,1,https://admission.ku.ac.th/
10020107611101D,C2800,,Admission,admission,2026,20,,0,1,2,2,https://admission.ku.ac.th/
10020107611102A,A0101,,ช้างเผือก (รอบ 1.2),portfolio,2026,20,,0,1,1,1,https://admission.ku.ac.th/
10020107611102A,A0200,,เรียนล่วงหน้า,portfolio,2026,10,,0,1,1,1,https://admission.ku.ac.th/
10020107611102A,B1100,,นักเรียนดีเด่นจากโรงเรียนสาธิตแห่ง มก.,quota,2026,1,,,1,1,1,https://admission.ku.ac.th/
10020107611102A,B1200,,เมล็ดพันธุ์สู่ศาสตร์แห่งแผ่นดิน,quota,2026,20,,,1,1,1,https://admission.ku.ac.th/
10020107611102A,B1600,,โควตาพิเศษ 30 จังหวัด,quota,2026,8,,,1,1,1,https://admission.ku.ac.th/
10020107611102A,B1700,,โควตานักกีฬาดีเด่นฯ,quota,2026,1,,,1,1,1,https://admission.ku.ac.th/
10020107611102A,B2300,,โครงการความร่วมมือ,quota,2026,2,,,1,1,1,https://admission.ku.ac.th/
10020107611102A,B3400,,โครงการรับนิสิตพิเศษ,quota,2026,1,,,1,1,1,https://admission.ku.ac.th/
10020107611102A,C2800,,Admission,admission,2026,50,,0,1,1,1,https://admission.ku.ac.th/
10020107611102B,C2806,,Admission (เศรษฐศาสตร์สหกรณ์ (ภาคพิเศษ) ใช้คะแนน A-Level คณิตศาสตร์ประยุกต์ 1),admission,2026,65,,0,1,1,1,https://admission.ku.ac.th/
10020107611102B,C2807,,Admission (เศรษฐศาสตร์สหกรณ์ (ภาคพิเศษ) ใช้คะแนน A-Level คณิตศาสตร์ประยุกต์ 2),admission,2026,45,,0,1,1,1,https://admission.ku.ac.th/
10020107611103A,A0101,,ช้างเผือก (รอบ 1.2),portfolio,2026,20,,0,1,1,1,https://admission.ku.ac.th/
10020107611103A,A0200,,เรียนล่วงหน้า,portfolio,2026,10,,0,1,1,1,https://admission.ku.ac.th/
10020107611103A,A0400,,รับนักกีฬาดีเด่น,portfolio,2026,2,,0,1,1,1,https://admission.ku.ac.th/
10020107611103A,B1100,,นักเรียนดีเด่นจากโรงเรียนสาธิตแห่ง มก.,quota,2026,2,,,1,1,1,https://admission.ku.ac.th/
10020107611103A,B1200,,เมล็ดพันธุ์สู่ศาสตร์แห่งแผ่นดิน,quota,2026,30,,,1,1,1,https://admission.ku.ac.th/
10020107611103A,B1600,,โควตาพิเศษ 30 จังหวัด,quota,2026,15,,,1,1,1,https://admission.ku.ac.th/
10020107611103A,B1700,,โควตานักกีฬา,quota,2026,3,,,1,1,1,https://admission.ku.ac.th/
10020107611103A,B3400,,โครงการรับนิสิตพิเศษ,quota,2026,2,,,1,1,1,https://admission.ku.ac.th/
10020107611103A,C2808,,Admission (เศรษฐศาสตร์ประยุกต์และธุรกิจเกษตร ใช้คะแนน A-Level คณิตศาสตร์ประยุกต์ 1),admission,2026,90,,0,1,1,1,https://admission.ku.ac.th/
10020107611103A,C2809,,Admission (เศรษฐศาสตร์ประยุกต์และธุรกิจเกษตร ใช้คะแนน A-Level คณิตศาสตร์ประยุกต์ 2),admission,2026,40,,0,1,1,1,https://admission.ku.ac.th/
10020107611103B,B1100,,นักเรียนดีเด่นจากโรงเรียนสาธิตแห่ง มก.,quota,2026,2,,,1,1,1,https://admission.ku.ac.th/
10020107611103B,B1200,,เมล็ดพันธุ์สู่ศาสตร์แห่งแผ่นดิน,quota,2026,20,,,1,1,1,https://admission.ku.ac.th/
10020107611103B,B1600,,โควตาพิเศษ 30 จังหวัด,quota,2026,10,,,1,1,1,https://admission.ku.ac.th/
10020107611103B,C2808,,Admission (เศรษฐศาสตร์ประยุกต์และธุรกิจเกษตร ใช้คะแนน A-Level คณิตศาสตร์ประยุกต์ 1),admission,2026,150,,0,1,1,1,https://admission.ku.ac.th/
10020107611103B,C2809,,Admission (เศรษฐศาสตร์ประยุกต์และธุรกิจเกษตร ใช้คะแนน A-Level คณิตศาสตร์ประยุกต์ 2),admission,2026,70,,0,1,1,1,https://admission.ku.ac.th/
10020107611104E,A0301,,หลักสูตรนานาชาติและหลักสูตรภาษาอังกฤษ (รอบ 1.2),portfolio,2026,65,,0,1,1,1,https://admission.ku.ac.th/
10020107611104E,B5000,,หลักสูตรนานาชาติและหลักสูตรภาษาอังกฤษ (รอบ 2),quota,2026,40,,,1,1,1,https://admission.ku.ac.th/
10020107611104E,C2800,,Admission,admission,2026,50,,0,1,1,2,https://admission.ku.ac.th/
10020108113101A,A0101,N,ช้างเผือก (รอบ 1.2),portfolio,2026,10,,0,1,1,1,https://admission.ku.ac.th/
10020108113101A,A0101,O,ช้างเผือก (รอบ 1.2),portfolio,2026,5,,0,1,1,1,https://admission.ku.ac.th/
10020108113101A,A0101,P,ช้างเผือก (รอบ 1.2),portfolio,2026,5,,0,1,1,1,https://admission.ku.ac.th/
10020108113101A,A0101,Q,ช้างเผือก (รอบ 1.2),portfolio,2026,4,,0,1,1,1,https://admission.ku.ac.th/
10020108113101A,A0400,N,รับนักกีฬาดีเด่น,portfolio,2026,1,,0,1,1,1,https://admission.ku.ac.th/
10020108113101A,A1800,N,โควตาศิลปวัฒนธรรมและซอฟต์พาวเวอร์,portfolio,2026,1,,0,1,1,1,https://admission.ku.ac.th/
10020108113101A,A1800,Q,โควตาศิลปวัฒนธรรมและซอฟต์พาวเวอร์,portfolio,2026,1,,0,1,1,1,https://admission.ku.ac.th/
10020108113101A,B1100,N,นักเรียนดีเด่นจากโรงเรียนสาธิตแห่ง มก.,quota,2026,1,,,1,1,1,https://admission.ku.ac.th/
10020108113101A,B1100,O,นักเรียนดีเด่นจากโรงเรียนสาธิตแห่ง มก.,quota,2026,2,,,1,1,1,https://admission.ku.ac.th/
10020108113101A,B1100,P,นักเรียนดีเด่นจากโรงเรียนสาธิตแห่ง มก.,quota,2026,1,,,1,1,1,https://admission.ku.ac.th/
10020108113101A,B1100,Q,นักเรียนดีเด่นจากโรงเรียนสาธิตแห่ง มก.,quota,2026,1,,,1,1,1,https://admission.ku.ac.th/
10020108113101A,B1200,N,เมล็ดพันธุ์สู่ศาสตร์แห่งแผ่นดิน,quota,2026,1,,,1,1,1,https://admission.ku.ac.th/
10020108113101A,B1200,O,เมล็ดพันธุ์สู่ศาสตร์แห่งแผ่นดิน,quota,2026,3,,,1,1,1,https://admission.ku.ac.th/
10020108113101A,B1200,P,เมล็ดพันธุ์สู่ศาสตร์แห่งแผ่นดิน,quota,2026,1,,,1,1,1,https://admission.ku.ac.th/
10020108113101A,B1200,Q,เมล็ดพันธุ์สู่ศาสตร์แห่งแผ่นดิน,quota,2026,1,,,1,1,1,https://admission.ku.ac.th/
10020108113101A,B1300,N,เพชรนนทรี,quota,2026,1,,,1,1,1,https://admission.ku.ac.th/
10020108113101A,B1300,O,เพชรนนทรี,quota,2026,2,,,1,1,1,https://admission.ku.ac.th/
10020108113101A,B1300,P,เพชรนนทรี,quota,2026,1,,,1,1,1,https://admission.ku.ac.th/
10020108113101A,B1300,Q,เพชรนนทรี,quota,2026,1,,,1,1,1,https://admission.ku.ac.th/
10020108113101A,B1400,N,ลูกพระพิรุณ,quota,2026,1,,,1,1,1,https://admission.ku.ac.th/
10020108113101A,B1400,O,ลูกพระพิรุณ,quota,2026,3,,,1,1,1,https://admission.ku.ac.th/
10020108113101A,B1400,P,ลูกพระพิรุณ,quota,2026,1,,,1,1,1,https://admission.ku.ac.th/
10020108113101A,B1400,Q,ลูกพระพิรุณ,quota,2026,1,,,1,1,1,https://admission.ku.ac.th/
10020108113101A,B1600,N,โควตาพิเศษ 30 จังหวัด,quota,2026,5,,,1,1,1,https://admission.ku.ac.th/
10020108113101A,B1600,O,โควตาพิเศษ 30 จังหวัด,quota,2026,3,,,1,1,1,https://admission.ku.ac.th/
10020108113101A,B1600,P,โควตาพิเศษ 30 จังหวัด,quota,2026,3,,,1,1,1,https://admission.ku.ac.th/
10020108113101A,B1600,Q,โควตาพิเศษ 30 จังหวัด,quota,2026,4,,,1,1,1,https://admission.ku.ac.th/
10020108113101A,B1700,N,โควตานักกีฬาดีเด่นฯ,quota,2026,1,,,1,1,1,https://admission.ku.ac.th/
10020108113101A,C2800,N,Admission,admission,2026,9,,0,1,1,1,https://admission.ku.ac.th/
10020108113101A,C2800,O,Admission,admission,2026,3,,0,1,1,1,https://admission.ku.ac.th/
10020108113101A,C2800,P,Admission,admission,2026,10,,0,1,1,1,https://admission.ku.ac.th/
10020108113101A,C2800,Q,Admission,admission,2026,11,,0,1,1,1,https://admission.ku.ac.th/
10020108113101B,A0101,N,ช้างเผือก (รอบ 1.2),portfolio,2026,1,,0,1,1,1,https://admission.ku.ac.th/
10020108113101B,A0101,O,ช้างเผือก (รอบ 1.2),portfolio,2026,5,,0,1,1,1,https://admission.ku.ac.th/
10020108113101B,A0101,P,ช้างเผือก (รอบ 1.2),portfolio,2026,5,,0,1,1,1,https://admission.ku.ac.th/
10020108113101B,A0101,Q,ช้างเผือก (รอบ 1.2),portfolio,2026,4,,0,1,1,1,https://admission.ku.ac.th/
10020108113101B,A0400,N,รับนักกีฬาดีเด่น,portfolio,2026,1,,0,1,1,1,https://admission.ku.ac.th/
10020108113101B,A1800,N,โควตาศิลปวัฒนธรรมและซอฟต์พาวเวอร์,portfolio,2026,1,,0,1,1,1,https://admission.ku.ac.th/
10020108113101B,A1800,Q,โควตาศิลปวัฒนธรรมและซอฟต์พาวเวอร์,portfolio,2026,1,,0,1,1,1,https://admission.ku.ac.th/
10020108113101B,B1100,N,นักเรียนดีเด่นจากโรงเรียนสาธิตแห่ง มก.,quota,2026,1,,,1,1,1,https://admission.ku.ac.th/
10020108113101B,B1100,O,นักเรียนดีเด่นจากโรงเรียนสาธิตแห่ง มก.,quota,2026,3,,,1,1,1,https://admission.ku.ac.th/
10020108113101B,B1100,P,นักเรียนดีเด่นจากโรงเรียนสาธิตแห่ง มก.,quota,2026,1,,,1,1,1,https://admission.ku.ac.th/
10020108113101B,B1100,Q,นักเรียนดีเด่นจากโรงเรียนสาธิตแห่ง มก.,quota,2026,1,,,1,1,1,https://admission.ku.ac.th/
10020108113101B,B1200,N,เมล็ดพันธุ์สู่ศาสตร์แห่งแผ่นดิน,quota,2026,1,,,1,1,1,https://admission.ku.ac.th/
10020108113101B,B1200,O,เมล็ดพันธุ์สู่ศาสตร์แห่งแผ่นดิน,quota,2026,3,,,1,1,1,https://admission.ku.ac.th/
10020108113101B,B1200,P,เมล็ดพันธุ์สู่ศาสตร์แห่งแผ่นดิน,quota,2026,1,,,1,1,1,https://admission.ku.ac.th/
10020108113101B,B1200,Q,เมล็ดพันธุ์สู่ศาสตร์แห่งแผ่นดิน,quota,2026,1,,,1,1,1,https://admission.ku.ac.th/
10020108113101B,B1300,N,เพชรนนทรี,quota,2026,1,,,1,1,1,https://admission.ku.ac.th/
10020108113101B,B1300,O,เพชรนนทรี,quota,2026,3,,,1,1,1,https://admission.ku.ac.th/
10020108113101B,B1300,P,เพชรนนทรี,quota,2026,1,,,1,1,1,https://admission.ku.ac.th/
10020108113101B,B1300,Q,เพชรนนทรี,quota,2026,1,,,1,1,1,https://admission.ku.ac.th/
10020108113101B,B1400,N,ลูกพระพิรุณ,quota,2026,1,,,1,1,1,https://admission.ku.ac.th/
10020108113101B,B1400,O,ลูกพระพิรุณ,quota,2026,3,,,1,1,1,https://admission.ku.ac.th/
10020108113101B,B1400,P,ลูกพระพิรุณ,quota,2026,1,,,1,1,1,https://admission.ku.ac.th/
10020108113101B,B1400,Q,ลูกพระพิรุณ,quota,2026,1,,,1,1,1,https://admission.ku.ac.th/
10020108113101B,B1600,N,โควตาพิเศษ 30 จังหวัด,quota,2026,8,,,1,1,1,https://admission.ku.ac.th/
10020108113101B,B1600,O,โควตาพิเศษ 30 จังหวัด,quota,2026,3,,,1,1,1,https://admission.ku.ac.th/
10020108113101B,B1600,P,โควตาพิเศษ 30 จังหวัด,quota,2026,3,,,1,1,1,https://admission.ku.ac.th/
10020108113101B,B1600,Q,โควตาพิเศษ 30 จังหวัด,quota,2026,4,,,1,1,1,https://admission.ku.ac.th/
10020108113101B,B1700,N,โควตานักกีฬาดีเด่นฯ,quota,2026,1,,,1,1,1,https://admission.ku.ac.th/
10020108113101B,C2800,N,Admission,admission,2026,20,,0,1,1,1,https://admission.ku.ac.th/
10020108113101B,C2800,O,Admission,admission,2026,13,,0,1,1,1,https://admission.ku.ac.th/
10020108113101B,C2800,P,Admission,admission,2026,17,,0,1,1,1,https://admission.ku.ac.th/
10020108113101B,C2800,Q,Admission,admission,2026,27,,0,1,1,1,https://admission.ku.ac.th/
10020108901001A,A0101,,ช้างเผือก (รอบ 1.2),portfolio,2026,10,,0,1,1,1,https://admission.ku.ac.th/
10020108901001A,A0400,,รับนักกีฬาดีเด่น,portfolio,2026,2,,0,1,1,1,https://admission.ku.ac.th/
10020108901001A,B1100,,นักเรียนดีเด่นจากโรงเรียนสาธิตแห่ง มก.,quota,2026,3,,,1,1,1,https://admission.ku.ac.th/
10020108901001A,B1600,,โควตาพิเศษ 30 จังหวัด,quota,2026,10,,,1,1,1,https://admission.ku.ac.th/
10020108901001A,C2810,,Admission (นิติศาสตรบัณฑิต ใช้คะแนน A-Level ภาษาฝรั่งเศส),admission,2026,4,,0,1,1,1,https://admission.ku.ac.th/
10020108901001A,C2811,,Admission (นิติศาสตรบัณฑิต ใช้คะแนน A-Level ภาษาเยอรมัน ),admission,2026,4,,0,1,1,1,https://admission.ku.ac.th/
10020108901001A,C2812,,Admission (นิติศาสตรบัณฑิต ใช้คะแนน A-Level ภาษาญี่ปุ่น),admission,2026,4,,0,1,1,1,https://admission.ku.ac.th/
10020108901001A,C2813,,Admission (นิติศาสตรบัณฑิต ใช้คะแนน A-Level ภาษาเกาหลี),admission,2026,4,,0,1,1,1,https://admission.ku.ac.th/
10020108901001A,C2814,,Admission (นิติศาสตรบัณฑิต ใช้คะแนน A-Level ภาษาจีน),admission,2026,4,,0,1,1,1,https://admission.ku.ac.th/
10020108901001A,C2815,,Admission (นิติศาสตรบัณฑิต ใช้คะแนน A-Level คณิตศาสตร์ประยุกต์ 1),admission,2026,7,,0,1,1,1,https://admission.ku.ac.th/
10020108901001A,C2816,,Admission (นิติศาสตรบัณฑิต ใช้คะแนน A-Level คณิตศาสตร์ประยุกต์ 2),admission,2026,7,,0,1,1,1,https://admission.ku.ac.th/
10020108901001A,C2817,,Admission (นิติศาสตรบัณฑิต ใช้คะแนน A-Level วิทยาศาสตร์ประยุกต์),admission,2026,6,,0,1,1,1,https://admission.ku.ac.th/
10020108901001A,C2818,,Admission (นิติศาสตรบัณฑิต ใช้คะแนน A-Level ภาษาไทย),admission,2026,6,,0,1,1,1,https://admission.ku.ac.th/
10020108901001B,A0101,,ช้างเผือก (รอบ 1.2),portfolio,2026,10,,0,1,1,1,https://admission.ku.ac.th/
10020108901001B,B1100,,นักเรียนดีเด่นจากโรงเรียนสาธิตแห่ง มก.,quota,2026,4,,,1,1,1,https://admission.ku.ac.th/
10020108901001B,B1600,,โควตาพิเศษ 30 จังหวัด,quota,2026,21,,,1,1,1,https://admission.ku.ac.th/
10020108901001B,C2810,,Admission (นิติศาสตรบัณฑิต ใช้คะแนน A-Level ภาษาฝรั่งเศส),admission,2026,7,,0,1,1,1,https://admission.ku.ac.th/
10020108901001B,C2811,,Admission (นิติศาสตรบัณฑิต ใช้คะแนน A-Level ภาษาเยอรมัน ),admission,2026,7,,0,1,1,1,https://admission.ku.ac.th/
10020108901001B,C2812,,Admission (นิติศาสตรบัณฑิต ใช้คะแนน A-Level ภาษาญี่ปุ่น),admission,2026,7,,0,1,1,1,https://admission.ku.ac.th/
10020108901001B,C2813,,Admission (นิติศาสตรบัณฑิต ใช้คะแนน A-Level ภาษาเกาหลี),admission,2026,7,,0,1,1,1,https://admission.ku.ac.th/
10020108901001B,C2814,,Admission (นิติศาสตรบัณฑิต ใช้คะแนน A-Level ภาษาจีน),admission,2026,7,,0,1,1,1,https://admission.ku.ac.th/
10020108901001B,C2815,,Admission (นิติศาสตรบัณฑิต ใช้คะแนน A-Level คณิตศาสตร์ประยุกต์ 1),admission,2026,12,,0,1,1,1,https://admission.ku.ac.th/
10020108901001B,C2816,,Admission (นิติศาสตรบัณฑิต ใช้คะแนน A-Level คณิตศาสตร์ประยุกต์ 2),admission,2026,12,,0,1,1,1,https://admission.ku.ac.th/
10020108901001B,C2817,,Admission (นิติศาสตรบัณฑิต ใช้คะแนน A-Level วิทยาศาสตร์ประยุกต์),admission,2026,12,,0,1,1,1,https://admission.ku.ac.th/
10020108901001B,C2818,,Admission (นิติศาสตรบัณฑิต ใช้คะแนน A-Level ภาษาไทย),admission,2026,12,,0,1,1,1,https://admission.ku.ac.th/
10020108901401A,A0101,,ช้างเผือก (รอบ 1.2),portfolio,2026,7,,0,1,1,1,https://admission.ku.ac.th/
10020108901401A,A1800,,โควตาศิลปวัฒนธรรมและซอฟต์พาวเวอร์,portfolio,2026,1,,0,1,1,1,https://admission.ku.ac.th/
10020108901401A,B1100,,นักเรียนดีเด่นจากโรงเรียนสาธิตแห่ง มก.,quota,2026,1,,,1,1,1,https://admission.ku.ac.th/
10020108901401A,B1600,,โควตาพิเศษ 30 จังหวัด,quota,2026,5,,,1,1,1,https://admission.ku.ac.th/
10020108901401A,C2819,,Admission (ประวัติศาสตร์ ใช้คะแนน A-Level คณิตศาสตร์ประยุกต์ 2),admission,2026,17,,0,1,1,1,https://admission.ku.ac.th/
10020108901401A,C2820,,Admission (ประวัติศาสตร์ ใช้คะแนน A-Level ภาษาต่างประเทศ),admission,2026,17,,0,1,1,1,https://admission.ku.ac.th/
10020108902801B,A0101,,ช้างเผือก (รอบ 1.2),portfolio,2026,5,,0,1,1,1,https://admission.ku.ac.th/
10020108902801B,B1400,,ลูกพระพิรุณ,quota,2026,5,,,1,1,1,https://admission.ku.ac.th/
10020108902801B,B1600,,โควตาพิเศษ 30 จังหวัด,quota,2026,10,,,1,1,1,https://admission.ku.ac.th/
10020108902801B,C2821,,Admission (เอเชียตะวันออกเฉียงใต้ศึกษา (ภาคพิเศษ) ใช้คะแนน A-Level ภาษาเยอรมัน),admission,2026,2,,0,1,1,1,https://admission.ku.ac.th/
10020108902801B,C2822,,Admission (เอเชียตะวันออกเฉียงใต้ศึกษา (ภาคพิเศษ) ใช้คะแนน A-Level ภาษาฝรั่งเศส),admission,2026,2,,0,1,1,1,https://admission.ku.ac.th/
10020108902801B,C2823,,Admission (เอเชียตะวันออกเฉียงใต้ศึกษา (ภาคพิเศษ) ใช้คะแนน A-Level ภาษาเกาหลี),admission,2026,3,,0,1,1,1,https://admission.ku.ac.th/
10020108902801B,C2824,,Admission (เอเชียตะวันออกเฉียงใต้ศึกษา (ภาคพิเศษ) ใช้คะแนน A-Level ภาษาญี่ปุ่น),admission,2026,3,,0,1,1,1,https://admission.ku.ac.th/
10020108902801B,C2825,,Admission (เอเชียตะวันออกเฉียงใต้ศึกษา (ภาคพิเศษ) ใช้คะแนน A-Level ภาษาจีน),admission,2026,11,,0,1,1,1,https://admission.ku.ac.th/
10020108902801B,C2826,,Admission (เอเชียตะวันออกเฉียงใต้ศึกษา (ภาคพิเศษ) ใช้คะแนน A-Level คณิตศาสตร์ประยุกต์ 1),admission,2026,11,,0,1,1,1,https://admission.ku.ac.th/
10020108902801B,C2827,,Admission (เอเชียตะวันออกเฉียงใต้ศึกษา (ภาคพิเศษ) ใช้คะแนน A-Level คณิตศาสตร์ประยุกต์ 2),admission,2026,11,,0,1,1,1,https://admission.ku.ac.th/
10020108903001A,A0100,,ช้างเผือก (รอบ 1.1),portfolio,2026,15,,0,1,1,1,https://admission.ku.ac.th/
10020108903001A,A0900,,โอลิมปิกวิชาการ (รอบ 1.1),portfolio,2026,5,,0,1,1,1,https://admission.ku.ac.th/
10020108903001A,B1600,,โควตาพิเศษ 30 จังหวัด,quota,2026,5,,,1,1,1,https://admission.ku.ac.th/
10020108903001A,C2800,,Admission,admission,2026,26,,0,1,2,2,https://admission.ku.ac.th/
10020108903001B,C2800,,Admission,admission,2026,100,,0,1,2,2,https://admission.ku.ac.th/
10020108903102A,A0101,,ช้างเผือก (รอบ 1.2),portfolio,2026,3,,0,1,1,1,https://admission.ku.ac.th/
10020108903102A,B1100,,นักเรียนดีเด่นจากโรงเรียนสาธิตแห่ง มก.,quota,2026,2,,,1,1,1,https://admission.ku.ac.th/
10020108903102A,B1200,,เมล็ดพันธุ์สู่ศาสตร์แห่งแผ่นดิน,quota,2026,2,,,1,1,1,https://admission.ku.ac.th/
10020108903102A,B1300,,เพชรนนทรี,quota,2026,4,,,1,1,1,https://admission.ku.ac.th/
10020108903102A,B1400,,ลูกพระพิรุณ,quota,2026,1,,,1,1,1,https://admission.ku.ac.th/
10020108903102A,B1600,,โควตาพิเศษ 30 จังหวัด,quota,2026,6,,,1,1,1,https://admission.ku.ac.th/
10020108903102A,B3400,,โครงการรับนิสิตพิเศษ,quota,2026,1,,,1,1,1,https://admission.ku.ac.th/
10020108903102A,C2800,,Admission,admission,2026,17,,0,1,1,1,https://admission.ku.ac.th/
10020108903102B,A0101,,ช้างเผือก (รอบ 1.2),portfolio,2026,4,,0,1,1,1,https://admission.ku.ac.th/
10020108903102B,B1100,,นักเรียนดีเด่นจากโรงเรียนสาธิตแห่ง มก.,quota,2026,2,,,1,1,1,https://admission.ku.ac.th/
10020108903102B,B1200,,เมล็ดพันธุ์สู่ศาสตร์แห่งแผ่นดิน,quota,2026,4,,,1,1,1,https://admission.ku.ac.th/
10020108903102B,B1300,,เพชรนนทรี,quota,2026,5,,,1,1,1,https://admission.ku.ac.th/
10020108903102B,B1400,,ลูกพระพิรุณ,quota,2026,1,,,1,1,1,https://admission.ku.ac.th/
10020108903102B,B1600,,โควตาพิเศษ 30 จังหวัด,quota,2026,8,,,1,1,1,https://admission.ku.ac.th/
10020108903102B,B3400,,โครงการรับนิสิตพิเศษ,quota,2026,1,,,1,1,1,https://admission.ku.ac.th/
10020108903102B,C2800,,Admission,admission,2026,36,,0,1,1,1,https://admission.ku.ac.th/
10020108903201A,A0101,R,ช้างเผือก (รอบ 1.2),portfolio,2026,2,,0,1,1,1,https://admission.ku.ac.th/
10020108903201A,A0101,S,ช้างเผือก (รอบ 1.2),portfolio,2026,3,,0,1,1,1,https://admission.ku.ac.th/
10020108903201A,A0101,T,ช้างเผือก (รอบ 1.2),portfolio,2026,4,,0,1,1,1,https://admission.ku.ac.th/
10020108903201A,A0400,R,รับนักกีฬาดีเด่น,portfolio,2026,1,,0,1,1,1,https://admission.ku.ac.th/
10020108903201A,A0400,T,รับนักกีฬาดีเด่น,portfolio,2026,1,,0,1,1,1,https://admission.ku.ac.th/
10020108903201A,A1800,R,โควตาศิลปวัฒนธรรมและซอฟต์พาวเวอร์,portfolio,2026,1,,0,1,1,1,https://admission.ku.ac.th/
10020108903201A,A1800,T,โควตาศิลปวัฒนธรรมและซอฟต์พาวเวอร์,portfolio,2026,1,,0,1,1,1,https://admission.ku.ac.th/
10020108903201A,B1100,R,นักเรียนดีเด่นจากโรงเรียนสาธิตแห่ง มก.,quota,2026,2,,,1,1,1,https://admission.ku.ac.th/
10020108903201A,B1100,T,นักเรียนดีเด่นจากโรงเรียนสาธิตแห่ง มก.,quota,2026,1,,,1,1,1,https://admission.ku.ac.th/
10020108903201A,B1200,R,เมล็ดพันธุ์สู่ศาสตร์แห่งแผ่นดิน,quota,2026,2,,,1,1,1,https://admission.ku.ac.th/
10020108903201A,B1200,T,เมล็ดพันธุ์สู่ศาสตร์แห่งแผ่นดิน,quota,2026,2,,,1,1,1,https://admission.ku.ac.th/
10020108903201A,B1300,R,เพชรนนทรี,quota,2026,1,,,1,1,1,https://admission.ku.ac.th/
10020108903201A,B1300,S,เพชรนนทรี,quota,2026,1,,,1,1,1,https://admission.ku.ac.th/
10020108903201A,B1300,T,เพชรนนทรี,quota,2026,3,,,1,1,1,https://admission.ku.ac.th/
10020108903201A,B1400,R,ลูกพระพิรุณ,quota,2026,1,,,1,1,1,https://admission.ku.ac.th/
10020108903201A,B1400,T,ลูกพระพิรุณ,quota,2026,1,,,1,1,1,https://admission.ku.ac.th/
10020108903201A,B1600,R,โควตาพิเศษ 30 จังหวัด,quota,2026,5,,,1,1,1,https://admission.ku.ac.th/
10020108903201A,B1600,S,โควตาพิเศษ 30 จังหวัด,quota,2026,2,,,1,1,1,https://admission.ku.ac.th/
10020108903201A,B1600,T,โควตาพิเศษ 30 จังหวัด,quota,2026,5,,,1,1,1,https://admission.ku.ac.th/
10020108903201A,B3400,R,โครงการรับนิสิตพิเศษ,quota,2026,1,,,1,1,1,https://admission.ku.ac.th/
10020108903201A,B3400,S,โครงการรับนิสิตพิเศษ,quota,2026,1,,,1,1,1,https://admission.ku.ac.th/
10020108903201A,B3400,T,โครงการรับนิสิตพิเศษ,quota,2026,1,,,1,1,1,https://admission.ku.ac.th/
10020108903201A,C2800,R,Admission,admission,2026,5,,0,1,1,1,https://admission.ku.ac.th/
10020108903201A,C2800,S,Admission,admission,2026,20,,0,1,1,1,https://admission.ku.ac.th/
10020108903201A,C2800,T,Admission,admission,2026,5,,0,1,1,1,https://admission.ku.ac.th/
10020108903201B,A0101,R,ช้างเผือก (รอบ 1.2),portfolio,2026,2,,0,1,1,1,https://admission.ku.ac.th/
10020108903201B,A0101,S,ช้างเผือก (รอบ 1.2),portfolio,2026,3,,0,1,1,1,https://admission.ku.ac.th/
10020108903201B,A0101,T,ช้างเผือก (รอบ 1.2),portfolio,2026,3,,0,1,1,1,https://admission.ku.ac.th/
10020108903201B,A0400,R,รับนักกีฬาดีเด่น,portfolio,2026,1,,0,1,1,1,https://admission.ku.ac.th/
10020108903201B,A0400,T,รับนักกีฬาดีเด่น,portfolio,2026,1,,0,1,1,1,https://admission.ku.ac.th/
10020108903201B,A1800,R,โควตาศิลปวัฒนธรรมและซอฟต์พาวเวอร์,portfolio,2026,1,,0,1,1,1,https://admission.ku.ac.th/
10020108903201B,A1800,T,โควตาศิลปวัฒนธรรมและซอฟต์พาวเวอร์,portfolio,2026,1,,0,1,1,1,https://admission.ku.ac.th/
10020108903201B,B1100,R,นักเรียนดีเด่นจากโรงเรียนสาธิตแห่ง มก.,quota,2026,2,,,1,1,1,https://admission.ku.ac.th/
10020108903201B,B1100,T,นักเรียนดีเด่นจากโรงเรียนสาธิตแห่ง มก.,quota,2026,2,,,1,1,1,https://admission.ku.ac.th/
10020108903201B,B1200,R,เมล็ดพันธุ์สู่ศาสตร์แห่งแผ่นดิน,quota,2026,2,,,1,1,1,https://admission.ku.ac.th/
10020108903201B,B1200,T,เมล็ดพันธุ์สู่ศาสตร์แห่งแผ่นดิน,quota,2026,3,,,1,1,1,https://admission.ku.ac.th/
10020108903201B,B1300,R,เพชรนนทรี,quota,2026,1,,,1,1,1,https://admission.ku.ac.th/
10020108903201B,B1300,S,เพชรนนทรี,quota,2026,2,,,1,1,1,https://admission.ku.ac.th/
10020108903201B,B1300,T,เพชรนนทรี,quota,2026,5,,,1,1,1,https://admission.ku.ac.th/
10020108903201B,B1400,R,ลูกพระพิรุณ,quota,2026,1,,,1,1,1,https://admission.ku.ac.th/
10020108903201B,B1400,T,ลูกพระพิรุณ,quota,2026,1,,,1,1,1,https://admission.ku.ac.th/
10020108903201B,B1600,R,โควตาพิเศษ 30 จังหวัด,quota,2026,10,,,1,1,1,https://admission.ku.ac.th/
10020108903201B,B1600,S,โควตาพิเศษ 30 จังหวัด,quota,2026,4,,,1,1,1,https://admission.ku.ac.th/
10020108903201B,B1600,T,โควตาพิเศษ 30 จังหวัด,quota,2026,8,,,1,1,1,https://admission.ku.ac.th/
10020108903201B,B3400,R,โครงการรับนิสิตพิเศษ,quota,2026,1,,,1,1,1,https://admission.ku.ac.th/
10020108903201B,B3400,S,โครงการรับนิสิตพิเศษ,quota,2026,1,,,1,1,1,https://admission.ku.ac.th/
10020108903201B,B3400,T,โครงการรับนิสิตพิเศษ,quota,2026,1,,,1,1,1,https://admission.ku.ac.th/
10020108903201B,C2800,R,Admission,admission,2026,29,,0,1,1,1,https://admission.ku.ac.th/
10020108903201B,C2800,S,Admission,admission,2026,30,,0,1,1,1,https://admission.ku.ac.th/
10020108903201B,C2800,T,Admission,admission,2026,25,,0,1,1,1,https://admission.ku.ac.th/
10020108903501A,A0101,,ช้างเผือก (รอบ 1.2),portfolio,2026,5,,0,1,1,1,https://admission.ku.ac.th/
10020108903501A,A0400,,รับนักกีฬาดีเด่น,portfolio,2026,1,,0,1,1,1,https://admission.ku.ac.th/
10020108903501A,A1800,,โควตาศิลปวัฒนธรรมและซอฟต์พาวเวอร์,portfolio,2026,2,,0,1,1,1,https://admission.ku.ac.th/
10020108903501A,B1100,,นักเรียนดีเด่นจากโรงเรียนสาธิตแห่ง มก.,quota,2026,1,,,1,1,1,https://admission.ku.ac.th/
10020108903501A,B1200,,เมล็ดพันธุ์สู่ศาสตร์แห่งแผ่นดิน,quota,2026,2,,,1,1,1,https://admission.ku.ac.th/
10020108903501A,B1300,,เพชรนนทรี,quota,2026,2,,,1,1,1,https://admission.ku.ac.th/
10020108903501A,B1400,,ลูกพระพิรุณ,quota,2026,2,,,1,1,1,https://admission.ku.ac.th/
10020108903501A,B1600,,โควตาพิเศษ 30 จังหวัด,quota,2026,13,,,1,1,1,https://admission.ku.ac.th/
10020108903501A,B1700,,โควตานักกีฬาดีเด่นฯ,quota,2026,2,,,1,1,1,https://admission.ku.ac.th/
10020108903501A,C2800,,Admission,admission,2026,32,,0,1,1,1,https://admission.ku.ac.th/
10020108903501B,A0101,,ช้างเผือก (รอบ 1.2),portfolio,2026,4,,0,1,1,1,https://admission.ku.ac.th/
10020108903501B,A0400,,รับนักกีฬาดีเด่น,portfolio,2026,1,,0,1,1,1,https://admission.ku.ac.th/
10020108903501B,A1800,,โควตาศิลปวัฒนธรรมและซอฟต์พาวเวอร์,portfolio,2026,2,,0,1,1,1,https://admission.ku.ac.th/
10020108903501B,B1100,,นักเรียนดีเด่นจากโรงเรียนสาธิตแห่ง มก.,quota,2026,1,,,1,1,1,https://admission.ku.ac.th/
10020108903501B,B1200,,เมล็ดพันธุ์สู่ศาสตร์แห่งแผ่นดิน,quota,2026,5,,,1,1,1,https://admission.ku.ac.th/
10020108903501B,B1300,,เพชรนนทรี,quota,2026,5,,,1,1,1,https://admission.ku.ac.th/
10020108903501B,B1400,,ลูกพระพิรุณ,quota,2026,5,,,1,1,1,https://admission.ku.ac.th/
10020108903501B,B1600,,โควตาพิเศษ 30 จังหวัด,quota,2026,25,,,1,1,1,https://admission.ku.ac.th/
10020108903501B,B1700,,โควตานักกีฬา,quota,2026,3,,,1,1,1,https://admission.ku.ac.th/
10020108903501B,C2800,,Admission,admission,2026,52,,0,1,1,1,https://admission.ku.ac.th/
10020109140101A,A0101,,ช้างเผือก (รอบ 1.2),portfolio,2026,15,,0,1,1,1,https://admission.ku.ac.th/
10020109140101A,A0200,,เรียนล่วงหน้า,portfolio,2026,45,,0,1,1,1,https://admission.ku.ac.th/
10020109140101A,A0400,,รับนักกีฬาดีเด่น,portfolio,2026,1,,0,1,1,1,https://admission.ku.ac.th/
10020109140101A,A0900,,โอลิมปิกวิชาการ (รอบ 1.1),portfolio,2026,3,,0,1,1,1,https://admission.ku.ac.th/
10020109140101A,B1100,,นักเรียนดีเด่นจากโรงเรียนสาธิตแห่ง มก.,quota,2026,8,,,1,1,1,https://admission.ku.ac.th/
10020109140101A,B1400,,ลูกพระพิรุณ,quota,2026,5,,,1,1,1,https://admission.ku.ac.th/
10020109140101A,B1700,,โควตานักกีฬาดีเด่นฯ,quota,2026,1,,,1,1,1,https://admission.ku.ac.th/
10020109140101A,B2400,,โควตาสัตวแพทย์เกษตรคืนถิ่น,quota,2026,20,,,1,1,1,https://admission.ku.ac.th/
10020109140101A,B2500,,รับตรงเขตพื้นที่การศึกษา,quota,2026,7,,,1,1,1,https://admission.ku.ac.th/
10020110501101E,A0300,,หลักสูตรนานาชาติและหลักสูตรภาษาอังกฤษ (รอบ 1.1),portfolio,2026,20,,0,1,1,1,https://admission.ku.ac.th/
10020110501101E,A0301,,หลักสูตรนานาชาติและหลักสูตรภาษาอังกฤษ (รอบ 1.2),portfolio,2026,10,,0,1,1,1,https://admission.ku.ac.th/
10020110501101E,B2300,,โครงการความร่วมมือ,quota,2026,10,,,1,1,1,https://admission.ku.ac.th/
10020110501101E,B5000,,หลักสูตรนานาชาติและหลักสูตรภาษาอังกฤษ (รอบ 2),quota,2026,20,,,1,1,1,https://admission.ku.ac.th/
10020110501101E,C2800,,Admission,admission,2026,10,,0,1,2,2,https://admission.ku.ac.th/
10020110501102A,A0100,,ช้างเผือก (รอบ 1.1),portfolio,2026,25,,0,1,1,1,https://admission.ku.ac.th/
10020110501102A,A0101,,ช้างเผือก (รอบ 1.2),portfolio,2026,10,,0,1,1,1,https://admission.ku.ac.th/
10020110501102A,A0200,,เรียนล่วงหน้า,portfolio,2026,10,,0,1,1,1,https://admission.ku.ac.th/
10020110501102A,A0400,,รับนักกีฬาดีเด่น,portfolio,2026,1,,0,1,1,1,https://admission.ku.ac.th/
10020110501102A,B1100,,นักเรียนดีเด่นจากโรงเรียนสาธิตแห่ง มก.,quota,2026,5,,,1,1,1,https://admission.ku.ac.th/
10020110501102A,B1200,,เมล็ดพันธุ์สู่ศาสตร์แห่งแผ่นดิน,quota,2026,2,,,1,1,1,https://admission.ku.ac.th/
10020110501102A,B1300,,เพชรนนทรี,quota,2026,2,,,1,1,1,https://admission.ku.ac.th/
10020110501102A,B1400,,ลูกพระพิรุณ,quota,2026,2,,,1,1,1,https://admission.ku.ac.th/
10020110501102A,B1600,,โควตาพิเศษ 30 จังหวัด,quota,2026,10,,,1,1,1,https://admission.ku.ac.th/
10020110501102A,B2300,,โครงการความร่วมมือ,quota,2026,5,,,1,1,1,https://admission.ku.ac.th/
10020110501102A,B3600,,โควตา 6 จังหวัดชายฝั่งทะเลอันดามัน,quota,2026,2,,,1,1,1,https://admission.ku.ac.th/
10020110501102A,C2800,,Admission,admission,2026,45,,0,1,2,2,https://admission.ku.ac.th/
10020110501103A,A0100,,ช้างเผือก (รอบ 1.1),portfolio,2026,20,,0,1,1,1,https://admission.ku.ac.th/
10020110501103A,A0101,,ช้างเผือก (รอบ 1.2),portfolio,2026,10,,0,1,1,1,https://admission.ku.ac.th/
10020110501103A,A0200,,เรียนล่วงหน้า,portfolio,2026,5,,0,1,1,1,https://admission.ku.ac.th/
10020110501103A,A1800,,โควตาศิลปวัฒนธรรมและซอฟต์พาวเวอร์,portfolio,2026,3,,0,1,1,1,https://admission.ku.ac.th/
10020110501103A,B1100,,นักเรียนดีเด่นจากโรงเรียนสาธิตแห่ง มก.,quota,2026,2,,,1,1,1,https://admission.ku.ac.th/
10020110501103A,B1200,,เมล็ดพันธุ์สู่ศาสตร์แห่งแผ่นดิน,quota,2026,2,,,1,1,1,https://admission.ku.ac.th/
10020110501103A,B1300,,เพชรนนทรี,quota,2026,2,,,1,1,1,https://admission.ku.ac.th/
10020110501103A,B1400,,ลูกพระพิรุณ,quota,2026,2,,,1,1,1,https://admission.ku.ac.th/
10020110501103A,B1600,,โควตาพิเศษ 30 จังหวัด,quota,2026,20,,,1,1,1,https://admission.ku.ac.th/
10020110501103A,B2300,,โครงการความร่วมมือ,quota,2026,5,,,1,1,1,https://admission.ku.ac.th/
10020110501103A,B3600,,โควตา 6 จังหวัดชายฝั่งทะเลอันดามัน,quota,2026,5,,,1,1,1,https://admission.ku.ac.th/
10020110501103A,C2800,,Admission,admission,2026,45,,0,1,2,2,https://admission.ku.ac.th/
10020110501104A,A0100,,ช้างเผือก (รอบ 1.1),portfolio,2026,25,,0,1,1,1,https://admission.ku.ac.th/
10020110501104A,A0101,,ช้างเผือก (รอบ 1.2),portfolio,2026,15,,0,1,1,1,https://admission.ku.ac.th/
10020110501104A,A0200,,เรียนล่วงหน้า,portfolio,2026,10,,0,1,1,1,https://admission.ku.ac.th/
10020110501104A,A0400,,รับนักกีฬาดีเด่น,portfolio,2026,1,,0,1,1,1,https://admission.ku.ac.th/
10020110501104A,B1100,,นักเรียนดีเด่นจากโรงเรียนสาธิตแห่ง มก.,quota,2026,2,,,1,1,1,https://admission.ku.ac.th/
10020110501104A,B1200,,เมล็ดพันธุ์สู่ศาสตร์แห่งแผ่นดิน,quota,2026,2,,,1,1,1,https://admission.ku.ac.th/
10020110501104A,B1300,,เพชรนนทรี,quota,2026,2,,,1,1,1,https://admission.ku.ac.th/
10020110501104A,B1400,,ลูกพระพิรุณ,quota,2026,2,,,1,1,1,https://admission.ku.ac.th/
10020110501104A,B1600,,โควตาพิเศษ 30 จังหวัด,quota,2026,20,,,1,1,1,https://admission.ku.ac.th/
10020110501104A,B1700,,โควตานักกีฬา,quota,2026,3,,,1,1,1,https://admission.ku.ac.th/
10020110501104A,B2300,,โครงการความร่วมมือ,quota,2026,10,,,1,1,1,https://admission.ku.ac.th/
10020110501104A,B3600,,โควตา 6 จังหวัดชายฝั่งทะเลอันดามัน,quota,2026,5,,,1,1,1,https://admission.ku.ac.th/
10020110501104A,C2828,,Admission (เทคโนโลยีชีวภาพ ใช้คะแนน A-Level เคมีและชีววิทยา),admission,2026,20,,0,1,2,2,https://admission.ku.ac.th/
10020110501104A,C2829,,Admission (เทคโนโลยีชีวภาพ ใช้คะแนน TPAT3),admission,2026,20,,0,1,2,2,https://admission.ku.ac.th/
10020110501105A,A0100,,ช้างเผือก (รอบ 1.1),portfolio,2026,35,,0,1,1,1,https://admission.ku.ac.th/
10020110501105A,A0101,,ช้างเผือก (รอบ 1.2),portfolio,2026,10,,0,1,1,1,https://admission.ku.ac.th/
10020110501105A,A0200,,เรียนล่วงหน้า,portfolio,2026,10,,0,1,1,1,https://admission.ku.ac.th/
10020110501105A,A1800,,โควตาศิลปวัฒนธรรมและซอฟต์พาวเวอร์,portfolio,2026,1,,0,1,1,1,https://admission.ku.ac.th/
10020110501105A,B1100,,นักเรียนดีเด่นจากโรงเรียนสาธิตแห่ง มก.,quota,2026,5,,,1,1,1,https://admission.ku.ac.th/
10020110501105A,B1200,,เมล็ดพันธุ์สู่ศาสตร์แห่งแผ่นดิน,quota,2026,5,,,1,1,1,https://admission.ku.ac.th/
10020110501105A,B1300,,เพชรนนทรี,quota,2026,5,,,1,1,1,https://admission.ku.ac.th/
10020110501105A,B1400,,ลูกพระพิรุณ,quota,2026,5,,,1,1,1,https://admission.ku.ac.th/
10020110501105A,B1600,,โควตาพิเศษ 30 จังหวัด,quota,2026,15,,,1,1,1,https://admission.ku.ac.th/
10020110501105A,B1700,,โควตานักกีฬา,quota,2026,2,,,1,1,1,https://admission.ku.ac.th/
10020110501105A,B2300,,โครงการความร่วมมือ,quota,2026,5,,,1,1,1,https://admission.ku.ac.th/
10020110501105A,B3600,,โควตา 6 จังหวัดชายฝั่งทะเลอันดามัน,quota,2026,2,,,1,1,1,https://admission.ku.ac.th/
10020110501105A,C2830,,Admission (พัฒนาผลิตภัณฑ์อุตสาหกรรมเกษตร ใช้คะแนน A-Level คณิตศาสตร์ประยุกต์ 1 และชีววิทยา),admission,2026,24,,0,1,2,2,https://admission.ku.ac.th/
10020110501105A,C2831,,Admission (พัฒนาผลิตภัณฑ์อุตสาหกรรมเกษตร ใช้คะแนน TPAT3),admission,2026,23,,0,1,2,2,https://admission.ku.ac.th/
10020110501106A,A0100,,ช้างเผือก (รอบ 1.1),portfolio,2026,45,,0,1,1,1,https://admission.ku.ac.th/
10020110501106A,A0200,,เรียนล่วงหน้า,portfolio,2026,20,,0,1,1,1,https://admission.ku.ac.th/
10020110501106A,A1800,,โควตาศิลปวัฒนธรรมและซอฟต์พาวเวอร์,portfolio,2026,1,,0,1,1,1,https://admission.ku.ac.th/
10020110501106A,B1100,,นักเรียนดีเด่นจากโรงเรียนสาธิตแห่ง มก.,quota,2026,2,,,1,1,1,https://admission.ku.ac.th/
10020110501106A,B1200,,เมล็ดพันธุ์สู่ศาสตร์แห่งแผ่นดิน,quota,2026,1,,,1,1,1,https://admission.ku.ac.th/
10020110501106A,B1300,,เพชรนนทรี,quota,2026,2,,,1,1,1,https://admission.ku.ac.th/
10020110501106A,B1400,,ลูกพระพิรุณ,quota,2026,1,,,1,1,1,https://admission.ku.ac.th/
10020110501106A,B1600,,โควตาพิเศษ 30 จังหวัด,quota,2026,10,,,1,1,1,https://admission.ku.ac.th/
10020110501106A,B1700,,โควตานักกีฬาดีเด่นฯ,quota,2026,1,,,1,1,1,https://admission.ku.ac.th/
10020110501106A,B2300,,โครงการความร่วมมือ,quota,2026,15,,,1,1,1,https://admission.ku.ac.th/
10020110501106A,B3600,,โควตา 6 จังหวัดชายฝั่งทะเลอันดามัน,quota,2026,2,,,1,1,1,https://admission.ku.ac.th/
10020110501106A,C2832,,Admission (วิทยาศาสตร์และเทคโนโลยีการอาหาร ใช้คะแนน A-Level),admission,2026,10,,0,1,2,2,https://admission.ku.ac.th/
10020110501106A,C2833,,Admission (วิทยาศาสตร์และเทคโนโลยีการอาหาร ใช้คะแนน TPAT3),admission,2026,5,,0,1,2,2,https://admission.ku.ac.th/
10020110501106B,A0100,,ช้างเผือก (รอบ 1.1),portfolio,2026,20,,0,1,1,1,https://admission.ku.ac.th/
10020110501106B,A0200,,เรียนล่วงหน้า,portfolio,2026,20,,0,1,1,1,https://admission.ku.ac.th/
10020110501106B,B1100,,นักเรียนดีเด่นจากโรงเรียนสาธิตแห่ง มก.,quota,2026,6,,,1,1,1,https://admission.ku.ac.th/
10020110501106B,B1200,,เมล็ดพันธุ์สู่ศาสตร์แห่งแผ่นดิน,quota,2026,5,,,1,1,1,https://admission.ku.ac.th/
10020110501106B,B1300,,เพชรนนทรี,quota,2026,5,,,1,1,1,https://admission.ku.ac.th/
10020110501106B,B1400,,ลูกพระพิรุณ,quota,2026,5,,,1,1,1,https://admission.ku.ac.th/
10020110501106B,B1600,,โควตาพิเศษ 30 จังหวัด,quota,2026,15,,,1,1,1,https://admission.ku.ac.th/
10020110501106B,B2300,,โครงการความร่วมมือ,quota,2026,10,,,1,1,1,https://admission.ku.ac.th/
10020110501106B,C2832,,Admission (วิทยาศาสตร์และเทคโนโลยีการอาหาร ใช้คะแนน A-Level),admission,2026,23,,0,1,2,2,https://admission.ku.ac.th/
10020110501106B,C2833,,Admission (วิทยาศาสตร์และเทคโนโลยีการอาหาร ใช้คะแนน TPAT3),admission,2026,20,,0,1,2,2,https://admission.ku.ac.th/
10020111620103E,A0300,,หลักสูตรนานาชาติและหลักสูตรภาษาอังกฤษ (รอบ 1.1),portfolio,2026,50,,0,1,1,1,https://admission.ku.ac.th/
10020111620103E,A1800,,โควตาศิลปวัฒนธรรมและซอฟต์พาวเวอร์,portfolio,2026,1,,0,1,1,1,https://admission.ku.ac.th/
10020111620103E,B1200,,เมล็ดพันธุ์สู่ศาสตร์แห่งแผ่นดิน,quota,2026,5,,,1,1,1,https://admission.ku.ac.th/
10020111620103E,B1300,,เพชรนนทรี,quota,2026,5,,,1,1,1,https://admission.ku.ac.th/
10020111620103E,B1400,,ลูกพระพิรุณ,quota,2026,5,,,1,1,1,https://admission.ku.ac.th/
10020111620103E,B2300,,โครงการความร่วมมือ,quota,2026,5,,,1,1,1,https://admission.ku.ac.th/
10020111620103E,B3600,,โควตา 6 จังหวัดชายฝั่งทะเลอันดามัน,quota,2026,3,,,1,1,1,https://admission.ku.ac.th/
10020111620103E,B5000,,หลักสูตรนานาชาติและหลักสูตรภาษาอังกฤษ (รอบ 2),quota,2026,10,,,1,1,1,https://admission.ku.ac.th/
10020111620103E,C2800,,Admission,admission,2026,50,,0,1,1,1,https://admission.ku.ac.th/
10020111620105A,A0100,,ช้างเผือก (รอบ 1.1),portfolio,2026,14,,0,1,1,1,https://admission.ku.ac.th/
10020111620105A,A1800,,โควตาศิลปวัฒนธรรมและซอฟต์พาวเวอร์,portfolio,2026,1,,0,1,1,1,https://admission.ku.ac.th/
10020111620105A,B1200,,เมล็ดพันธุ์สู่ศาสตร์แห่งแผ่นดิน,quota,2026,1,,,1,1,1,https://admission.ku.ac.th/
10020111620105A,B1300,,เพชรนนทรี,quota,2026,2,,,1,1,1,https://admission.ku.ac.th/
10020111620105A,B1600,,โควตาพิเศษ 30 จังหวัด,quota,2026,10,,,1,1,1,https://admission.ku.ac.th/
10020111620105A,B2300,,โครงการความร่วมมือ,quota,2026,1,,,1,1,1,https://admission.ku.ac.th/
10020111620105A,B3600,,โควตา 6 จังหวัดชายฝั่งทะเลอันดามัน,quota,2026,1,,,1,1,1,https://admission.ku.ac.th/
10020111620105A,C2834,,Admission (การสร้างสรรค์การบริการเพื่อธุรกิจการท่องเที่ยว ใช้คะแนน A-Level ภาษาต่างประเทศ),admission,2026,17,,0,1,1,1,https://admission.ku.ac.th/
10020111620105A,C2835,,Admission (การสร้างสรรค์การบริการเพื่อธุรกิจการท่องเที่ยว ใช้คะแนน A-Level คณิตศาสตร์ประยุกต์ 2),admission,2026,18,,0,1,1,1,https://admission.ku.ac.th/
10020111800201A,A0100,,ช้างเผือก (รอบ 1.1),portfolio,2026,27,,0,1,1,1,https://admission.ku.ac.th/
10020111800201A,A1800,,โควตาศิลปวัฒนธรรมและซอฟต์พาวเวอร์,portfolio,2026,1,,0,1,1,1,https://admission.ku.ac.th/
10020111800201A,B1300,,เพชรนนทรี,quota,2026,10,,,1,1,1,https://admission.ku.ac.th/
10020111800201A,C2800,,Admission,admission,2026,1,,0,1,1,1,https://admission.ku.ac.th/
10020111800202A,A0100,,ช้างเผือก (รอบ 1.1),portfolio,2026,28,,0,1,1,1,https://admission.ku.ac.th/
10020111800202A,B1300,,เพชรนนทรี,quota,2026,2,,,1,1,1,https://admission.ku.ac.th/
10020111901501A,A0400,,รับนักกีฬาดีเด่น,portfolio,2026,1,,0,1,1,1,https://admission.ku.ac.th/
10020111901501A,A1800,,โควตาศิลปวัฒนธรรมและซอฟต์พาวเวอร์,portfolio,2026,2,,0,1,1,1,https://admission.ku.ac.th/
10020111901501A,B1100,,นักเรียนดีเด่นจากโรงเรียนสาธิตแห่ง มก.,quota,2026,2,,,1,1,1,https://admission.ku.ac.th/
10020111901501A,B1200,,เมล็ดพันธุ์สู่ศาสตร์แห่งแผ่นดิน,quota,2026,2,,,1,1,1,https://admission.ku.ac.th/
10020111901501A,B1300,,เพชรนนทรี,quota,2026,2,,,1,1,1,https://admission.ku.ac.th/
10020111901501A,B1400,,ลูกพระพิรุณ,quota,2026,2,,,1,1,1,https://admission.ku.ac.th/
10020111901501A,B1600,,โควตาพิเศษ 30 จังหวัด,quota,2026,10,,,1,1,1,https://admission.ku.ac.th/
10020111901501A,B1700,,โควตานักกีฬา,quota,2026,3,,,1,1,1,https://admission.ku.ac.th/
10020111901501A,C2800,,Admission,admission,2026,38,,0,1,1,1,https://admission.ku.ac.th/
10020111901701A,C2800,,Admission,admission,2026,30,,0,1,1,1,https://admission.ku.ac.th/
10020111901701B,A0100,,ช้างเผือก (รอบ 1.1),portfolio,2026,50,,0,1,1,1,https://admission.ku.ac.th/
10020111901701B,C2800,,Admission,admission,2026,27,,0,1,1,1,https://admission.ku.ac.th/
10020111901801A,A0100,,ช้างเผือก (รอบ 1.1),portfolio,2026,21,,0,1,1,1,https://admission.ku.ac.th/
10020111901801A,B2300,,โครงการความร่วมมือ,quota,2026,8,,,1,1,1,https://admission.ku.ac.th/
10020111901801A,C2800,,Admission,admission,2026,17,,0,1,1,1,https://admission.ku.ac.th/
10020111901802B,B1100,,นักเรียนดีเด่นจากโรงเรียนสาธิตแห่ง มก.,quota,2026,1,,,1,1,1,https://admission.ku.ac.th/
10020111901802B,B1600,,โควตาพิเศษ 30 จังหวัด,quota,2026,30,,,1,1,1,https://admission.ku.ac.th/
10020111901802B,B2300,,โครงการความร่วมมือ,quota,2026,31,,,1,1,1,https://admission.ku.ac.th/
10020111901802B,C2800,,Admission,admission,2026,60,,0,1,1,1,https://admission.ku.ac.th/
10020111901901A,A0100,,ช้างเผือก (รอบ 1.1),portfolio,2026,5,,0,1,1,1,https://admission.ku.ac.th/
10020111901901A,B1100,,นักเรียนดีเด่นจากโรงเรียนสาธิตแห่ง มก.,quota,2026,5,,,1,1,1,https://admission.ku.ac.th/
10020111901901A,C2800,,Admission,admission,2026,25,,0,1,1,1,https://admission.ku.ac.th/
10020111901901B,A0100,,ช้างเผือก (รอบ 1.1),portfolio,2026,10,,0,1,1,1,https://admission.ku.ac.th/
10020111901901B,B1100,,นักเรียนดีเด่นจากโรงเรียนสาธิตแห่ง มก.,quota,2026,5,,,1,1,1,https://admission.ku.ac.th/
10020111901901B,B1600,,โควตาพิเศษ 30 จังหวัด,quota,2026,30,,,1,1,1,https://admission.ku.ac.th/
10020111901901B,C2800,,Admission,admission,2026,50,,0,1,1,1,https://admission.ku.ac.th/
10020111902001A,A0100,,ช้างเผือก (รอบ 1.1),portfolio,2026,10,,0,1,1,1,https://admission.ku.ac.th/
10020111902001A,A1800,,โควตาศิลปวัฒนธรรมและซอฟต์พาวเวอร์,portfolio,2026,4,,0,1,1,1,https://admission.ku.ac.th/
10020111902001A,B1100,,นักเรียนดีเด่นจากโรงเรียนสาธิตแห่ง มก.,quota,2026,1,,,1,1,1,https://admission.ku.ac.th/
10020111902001A,B1300,,เพชรนนทรี,quota,2026,9,,,1,1,1,https://admission.ku.ac.th/
10020111902001A,B1600,,โควตาพิเศษ 30 จังหวัด,quota,2026,9,,,1,1,1,https://admission.ku.ac.th/
10020111902001A,B1700,,โควตานักกีฬาดีเด่นฯ,quota,2026,1,,,1,1,1,https://admission.ku.ac.th/
10020111902001A,B2300,,โครงการความร่วมมือ,quota,2026,3,,,1,1,1,https://admission.ku.ac.th/
10020111902001A,B3600,,โควตา 6 จังหวัดชายฝั่งทะเลอันดามัน,quota,2026,3,,,1,1,1,https://admission.ku.ac.th/
10020111902001A,C2800,,Admission,admission,2026,25,,0,1,1,1,https://admission.ku.ac.th/
10020111902403A,A0100,A,ช้างเผือก (รอบ 1.1),portfolio,2026,12,,0,1,1,1,https://admission.ku.ac.th/
10020111902403A,A0100,B,ช้างเผือก (รอบ 1.1),portfolio,2026,12,,0,1,1,1,https://admission.ku.ac.th/
10020111902403A,A0100,C,ช้างเผือก (รอบ 1.1),portfolio,2026,10,,0,1,1,1,https://admission.ku.ac.th/
10020111902403A,B1300,A,เพชรนนทรี,quota,2026,2,,,1,1,1,https://admission.ku.ac.th/
10020111902403A,B1300,B,เพชรนนทรี,quota,2026,1,,,1,1,1,https://admission.ku.ac.th/
10020111902403A,B1300,C,เพชรนนทรี,quota,2026,5,,,1,1,1,https://admission.ku.ac.th/
10020111902403A,B1600,A,โควตาพิเศษ 30 จังหวัด,quota,2026,4,,,1,1,1,https://admission.ku.ac.th/
10020111902403A,B1600,B,โควตาพิเศษ 30 จังหวัด,quota,2026,2,,,1,1,1,https://admission.ku.ac.th/
10020111902403A,B1600,C,โควตาพิเศษ 30 จังหวัด,quota,2026,5,,,1,1,1,https://admission.ku.ac.th/
10020111902403A,C2800,A,Admission,admission,2026,20,,0,1,1,1,https://admission.ku.ac.th/
10020111902403A,C2800,B,Admission,admission,2026,20,,0,1,1,1,https://admission.ku.ac.th/
10020111902403A,C2800,C,Admission,admission,2026,13,,0,1,1,1,https://admission.ku.ac.th/
10020111902501A,A0100,,ช้างเผือก (รอบ 1.1),portfolio,2026,5,,0,1,1,1,https://admission.ku.ac.th/
10020111902501A,B1100,,นักเรียนดีเด่นจากโรงเรียนสาธิตแห่ง มก.,quota,2026,3,,,1,1,1,https://admission.ku.ac.th/
10020111902501A,C2800,,Admission,admission,2026,45,,0,1,1,1,https://admission.ku.ac.th/
10020111902501B,C2800,,Admission,admission,2026,96,,0,1,1,1,https://admission.ku.ac.th/
10020111903301A,A0100,A,ช้างเผือก (รอบ 1.1),portfolio,2026,12,,0,1,1,1,https://admission.ku.ac.th/
10020111903301A,A0100,B,ช้างเผือก (รอบ 1.1),portfolio,2026,8,,0,1,1,1,https://admission.ku.ac.th/
10020111903301A,A1800,A,โควตาศิลปวัฒนธรรมและซอฟต์พาวเวอร์,portfolio,2026,3,,0,1,1,1,https://admission.ku.ac.th/
10020111903301A,A1800,B,โควตาศิลปวัฒนธรรมและซอฟต์พาวเวอร์,portfolio,2026,2,,0,1,1,1,https://admission.ku.ac.th/
10020111903301A,C2800,A,Admission,admission,2026,30,,0,1,1,1,https://admission.ku.ac.th/
10020111903301A,C2800,B,Admission,admission,2026,20,,0,1,1,1,https://admission.ku.ac.th/
10020111903801A,B1100,,นักเรียนดีเด่นจากโรงเรียนสาธิตแห่ง มก.,quota,2026,1,,,1,1,1,https://admission.ku.ac.th/
10020111903801A,B1600,,โควตาพิเศษ 30 จังหวัด,quota,2026,5,,,1,1,1,https://admission.ku.ac.th/
10020111903801A,C2800,,Admission,admission,2026,40,,0,1,1,1,https://admission.ku.ac.th/
10020111904301A,C2800,,Admission,admission,2026,24,,0,1,1,1,https://admission.ku.ac.th/
10020112610101A,A0400,,รับนักกีฬาดีเด่น,portfolio,2026,4,,0,1,1,1,https://admission.ku.ac.th/
10020112610101A,B1100,,นักเรียนดีเด่นจากโรงเรียนสาธิตแห่ง มก.,quota,2026,5,,,1,1,1,https://admission.ku.ac.th/
10020112610101A,B1600,,โควตาพิเศษ 30 จังหวัด,quota,2026,35,,,1,1,1,https://admission.ku.ac.th/
10020112610101A,B3600,,โควตา 6 จังหวัดชายฝั่งทะเลอันดามัน,quota,2026,5,,,1,1,1,https://admission.ku.ac.th/
10020112610101A,C2800,,Admission,admission,2026,25,,0,1,1,1,https://admission.ku.ac.th/
10020112610201A,A0100,,ช้างเผือก (รอบ 1.1),portfolio,2026,3,,0,1,1,1,https://admission.ku.ac.th/
10020112610201A,A0400,,รับนักกีฬาดีเด่น,portfolio,2026,1,,0,1,1,1,https://admission.ku.ac.th/
10020112610201A,B1100,,นักเรียนดีเด่นจากโรงเรียนสาธิตแห่ง มก.,quota,2026,5,,,1,1,1,https://admission.ku.ac.th/
10020112610201A,B1300,,เพชรนนทรี,quota,2026,2,,,1,1,1,https://admission.ku.ac.th/
10020112610201A,B1600,,โควตาพิเศษ 30 จังหวัด,quota,2026,24,,,1,1,1,https://admission.ku.ac.th/
10020112610201A,C2800,,Admission,admission,2026,60,,0,1,1,1,https://admission.ku.ac.th/
10020112610202A,A0100,,ช้างเผือก (รอบ 1.1),portfolio,2026,35,,0,1,1,1,https://admission.ku.ac.th/
10020112610202A,A0400,,รับนักกีฬาดีเด่น,portfolio,2026,1,,0,1,1,1,https://admission.ku.ac.th/
10020112610202A,B1100,,นักเรียนดีเด่นจากโรงเรียนสาธิตแห่ง มก.,quota,2026,7,,,1,1,1,https://admission.ku.ac.th/
10020112610202A,B1600,,โควตาพิเศษ 30 จังหวัด,quota,2026,10,,,1,1,1,https://admission.ku.ac.th/
10020112610202A,B3600,,โควตา 6 จังหวัดชายฝั่งทะเลอันดามัน,quota,2026,4,,,1,1,1,https://admission.ku.ac.th/
10020112610202A,C2800,,Admission,admission,2026,38,,0,1,1,1,https://admission.ku.ac.th/
10020112610501A,A0101,,ช้างเผือก (รอบ 1.2),portfolio,2026,10,,0,1,1,1,https://admission.ku.ac.th/
10020112610501A,B1100,,นักเรียนดีเด่นจากโรงเรียนสาธิตแห่ง มก.,quota,2026,5,,,1,1,1,https://admission.ku.ac.th/
10020112610501A,B1600,,โควตาพิเศษ 30 จังหวัด,quota,2026,20,,,1,1,1,https://admission.ku.ac.th/
10020112610501A,C2800,,Admission,admission,2026,70,,0,1,1,1,https://admission.ku.ac.th/
10020112610501B,B1100,,นักเรียนดีเด่นจากโรงเรียนสาธิตแห่ง มก.,quota,2026,5,,,1,1,1,https://admission.ku.ac.th/
10020112610501B,B1600,,โควตาพิเศษ 30 จังหวัด,quota,2026,10,,,1,1,1,https://admission.ku.ac.th/
10020112610501B,C2800,,Admission,admission,2026,110,,0,1,1,1,https://admission.ku.ac.th/
10020112610501E,A0300,,หลักสูตรนานาชาติและหลักสูตรภาษาอังกฤษ (รอบ 1.1),portfolio,2026,30,,0,1,1,1,https://admission.ku.ac.th/
10020112610501E,B1100,,นักเรียนดีเด่นจากโรงเรียนสาธิตแห่ง มก.,quota,2026,2,,,1,1,1,https://admission.ku.ac.th/
10020112610501E,B5000,,หลักสูตรนานาชาติและหลักสูตรภาษาอังกฤษ (รอบ 2),quota,2026,28,,,1,1,1,https://admission.ku.ac.th/
10020112610601A,A0200,,เรียนล่วงหน้า,portfolio,2026,10,,0,1,1,1,https://admission.ku.ac.th/
10020112610601A,A0400,,รับนักกีฬาดีเด่น,portfolio,2026,2,,0,1,1,1,https://admission.ku.ac.th/
10020112610601A,A1800,,โควตาศิลปวัฒนธรรมและซอฟต์พาวเวอร์,portfolio,2026,2,,0,1,1,1,https://admission.ku.ac.th/
10020112610601A,B1100,,นักเรียนดีเด่นจากโรงเรียนสาธิตแห่ง มก.,quota,2026,20,,,1,1,1,https://admission.ku.ac.th/
10020112610601A,B1200,,เมล็ดพันธุ์สู่ศาสตร์แห่งแผ่นดิน,quota,2026,5,,,1,1,1,https://admission.ku.ac.th/
10020112610601A,B1300,,เพชรนนทรี,quota,2026,3,,,1,1,1,https://admission.ku.ac.th/
10020112610601A,B1400,,ลูกพระพิรุณ,quota,2026,5,,,1,1,1,https://admission.ku.ac.th/
10020112610601A,B1600,,โควตาพิเศษ 30 จังหวัด,quota,2026,45,,,1,1,1,https://admission.ku.ac.th/
10020112610601A,B1700,,โควตานักกีฬาดีเด่นฯ,quota,2026,1,,,1,1,1,https://admission.ku.ac.th/
10020112610601A,B3400,,โครงการรับนิสิตพิเศษ,quota,2026,2,,,1,1,1,https://admission.ku.ac.th/
10020112610601A,B3600,,โควตา 6 จังหวัดชายฝั่งทะเลอันดามัน,quota,2026,2,,,1,1,1,https://admission.ku.ac.th/
10020112610601A,C2800,,Admission,admission,2026,15,,0,1,1,1,https://admission.ku.ac.th/
10020112610601E,A0200,,เรียนล่วงหน้า,portfolio,2026,20,,0,1,1,1,https://admission.ku.ac.th/
10020112610601E,A0300,,หลักสูตรนานาชาติและหลักสูตรภาษาอังกฤษ (รอบ 1.1),portfolio,2026,150,,0,1,1,1,https://admission.ku.ac.th/
10020112610601E,B1100,,นักเรียนดีเด่นจากโรงเรียนสาธิตแห่ง มก.,quota,2026,10,,,1,1,1,https://admission.ku.ac.th/
10020112610601E,B2300,,โครงการความร่วมมือ,quota,2026,10,,,1,1,1,https://admission.ku.ac.th/
10020112610601E,B5000,,หลักสูตรนานาชาติและหลักสูตรภาษาอังกฤษ (รอบ 2),quota,2026,60,,,1,1,1,https://admission.ku.ac.th/
10020112610801E,A0300,,หลักสูตรนานาชาติและหลักสูตรภาษาอังกฤษ (รอบ 1.1),portfolio,2026,100,,0,1,1,1,https://admission.ku.ac.th/
10020112610801E,B5000,,หลักสูตรนานาชาติและหลักสูตรภาษาอังกฤษ (รอบ 2),quota,2026,40,,,1,1,1,https://admission.ku.ac.th/
10020113112901A,A0101,,ช้างเผือก (รอบ 1.2),portfolio,2026,10,,0,1,1,1,https://admission.ku.ac.th/
10020113112901A,A0200,,เรียนล่วงหน้า,portfolio,2026,5,,0,1,1,1,https://admission.ku.ac.th/
10020113112901A,A0400,,รับนักกีฬาดีเด่น,portfolio,2026,1,,0,1,1,1,https://admission.ku.ac.th/
10020113112901A,A1800,,โควตาศิลปวัฒนธรรมและซอฟต์พาวเวอร์,portfolio,2026,1,,0,1,1,1,https://admission.ku.ac.th/
10020113112901A,B1100,,นักเรียนดีเด่นจากโรงเรียนสาธิตแห่ง มก.,quota,2026,1,,,1,1,1,https://admission.ku.ac.th/
10020113112901A,B1200,,เมล็ดพันธุ์สู่ศาสตร์แห่งแผ่นดิน,quota,2026,1,,,1,1,1,https://admission.ku.ac.th/
10020113112901A,B1400,,ลูกพระพิรุณ,quota,2026,1,,,1,1,1,https://admission.ku.ac.th/
10020113112901A,B1600,,โควตาพิเศษ 30 จังหวัด,quota,2026,5,,,1,1,1,https://admission.ku.ac.th/
10020113112901A,C2800,,Admission,admission,2026,40,,0,1,2,2,https://admission.ku.ac.th/
10020113112901B,A0101,,ช้างเผือก (รอบ 1.2),portfolio,2026,10,,0,1,1,1,https://admission.ku.ac.th/
10020113112901B,B1100,,นักเรียนดีเด่นจากโรงเรียนสาธิตแห่ง มก.,quota,2026,1,,,1,1,1,https://admission.ku.ac.th/
10020113112901B,B1400,,ลูกพระพิรุณ,quota,2026,1,,,1,1,1,https://admission.ku.ac.th/
10020113112901B,B1600,,โควตาพิเศษ 30 จังหวัด,quota,2026,10,,,1,1,1,https://admission.ku.ac.th/
10020113112901B,C2800,,Admission,admission,2026,60,,0,1,2,2,https://admission.ku.ac.th/
10020113112902A,A0200,,เรียนล่วงหน้า,portfolio,2026,5,,0,1,1,1,https://admission.ku.ac.th/
10020113112902A,A0400,,รับนักกีฬาดีเด่น,portfolio,2026,2,,0,1,1,1,https://admission.ku.ac.th/
10020113112902A,A1800,,โควตาศิลปวัฒนธรรมและซอฟต์พาวเวอร์,portfolio,2026,1,,0,1,1,1,https://admission.ku.ac.th/
10020113112902A,B1100,,นักเรียนดีเด่นจากโรงเรียนสาธิตแห่ง มก.,quota,2026,1,,,1,1,1,https://admission.ku.ac.th/
10020113112902A,B1200,,เมล็ดพันธุ์สู่ศาสตร์แห่งแผ่นดิน,quota,2026,4,,,1,1,1,https://admission.ku.ac.th/
10020113112902A,B1300,,เพชรนนทรี,quota,2026,3,,,1,1,1,https://admission.ku.ac.th/
10020113112902A,B1400,,ลูกพระพิรุณ,quota,2026,1,,,1,1,1,https://admission.ku.ac.th/
10020113112902A,B1600,,โควตาพิเศษ 30 จังหวัด,quota,2026,35,,,1,1,1,https://admission.ku.ac.th/
10020113112902A,B1700,,โควตานักกีฬา,quota,2026,3,,,1,1,1,https://admission.ku.ac.th/
10020113112902A,C2800,,Admission,admission,2026,37,,0,1,2,2,https://admission.ku.ac.th/
10020113112902B,A0101,,ช้างเผือก (รอบ 1.2),portfolio,2026,18,,0,1,1,1,https://admission.ku.ac.th/
10020113112902B,A0400,,รับนักกีฬาดีเด่น,portfolio,2026,2,,0,1,1,1,https://admission.ku.ac.th/
10020113112902B,A1800,,โควตาศิลปวัฒนธรรมและซอฟต์พาวเวอร์,portfolio,2026,1,,0,1,1,1,https://admission.ku.ac.th/
10020113112902B,B1100,,นักเรียนดีเด่นจากโรงเรียนสาธิตแห่ง มก.,quota,2026,1,,,1,1,1,https://admission.ku.ac.th/
10020113112902B,B1200,,เมล็ดพันธุ์สู่ศาสตร์แห่งแผ่นดิน,quota,2026,1,,,1,1,1,https://admission.ku.ac.th/
10020113112902B,B1300,,เพชรนนทรี,quota,2026,2,,,1,1,1,https://admission.ku.ac.th/
10020113112902B,B1400,,ลูกพระพิรุณ,quota,2026,2,,,1,1,1,https://admission.ku.ac.th/
10020113112902B,B1600,,โควตาพิเศษ 30 จังหวัด,quota,2026,18,,,1,1,1,https://admission.ku.ac.th/
10020113112902B,B1700,,โควตานักกีฬา,quota,2026,3,,,1,1,1,https://admission.ku.ac.th/
10020113112902B,B3400,,โครงการรับนิสิตพิเศษ,quota,2026,1,,,1,1,1,https://admission.ku.ac.th/
10020113112902B,C2800,,Admission,admission,2026,39,,0,1,2,2,https://admission.ku.ac.th/
10020114400201A,A0100,,ช้างเผือก (รอบ 1.1),portfolio,2026,15,,0,1,1,1,https://admission.ku.ac.th/
10020114400201A,A0400,,รับนักกีฬาดีเด่น,portfolio,2026,1,,0,1,1,1,https://admission.ku.ac.th/
10020114400201A,A1800,,โควตาศิลปวัฒนธรรมและซอฟต์พาวเวอร์,portfolio,2026,1,,0,1,1,1,https://admission.ku.ac.th/
10020114400201A,B1100,,นักเรียนดีเด่นจากโรงเรียนสาธิตแห่ง มก.,quota,2026,1,,,1,1,1,https://admission.ku.ac.th/
10020114400201A,B1200,,เมล็ดพันธุ์สู่ศาสตร์แห่งแผ่นดิน,quota,2026,2,,,1,1,1,https://admission.ku.ac.th/
10020114400201A,B1300,,เพชรนนทรี,quota,2026,2,,,1,1,1,https://admission.ku.ac.th/
10020114400201A,B1600,,โควตาพิเศษ 30 จังหวัด,quota,2026,5,,,1,1,1,https://admission.ku.ac.th/
10020114400201A,B1700,,โควตานักกีฬา,quota,2026,2,,,1,1,1,https://admission.ku.ac.th/
10020114400201A,C2800,,Admission,admission,2026,12,,0,1,1,1,https://admission.ku.ac.th/
10020114400301A,A0100,,ช้างเผือก (รอบ 1.1),portfolio,2026,25,,0,1,1,1,https://admission.ku.ac.th/
10020114400301A,A0400,,รับนักกีฬาดีเด่น,portfolio,2026,1,,0,1,1,1,https://admission.ku.ac.th/
10020114400301A,A1800,,โควตาศิลปวัฒนธรรมและซอฟต์พาวเวอร์,portfolio,2026,2,,0,1,1,1,https://admission.ku.ac.th/
10020114400301A,B1100,,นักเรียนดีเด่นจากโรงเรียนสาธิตแห่ง มก.,quota,2026,2,,,1,1,1,https://admission.ku.ac.th/
10020114400301A,B1300,,เพชรนนทรี,quota,2026,1,,,1,1,1,https://admission.ku.ac.th/
10020114400301A,B1600,,โควตาพิเศษ 30 จังหวัด,quota,2026,5,,,1,1,1,https://admission.ku.ac.th/
10020114400301A,B1700,,โควตานักกีฬา,quota,2026,2,,,1,1,1,https://admission.ku.ac.th/
10020114400301A,B2300,,โครงการความร่วมมือ,quota,2026,1,,,1,1,1,https://admission.ku.ac.th/
10020114400301A,C2800,,Admission,admission,2026,20,,0,1,1,1,https://admission.ku.ac.th/
10020114400501A,A0100,,ช้างเผือก (รอบ 1.1),portfolio,2026,30,,0,1,1,1,https://admission.ku.ac.th/
10020114400501A,A0400,,รับนักกีฬาดีเด่น,portfolio,2026,1,,0,1,1,1,https://admission.ku.ac.th/
10020114400501A,A1800,,โควตาศิลปวัฒนธรรมและซอฟต์พาวเวอร์,portfolio,2026,2,,0,1,1,1,https://admission.ku.ac.th/
10020114400501A,B1100,,นักเรียนดีเด่นจากโรงเรียนสาธิตแห่ง มก.,quota,2026,2,,,1,1,1,https://admission.ku.ac.th/
10020114400501A,B1300,,เพชรนนทรี,quota,2026,2,,,1,1,1,https://admission.ku.ac.th/
10020114400501A,B1600,,โควตาพิเศษ 30 จังหวัด,quota,2026,22,,,1,1,1,https://admission.ku.ac.th/
10020114400501A,B1700,,โควตานักกีฬาดีเด่นฯ,quota,2026,1,,,1,1,1,https://admission.ku.ac.th/
10020114400501A,B2300,,โครงการความร่วมมือ,quota,2026,5,,,1,1,1,https://admission.ku.ac.th/
10020114400501A,C2800,,Admission,admission,2026,20,,0,1,1,1,https://admission.ku.ac.th/
10020114400502A,A0100,,ช้างเผือก (รอบ 1.1),portfolio,2026,10,,0,1,1,1,https://admission.ku.ac.th/
10020114400502A,A0400,,รับนักกีฬาดีเด่น,portfolio,2026,1,,0,1,1,1,https://admission.ku.ac.th/
10020114400502A,A1800,,โควตาศิลปวัฒนธรรมและซอฟต์พาวเวอร์,portfolio,2026,1,,0,1,1,1,https://admission.ku.ac.th/
10020114400502A,B1100,,นักเรียนดีเด่นจากโรงเรียนสาธิตแห่ง มก.,quota,2026,1,,,1,1,1,https://admission.ku.ac.th/
10020114400502A,B1300,,เพชรนนทรี,quota,2026,4,,,1,1,1,https://admission.ku.ac.th/
10020114400502A,B1600,,โควตาพิเศษ 30 จังหวัด,quota,2026,8,,,1,1,1,https://admission.ku.ac.th/
10020114400502A,B1700,,โควตานักกีฬา,quota,2026,2,,,1,1,1,https://admission.ku.ac.th/
10020114400502A,C2800,,Admission,admission,2026,26,,0,1,1,1,https://admission.ku.ac.th/
10020115210101A,A0100,,ช้างเผือก (รอบ 1.1),portfolio,2026,60,,0,1,1,1,https://admission.ku.ac.th/
10020115210101A,A0200,,เรียนล่วงหน้า,portfolio,2026,5,,0,1,1,1,https://admission.ku.ac.th/
10020115210101A,A0400,,รับนักกีฬาดีเด่น,portfolio,2026,2,,0,1,1,1,https://admission.ku.ac.th/
10020115210101A,A1800,,โควตาศิลปวัฒนธรรมและซอฟต์พาวเวอร์,portfolio,2026,3,,0,1,1,1,https://admission.ku.ac.th/
10020115210101A,B1100,,นักเรียนดีเด่นจากโรงเรียนสาธิตแห่ง มก.,quota,2026,1,,,1,1,1,https://admission.ku.ac.th/
10020115210101A,B1200,,เมล็ดพันธุ์สู่ศาสตร์แห่งแผ่นดิน,quota,2026,2,,,1,1,1,https://admission.ku.ac.th/
10020115210101A,B1300,,เพชรนนทรี,quota,2026,15,,,1,1,1,https://admission.ku.ac.th/
10020115210101A,B1400,,ลูกพระพิรุณ,quota,2026,2,,,1,1,1,https://admission.ku.ac.th/
10020115210101A,B1600,,โควตาพิเศษ 30 จังหวัด,quota,2026,30,,,1,1,1,https://admission.ku.ac.th/
10020115210101A,B1700,,โควตานักกีฬา,quota,2026,4,,,1,1,1,https://admission.ku.ac.th/
10020115210101A,B2300,,โครงการความร่วมมือ,quota,2026,1,,,1,1,1,https://admission.ku.ac.th/
10020115210101A,B3600,,โควตา 6 จังหวัดชายฝั่งทะเลอันดามัน,quota,2026,20,,,1,1,1,https://admission.ku.ac.th/
10020115210101A,C2800,,Admission,admission,2026,60,,0,1,2,2,https://admission.ku.ac.th/
10020115210102A,A0100,,ช้างเผือก (รอบ 1.1),portfolio,2026,60,,0,1,1,1,https://admission.ku.ac.th/
10020115210102A,A0200,,เรียนล่วงหน้า,portfolio,2026,5,,0,1,1,1,https://admission.ku.ac.th/
10020115210102A,A0400,,รับนักกีฬาดีเด่น,portfolio,2026,2,,0,1,1,1,https://admission.ku.ac.th/
10020115210102A,A1800,,โควตาศิลปวัฒนธรรมและซอฟต์พาวเวอร์,portfolio,2026,3,,0,1,1,1,https://admission.ku.ac.th/
10020115210102A,B1100,,นักเรียนดีเด่นจากโรงเรียนสาธิตแห่ง มก.,quota,2026,1,,,1,1,1,https://admission.ku.ac.th/
10020115210102A,B1200,,เมล็ดพันธุ์สู่ศาสตร์แห่งแผ่นดิน,quota,2026,2,,,1,1,1,https://admission.ku.ac.th/
10020115210102A,B1300,,เพชรนนทรี,quota,2026,15,,,1,1,1,https://admission.ku.ac.th/
10020115210102A,B1400,,ลูกพระพิรุณ,quota,2026,1,,,1,1,1,https://admission.ku.ac.th/
10020115210102A,B1600,,โควตาพิเศษ 30 จังหวัด,quota,2026,24,,,1,1,1,https://admission.ku.ac.th/
10020115210102A,B1700,,โควตานักกีฬา,quota,2026,3,,,1,1,1,https://admission.ku.ac.th/
10020115210102A,B3600,,โควตา 6 จังหวัดชายฝั่งทะเลอันดามัน,quota,2026,15,,,1,1,1,https://admission.ku.ac.th/
10020115210102A,C2800,,Admission,admission,2026,40,,0,1,2,2,https://admission.ku.ac.th/
10020116210103A,A0100,,ช้างเผือก (รอบ 1.1),portfolio,2026,30,,0,1,1,1,https://admission.ku.ac.th/
10020116210103A,A0101,,ช้างเผือก (รอบ 1.2),portfolio,2026,20,,0,1,1,1,https://admission.ku.ac.th/
10020116210103A,A0200,,เรียนล่วงหน้า,portfolio,2026,5,,0,1,1,1,https://admission.ku.ac.th/
10020116210103A,A0400,,รับนักกีฬาดีเด่น,portfolio,2026,1,,0,1,1,1,https://admission.ku.ac.th/
10020116210103A,A1800,,โควตาศิลปวัฒนธรรมและซอฟต์พาวเวอร์,portfolio,2026,1,,0,1,1,1,https://admission.ku.ac.th/
10020116210103A,B1100,,นักเรียนดีเด่นจากโรงเรียนสาธิตแห่ง มก.,quota,2026,5,,,1,1,1,https://admission.ku.ac.th/
10020116210103A,B1200,,เมล็ดพันธุ์สู่ศาสตร์แห่งแผ่นดิน,quota,2026,2,,,1,1,1,https://admission.ku.ac.th/
10020116210103A,B1300,,เพชรนนทรี,quota,2026,3,,,1,1,1,https://admission.ku.ac.th/
10020116210103A,B1400,,ลูกพระพิรุณ,quota,2026,1,,,1,1,1,https://admission.ku.ac.th/
10020116210103A,B1600,,โควตาพิเศษ 30 จังหวัด,quota,2026,1,,,1,1,1,https://admission.ku.ac.th/
10020116210103A,B1700,,โควตานักกีฬาดีเด่นฯ,quota,2026,1,,,1,1,1,https://admission.ku.ac.th/
10020116210103A,B2300,,โครงการความร่วมมือ,quota,2026,1,,,1,1,1,https://admission.ku.ac.th/
10020116210103A,B3400,,โครงการรับนิสิตพิเศษ,quota,2026,1,,,1,1,1,https://admission.ku.ac.th/
10020116210103A,B3600,,โควตา 6 จังหวัดชายฝั่งทะเลอันดามัน,quota,2026,1,,,1,1,1,https://admission.ku.ac.th/
10020116210103A,C2836,,Admission (ศาสตร์แห่งแผ่นดินเพื่อการพัฒนาที่ยั่งยืน ใช้คะแนน A-Level),admission,2026,15,,0,1,1,1,https://admission.ku.ac.th/
10020116210103A,C2837,,Admission (ศาสตร์แห่งแผ่นดินเพื่อการพัฒนาที่ยั่งยืน ใช้คะแนน TPAT3),admission,2026,15,,0,1,1,1,https://admission.ku.ac.th/
10020117302102A,A0101,,ช้างเผือก (รอบ 1.2),portfolio,2026,40,,0,1,1,1,https://admission.ku.ac.th/
10020117302102A,A0200,,เรียนล่วงหน้า,portfolio,2026,5,,0,1,1,1,https://admission.ku.ac.th/
10020117302102A,B1100,,นักเรียนดีเด่นจากโรงเรียนสาธิตแห่ง มก.,quota,2026,1,,,1,1,1,https://admission.ku.ac.th/
10020117302102A,B1200,,เมล็ดพันธุ์สู่ศาสตร์แห่งแผ่นดิน,quota,2026,5,,,1,1,1,https://admission.ku.ac.th/
10020117302102A,B1400,,ลูกพระพิรุณ,quota,2026,5,,,1,1,1,https://admission.ku.ac.th/
10020117302102A,B1600,,โควตาพิเศษ 30 จังหวัด,quota,2026,9,,,1,1,1,https://admission.ku.ac.th/
10020117302102A,B2300,,โครงการความร่วมมือ,quota,2026,5,,,1,1,1,https://admission.ku.ac.th/
10020117302102A,C2800,,Admission,admission,2026,25,,0,1,2,2,https://admission.ku.ac.th/
10020134100101A,A0100,,ช้างเผือก (รอบ 1.1),portfolio,2026,10,,0,1,1,1,https://admission.ku.ac.th/
10020134100101A,A0200,,เรียนล่วงหน้า,portfolio,2026,5,,0,1,1,1,https://admission.ku.ac.th/
10020134100101A,B3500,,ส่งเสริมโอกาสศึกษาต่อในกลุ่มวิทยาศาสตร์สุขภาพ,quota,2026,12,,,1,1,1,https://admission.ku.ac.th/
10020136111701A,A0100,,ช้างเผือก (รอบ 1.1),portfolio,2026,10,,0,1,1,1,https://admission.ku.ac.th/
10020136111701A,A0200,,เรียนล่วงหน้า,portfolio,2026,10,,0,1,1,1,https://admission.ku.ac.th/
10020136111701A,B1100,,นักเรียนดีเด่นจากโรงเรียนสาธิตแห่ง มก.,quota,2026,3,,,1,1,1,https://admission.ku.ac.th/
10020136111701A,B1200,,เมล็ดพันธุ์สู่ศาสตร์แห่งแผ่นดิน,quota,2026,5,,,1,1,1,https://admission.ku.ac.th/
10020136111701A,B3500,,ส่งเสริมโอกาสศึกษาต่อในกลุ่มวิทยาศาสตร์สุขภาพ,quota,2026,20,,,1,1,1,https://admission.ku.ac.th/
10020136111701A,C2800,,Admission,admission,2026,26,,0,1,1,2,https://admission.ku.ac.th/
10020137130101A,B1100,,นักเรียนดีเด่นจากโรงเรียนสาธิตแห่ง มก.,quota,2026,2,,,1,1,1,https://admission.ku.ac.th/
10020137130101A,B3500,,ส่งเสริมโอกาสศึกษาต่อในกลุ่มวิทยาศาสตร์สุขภาพ,quota,2026,8,,,1,1,1,https://admission.ku.ac.th/
10020137130101A,C2800,,Admission,admission,2026,20,,0,1,1,1,https://admission.ku.ac.th/
10020202500601A,A0200,A,เรียนล่วงหน้า,portfolio,2026,10,,0,1,1,1,https://admission.ku.ac.th/
10020202500601A,A1000,A,รับเข้าด้วยแฟ้มสะสมผลงาน (Portfolio) (รอบ 1/1),portfolio,2026,50,,0,1,1,1,https://admission.ku.ac.th/
10020202500601A,B2500,A,รับตรงเขตพื้นที่การศึกษา,quota,2026,74,,,1,1,1,https://admission.ku.ac.th/
10020202500601A,C2800,A,Admission,admission,2026,86,,0,1,2,2,https://admission.ku.ac.th/
10020215210102A,A1000,,รับเข้าด้วยแฟ้มสะสมผลงาน (Portfolio) (รอบ 1/1),portfolio,2026,70,,0,1,1,1,https://admission.ku.ac.th/
10020215210102A,B2500,,รับตรงเขตพื้นที่การศึกษา,quota,2026,67,,,1,1,1,https://admission.ku.ac.th/
10020215210102A,C2800,,Admission,admission,2026,79,,0,1,2,2,https://admission.ku.ac.th/
10020219500102A,A0200,,เรียนล่วงหน้า,portfolio,2026,2,,0,1,1,1,https://admission.ku.ac.th/
10020219500102A,A1000,,รับเข้าด้วยแฟ้มสะสมผลงาน (Portfolio) (รอบ 1/1),portfolio,2026,33,,0,1,1,1,https://admission.ku.ac.th/
10020219500102A,B1100,,นักเรียนดีเด่นจากโรงเรียนสาธิตแห่ง มก.,quota,2026,1,,,1,1,1,https://admission.ku.ac.th/
10020219500102A,B2500,,รับตรงเขตพื้นที่การศึกษา,quota,2026,35,,,1,1,1,https://admission.ku.ac.th/
10020219500102A,C2840,,Admission (เครื่องจักรกลและเมคคาทรอนิกส์เกษตร ใช้คะแนน TGAT1/TPAT3),admission,2026,25,,0,1,2,2,https://admission.ku.ac.th/
10020219500102A,C2841,,Admission (เครื่องจักรกลและเมคคาทรอนิกส์เกษตร ใช้คะแนน A-Level),admission,2026,10,,0,1,2,2,https://admission.ku.ac.th/
10020219500201A,A0200,,เรียนล่วงหน้า,portfolio,2026,5,,0,1,1,1,https://admission.ku.ac.th/
10020219500201A,A0400,,รับนักกีฬาดีเด่น,portfolio,2026,1,,0,1,1,1,https://admission.ku.ac.th/
10020219500201A,A1000,,รับเข้าด้วยแฟ้มสะสมผลงาน (Portfolio) (รอบ 1/1),portfolio,2026,219,,0,1,1,1,https://admission.ku.ac.th/
10020219500201A,B1100,,นักเรียนดีเด่นจากโรงเรียนสาธิตแห่ง มก.,quota,2026,3,,,1,1,1,https://admission.ku.ac.th/
10020219500201A,B2500,,รับตรงเขตพื้นที่การศึกษา,quota,2026,133,,,1,1,1,https://admission.ku.ac.th/
10020219500201A,C2842,,Admission (เกษตรศาสตร์และเทคโนโลยีชีวภาพทางการเกษตร ใช้คะแนน TPAT3),admission,2026,60,,0,1,1,1,https://admission.ku.ac.th/
10020219500201A,C2843,,Admission (เกษตรศาสตร์และเทคโนโลยีชีวภาพทางการเกษตร ใช้คะแนน A-Level เคมีและชีววิทยา),admission,2026,50,,0,1,1,1,https://admission.ku.ac.th/
10020219500201A,C2844,,Admission (เกษตรศาสตร์และเทคโนโลยีชีวภาพทางการเกษตร ใช้คะแนน A-Level วิทยาศาสตร์ประยุกต์),admission,2026,30,,0,1,1,1,https://admission.ku.ac.th/
10020219500401A,A0200,,เรียนล่วงหน้า,portfolio,2026,4,,0,1,1,1,https://admission.ku.ac.th/
10020219500401A,A1000,,รับเข้าด้วยแฟ้มสะสมผลงาน (Portfolio) (รอบ 1/1),portfolio,2026,24,,0,1,1,1,https://admission.ku.ac.th/
10020219500401A,B1100,,นักเรียนดีเด่นจากโรงเรียนสาธิตแห่ง มก.,quota,2026,1,,,1,1,1,https://admission.ku.ac.th/
10020219500401A,B2500,,รับตรงเขตพื้นที่การศึกษา,quota,2026,25,,,1,1,1,https://admission.ku.ac.th/
10020219500401A,C2842,,Admission (เกษตรศาสตร์และเทคโนโลยีชีวภาพทางการเกษตร ใช้คะแนน TPAT3),admission,2026,9,,0,1,2,2,https://admission.ku.ac.th/
10020219500401A,C2843,,Admission (เกษตรศาสตร์และเทคโนโลยีชีวภาพทางการเกษตร ใช้คะแนน A-Level เคมีและชีววิทยา),admission,2026,9,,0,1,2,2,https://admission.ku.ac.th/
10020219500401A,C2844,,Admission (เกษตรศาสตร์และเทคโนโลยีชีวภาพทางการเกษตร ใช้คะแนน A-Level วิทยาศาสตร์ประยุกต์),admission,2026,9,,0,1,2,2,https://admission.ku.ac.th/
10020219501201A,A0200,,เรียนล่วงหน้า,portfolio,2026,5,,0,1,1,1,https://admission.ku.ac.th/
10020219501201A,A1000,,รับเข้าด้วยแฟ้มสะสมผลงาน (Portfolio) (รอบ 1/1),portfolio,2026,57,,0,1,1,1,https://admission.ku.ac.th/
10020219501201A,B1100,,นักเรียนดีเด่นจากโรงเรียนสาธิตแห่ง มก.,quota,2026,1,,,1,1,1,https://admission.ku.ac.th/
10020219501201A,B2500,,รับตรงเขตพื้นที่การศึกษา,quota,2026,35,,,1,1,1,https://admission.ku.ac.th/
10020219501201A,C2845,,Admission (สัตวศาสตร์ ใช้คะแนน TPAT3),admission,2026,25,,0,1,2,2,https://admission.ku.ac.th/
10020219501201A,C2846,,Admission (สัตวศาสตร์ ใช้คะแนน A-Level),admission,2026,12,,0,1,2,2,https://admission.ku.ac.th/
10020220300501A,A1000,,รับเข้าด้วยแฟ้มสะสมผลงาน (Portfolio) (รอบ 1/1),portfolio,2026,20,,0,1,1,1,https://admission.ku.ac.th/
10020220300501A,B1100,,นักเรียนดีเด่นจากโรงเรียนสาธิตแห่ง มก.,quota,2026,1,,,1,1,1,https://admission.ku.ac.th/
10020220300501A,B2500,,รับตรงเขตพื้นที่การศึกษา,quota,2026,24,,,1,1,1,https://admission.ku.ac.th/
10020220300501A,C2800,,Admission,admission,2026,51,,0,1,2,2,https://admission.ku.ac.th/
10020220300701A,A1000,,รับเข้าด้วยแฟ้มสะสมผลงาน (Portfolio) (รอบ 1/1),portfolio,2026,15,,0,1,1,1,https://admission.ku.ac.th/
10020220300701A,B1100,,นักเรียนดีเด่นจากโรงเรียนสาธิตแห่ง มก.,quota,2026,1,,,1,1,1,https://admission.ku.ac.th/
10020220300701A,B2500,,รับตรงเขตพื้นที่การศึกษา,quota,2026,24,,,1,1,1,https://admission.ku.ac.th/
10020220300701A,C2800,,Admission,admission,2026,35,,0,1,2,2,https://admission.ku.ac.th/
10020220300701B,A1000,,รับเข้าด้วยแฟ้มสะสมผลงาน (Portfolio) (รอบ 1/1),portfolio,2026,10,,0,1,1,1,https://admission.ku.ac.th/
10020220300701B,B2500,,รับตรงเขตพื้นที่การศึกษา,quota,2026,20,,,1,1,1,https://admission.ku.ac.th/
10020220300701B,C2800,,Admission,admission,2026,30,,0,1,2,2,https://admission.ku.ac.th/
10020220300702A,A1000,,รับเข้าด้วยแฟ้มสะสมผลงาน (Portfolio) (รอบ 1/1),portfolio,2026,30,,0,1,1,1,https://admission.ku.ac.th/
10020220300702A,B1100,,นักเรียนดีเด่นจากโรงเรียนสาธิตแห่ง มก.,quota,2026,1,,,1,1,1,https://admission.ku.ac.th/
10020220300702A,B2500,,รับตรงเขตพื้นที่การศึกษา,quota,2026,22,,,1,1,1,https://admission.ku.ac.th/
10020220300702A,C2800,,Admission,admission,2026,29,,0,1,1,2,https://admission.ku.ac.th/
10020220302102A,A1000,,รับเข้าด้วยแฟ้มสะสมผลงาน (Portfolio) (รอบ 1/1),portfolio,2026,50,,0,1,1,1,https://admission.ku.ac.th/
10020220302102A,B1100,,นักเรียนดีเด่นจากโรงเรียนสาธิตแห่ง มก.,quota,2026,1,,,1,1,1,https://admission.ku.ac.th/
10020220302102A,B2500,,รับตรงเขตพื้นที่การศึกษา,quota,2026,25,,,1,1,1,https://admission.ku.ac.th/
10020220302102A,C2800,,Admission,admission,2026,20,,0,1,2,2,https://admission.ku.ac.th/
10020220302103A,A1000,,รับเข้าด้วยแฟ้มสะสมผลงาน (Portfolio) (รอบ 1/1),portfolio,2026,30,,0,1,1,1,https://admission.ku.ac.th/
10020220302103A,B2500,,รับตรงเขตพื้นที่การศึกษา,quota,2026,35,,,1,1,1,https://admission.ku.ac.th/
10020220302103A,C2800,,Admission,admission,2026,40,,0,1,2,2,https://admission.ku.ac.th/
10020220302103B,A1000,,รับเข้าด้วยแฟ้มสะสมผลงาน (Portfolio) (รอบ 1/1),portfolio,2026,20,,0,1,1,1,https://admission.ku.ac.th/
10020220302103B,B2500,,รับตรงเขตพื้นที่การศึกษา,quota,2026,24,,,1,1,1,https://admission.ku.ac.th/
10020220302103B,C2800,,Admission,admission,2026,29,,0,1,2,2,https://admission.ku.ac.th/
10020220303301A,A1000,,รับเข้าด้วยแฟ้มสะสมผลงาน (Portfolio) (รอบ 1/1),portfolio,2026,30,,0,1,1,1,https://admission.ku.ac.th/
10020220303301A,B1100,,นักเรียนดีเด่นจากโรงเรียนสาธิตแห่ง มก.,quota,2026,4,,,1,1,1,https://admission.ku.ac.th/
10020220303301A,B2500,,รับตรงเขตพื้นที่การศึกษา,quota,2026,20,,,1,1,1,https://admission.ku.ac.th/
10020220303301A,C2800,,Admission,admission,2026,32,,0,1,2,2,https://admission.ku.ac.th/
10020220303503A,A0200,,เรียนล่วงหน้า,portfolio,2026,1,,0,1,1,1,https://admission.ku.ac.th/
10020220303503A,A1000,,รับเข้าด้วยแฟ้มสะสมผลงาน (Portfolio) (รอบ 1/1),portfolio,2026,30,,0,1,1,1,https://admission.ku.ac.th/
10020220303503A,B1100,,นักเรียนดีเด่นจากโรงเรียนสาธิตแห่ง มก.,quota,2026,1,,,1,1,1,https://admission.ku.ac.th/
10020220303503A,B2500,,รับตรงเขตพื้นที่การศึกษา,quota,2026,39,,,1,1,1,https://admission.ku.ac.th/
10020220303503A,C2800,,Admission,admission,2026,25,,0,1,2,2,https://admission.ku.ac.th/
10020220303601A,A1000,,รับเข้าด้วยแฟ้มสะสมผลงาน (Portfolio) (รอบ 1/1),portfolio,2026,17,,0,1,1,1,https://admission.ku.ac.th/
10020220303601A,B1100,,นักเรียนดีเด่นจากโรงเรียนสาธิตแห่ง มก.,quota,2026,1,,,1,1,1,https://admission.ku.ac.th/
10020220303601A,B2500,,รับตรงเขตพื้นที่การศึกษา,quota,2026,10,,,1,1,1,https://admission.ku.ac.th/
10020220303601A,C2800,,Admission,admission,2026,18,,0,1,1,1,https://admission.ku.ac.th/
10020221500201A,A1000,,รับเข้าด้วยแฟ้มสะสมผลงาน (Portfolio) (รอบ 1/1),portfolio,2026,60,,0,1,1,1,https://admission.ku.ac.th/
10020221500201A,A1001,,รับเข้าด้วยแฟ้มสะสมผลงาน (Portfolio) (รอบ 1/2),portfolio,2026,20,,0,1,1,1,https://admission.ku.ac.th/
10020221500201A,B2500,,รับตรงเขตพื้นที่การศึกษา,quota,2026,44,,,1,1,1,https://admission.ku.ac.th/
10020221500201A,C2800,,Admission,admission,2026,55,,0,1,1,1,https://admission.ku.ac.th/
10020221700401A,A1000,G,รับเข้าด้วยแฟ้มสะสมผลงาน (Portfolio) (รอบ 1/1),portfolio,2026,10,,0,1,1,1,https://admission.ku.ac.th/
10020221700401A,A1001,D,รับเข้าด้วยแฟ้มสะสมผลงาน (Portfolio) (รอบ 1/2),portfolio,2026,20,,0,1,1,1,https://admission.ku.ac.th/
10020221700401A,A1001,G,รับเข้าด้วยแฟ้มสะสมผลงาน (Portfolio) (รอบ 1/2),portfolio,2026,20,,0,1,1,1,https://admission.ku.ac.th/
10020221700401A,B1100,D,นักเรียนดีเด่นจากโรงเรียนสาธิตแห่ง มก.,quota,2026,2,,,1,1,1,https://admission.ku.ac.th/
10020221700401A,B1100,E,นักเรียนดีเด่นจากโรงเรียนสาธิตแห่ง มก.,quota,2026,1,,,1,1,1,https://admission.ku.ac.th/
10020221700401A,B1100,F,นักเรียนดีเด่นจากโรงเรียนสาธิตแห่ง มก.,quota,2026,1,,,1,1,1,https://admission.ku.ac.th/
10020221700401A,B1100,G,นักเรียนดีเด่นจากโรงเรียนสาธิตแห่ง มก.,quota,2026,1,,,1,1,1,https://admission.ku.ac.th/
10020221700401A,B1100,I,นักเรียนดีเด่นจากโรงเรียนสาธิตแห่ง มก.,quota,2026,3,,,1,1,1,https://admission.ku.ac.th/
10020221700401A,B2500,D,รับตรงเขตพื้นที่การศึกษา,quota,2026,63,,,1,1,1,https://admission.ku.ac.th/
10020221700401A,B2500,E,รับตรงเขตพื้นที่การศึกษา,quota,2026,49,,,1,1,1,https://admission.ku.ac.th/
10020221700401A,B2500,F,รับตรงเขตพื้นที่การศึกษา,quota,2026,39,,,1,1,1,https://admission.ku.ac.th/
10020221700401A,B2500,G,รับตรงเขตพื้นที่การศึกษา,quota,2026,32,,,1,1,1,https://admission.ku.ac.th/
10020221700401A,B2500,I,รับตรงเขตพื้นที่การศึกษา,quota,2026,24,,,1,1,1,https://admission.ku.ac.th/
10020221700401A,C2800,D,Admission,admission,2026,15,,0,1,1,1,https://admission.ku.ac.th/
10020221700401A,C2800,E,Admission,admission,2026,24,,0,1,2,2,https://admission.ku.ac.th/
10020221700401A,C2800,F,Admission,admission,2026,20,,0,1,2,2,https://admission.ku.ac.th/
10020221700401A,C2800,G,Admission,admission,2026,50,,0,1,2,2,https://admission.ku.ac.th/
10020221700401A,C2800,I,Admission,admission,2026,25,,0,1,1,1,https://admission.ku.ac.th/
10020222210302A,A0200,,เรียนล่วงหน้า,portfolio,2026,3,,0,1,1,1,https://admission.ku.ac.th/
10020222210302A,A1000,,รับเข้าด้วยแฟ้มสะสมผลงาน (Portfolio) (รอบ 1/1),portfolio,2026,28,,0,1,1,1,https://admission.ku.ac.th/
10020222210302A,B1100,,นักเรียนดีเด่นจากโรงเรียนสาธิตแห่ง มก.,quota,2026,1,,,1,1,1,https://admission.ku.ac.th/
10020222210302A,B2500,,รับตรงเขตพื้นที่การศึกษา,quota,2026,32,,,1,1,1,https://admission.ku.ac.th/
10020222210302A,C2800,,Admission,admission,2026,39,,0,1,1,1,https://admission.ku.ac.th/
10020222210401A,A1000,,รับเข้าด้วยแฟ้มสะสมผลงาน (Portfolio) (รอบ 1/1),portfolio,2026,40,,0,1,1,1,https://admission.ku.ac.th/
10020222210401A,B2500,,รับตรงเขตพื้นที่การศึกษา,quota,2026,41,,,1,1,1,https://admission.ku.ac.th/
10020222210401A,C2800,,Admission,admission,2026,50,,0,1,1,1,https://admission.ku.ac.th/
10020222210501A,A1000,,รับเข้าด้วยแฟ้มสะสมผลงาน (Portfolio) (รอบ 1/1),portfolio,2026,40,,0,1,1,1,https://admission.ku.ac.th/
10020222210501A,B2500,,รับตรงเขตพื้นที่การศึกษา,quota,2026,69,,,1,1,1,https://admission.ku.ac.th/
10020222210501A,C2800,,Admission,admission,2026,63,,0,1,2,2,https://admission.ku.ac.th/
10020222210703A,A1000,,รับเข้าด้วยแฟ้มสะสมผลงาน (Portfolio) (รอบ 1/1),portfolio,2026,30,,0,1,1,1,https://admission.ku.ac.th/
10020222210703A,B2500,,รับตรงเขตพื้นที่การศึกษา,quota,2026,38,,,1,1,1,https://admission.ku.ac.th/
10020222210703A,C2800,,Admission,admission,2026,51,,0,1,1,1,https://admission.ku.ac.th/
10020222212502A,A1000,,รับเข้าด้วยแฟ้มสะสมผลงาน (Portfolio) (รอบ 1/1),portfolio,2026,34,,0,1,1,1,https://admission.ku.ac.th/
10020222212502A,B2500,,รับตรงเขตพื้นที่การศึกษา,quota,2026,30,,,1,1,1,https://admission.ku.ac.th/
10020222212502A,C2800,,Admission,admission,2026,39,,0,1,1,1,https://admission.ku.ac.th/
10020222212701A,A0200,,เรียนล่วงหน้า,portfolio,2026,5,,0,1,1,1,https://admission.ku.ac.th/
10020222212701A,A1000,,รับเข้าด้วยแฟ้มสะสมผลงาน (Portfolio) (รอบ 1/1),portfolio,2026,28,,0,1,1,1,https://admission.ku.ac.th/
10020222212701A,B2500,,รับตรงเขตพื้นที่การศึกษา,quota,2026,32,,,1,1,1,https://admission.ku.ac.th/
10020222212701A,C2800,,Admission,admission,2026,37,,0,1,1,1,https://admission.ku.ac.th/
10020222220101A,A1000,,รับเข้าด้วยแฟ้มสะสมผลงาน (Portfolio) (รอบ 1/1),portfolio,2026,30,,0,1,1,1,https://admission.ku.ac.th/
10020222220101A,B2500,,รับตรงเขตพื้นที่การศึกษา,quota,2026,20,,,1,1,1,https://admission.ku.ac.th/
10020222220101A,C2800,,Admission,admission,2026,23,,0,1,1,1,https://admission.ku.ac.th/
10020222220101B,A1000,,รับเข้าด้วยแฟ้มสะสมผลงาน (Portfolio) (รอบ 1/1),portfolio,2026,70,,0,1,1,1,https://admission.ku.ac.th/
10020222220101B,B2500,,รับตรงเขตพื้นที่การศึกษา,quota,2026,50,,,1,1,1,https://admission.ku.ac.th/
10020222220101B,C2800,,Admission,admission,2026,78,,0,1,1,1,https://admission.ku.ac.th/
10020222220201A,A1000,,รับเข้าด้วยแฟ้มสะสมผลงาน (Portfolio) (รอบ 1/1),portfolio,2026,30,,0,1,1,1,https://admission.ku.ac.th/
10020222220201A,B2500,,รับตรงเขตพื้นที่การศึกษา,quota,2026,30,,,1,1,1,https://admission.ku.ac.th/
10020222220201A,C2800,,Admission,admission,2026,40,,0,1,1,1,https://admission.ku.ac.th/
10020222220201B,A1000,,รับเข้าด้วยแฟ้มสะสมผลงาน (Portfolio) (รอบ 1/1),portfolio,2026,40,,0,1,1,1,https://admission.ku.ac.th/
10020222220201B,B2500,,รับตรงเขตพื้นที่การศึกษา,quota,2026,50,,,1,1,1,https://admission.ku.ac.th/
10020222220201B,C2800,,Admission,admission,2026,80,,0,1,1,1,https://admission.ku.ac.th/
10020222610201A,A1000,,รับเข้าด้วยแฟ้มสะสมผลงาน (Portfolio) (รอบ 1/1),portfolio,2026,15,,0,1,1,1,https://admission.ku.ac.th/
10020222610201A,B2500,,รับตรงเขตพื้นที่การศึกษา,quota,2026,10,,,1,1,1,https://admission.ku.ac.th/
10020222610201A,C2800,,Admission,admission,2026,44,,0,1,1,1,https://admission.ku.ac.th/
10020222610201B,A1000,,รับเข้าด้วยแฟ้มสะสมผลงาน (Portfolio) (รอบ 1/1),portfolio,2026,55,,0,1,1,1,https://admission.ku.ac.th/
10020222610201B,B2500,,รับตรงเขตพื้นที่การศึกษา,quota,2026,5,,,1,1,1,https://admission.ku.ac.th/
10020222610201B,C2800,,Admission,admission,2026,65,,0,1,1,1,https://admission.ku.ac.th/
10020222610502A,B2500,,รับตรงเขตพื้นที่การศึกษา,quota,2026,10,,,1,1,1,https://admission.ku.ac.th/
10020222610502A,C2800,,Admission,admission,2026,52,,0,1,1,1,https://admission.ku.ac.th/
10020222610502B,A1000,,รับเข้าด้วยแฟ้มสะสมผลงาน (Portfolio) (รอบ 1/1),portfolio,2026,40,,0,1,1,1,https://admission.ku.ac.th/
10020222610502B,B2500,,รับตรงเขตพื้นที่การศึกษา,quota,2026,5,,,1,1,1,https://admission.ku.ac.th/
10020222610502B,C2800,,Admission,admission,2026,49,,0,1,1,1,https://admission.ku.ac.th/
10020222610601A,B2500,,รับตรงเขตพื้นที่การศึกษา,quota,2026,20,,,1,1,1,https://admission.ku.ac.th/
10020222610601A,C2800,,Admission,admission,2026,88,,0,1,1,1,https://admission.ku.ac.th/
10020222610601B,A1000,,รับเข้าด้วยแฟ้มสะสมผลงาน (Portfolio) (รอบ 1/1),portfolio,2026,50,,0,1,1,1,https://admission.ku.ac.th/
10020222610601B,B2500,,รับตรงเขตพื้นที่การศึกษา,quota,2026,15,,,1,1,1,https://admission.ku.ac.th/
10020222610601B,C2800,,Admission,admission,2026,36,,0,1,1,1,https://admission.ku.ac.th/
10020222900201A,A1000,,รับเข้าด้วยแฟ้มสะสมผลงาน (Portfolio) (รอบ 1/1),portfolio,2026,15,,0,1,1,1,https://admission.ku.ac.th/
10020222900201A,B2500,,รับตรงเขตพื้นที่การศึกษา,quota,2026,30,,,1,1,1,https://admission.ku.ac.th/
10020222900201A,C2800,,Admission,admission,2026,45,,0,1,1,1,https://admission.ku.ac.th/
10020222902501A,A1000,,รับเข้าด้วยแฟ้มสะสมผลงาน (Portfolio) (รอบ 1/1),portfolio,2026,5,,0,1,1,1,https://admission.ku.ac.th/
10020222902501A,B2500,,รับตรงเขตพื้นที่การศึกษา,quota,2026,5,,,1,1,1,https://admission.ku.ac.th/
10020222902501A,C2800,,Admission,admission,2026,100,,0,1,1,1,https://admission.ku.ac.th/
10020222902501B,A1000,,รับเข้าด้วยแฟ้มสะสมผลงาน (Portfolio) (รอบ 1/1),portfolio,2026,30,,0,1,1,1,https://admission.ku.ac.th/
10020222902501B,B2500,,รับตรงเขตพื้นที่การศึกษา,quota,2026,38,,,1,1,1,https://admission.ku.ac.th/
10020222902501B,C2800,,Admission,admission,2026,118,,0,1,1,1,https://admission.ku.ac.th/
10020223112001A,A0400,,รับนักกีฬาดีเด่น,portfolio,2026,5,,0,1,1,1,https://admission.ku.ac.th/
10020223112001A,A1000,,รับเข้าด้วยแฟ้มสะสมผลงาน (Portfolio) (รอบ 1/1),portfolio,2026,65,,0,1,1,1,https://admission.ku.ac.th/
10020223112001A,B1100,,นักเรียนดีเด่นจากโรงเรียนสาธิตแห่ง มก.,quota,2026,2,,,1,1,1,https://admission.ku.ac.th/
10020223112001A,B2500,,รับตรงเขตพื้นที่การศึกษา,quota,2026,35,,,1,1,1,https://admission.ku.ac.th/
10020223112001A,C2800,,Admission,admission,2026,54,,0,1,1,1,https://admission.ku.ac.th/
10020223112001B,A0400,,รับนักกีฬาดีเด่น,portfolio,2026,2,,0,1,1,1,https://admission.ku.ac.th/
10020223112001B,A1000,,รับเข้าด้วยแฟ้มสะสมผลงาน (Portfolio) (รอบ 1/1),portfolio,2026,18,,0,1,1,1,https://admission.ku.ac.th/
10020223112001B,B2500,,รับตรงเขตพื้นที่การศึกษา,quota,2026,12,,,1,1,1,https://admission.ku.ac.th/
10020223112001B,C2800,,Admission,admission,2026,20,,0,1,1,1,https://admission.ku.ac.th/
10020233620101A,A1000,,รับเข้าด้วยแฟ้มสะสมผลงาน (Portfolio) (รอบ 1/1),portfolio,2026,30,,0,1,1,1,https://admission.ku.ac.th/
10020233620101A,B2500,,รับตรงเขตพื้นที่การศึกษา,quota,2026,29,,,1,1,1,https://admission.ku.ac.th/
10020233620101A,C2800,,Admission,admission,2026,36,,0,1,1,1,https://admission.ku.ac.th/
10020233620101B,A1000,,รับเข้าด้วยแฟ้มสะสมผลงาน (Portfolio) (รอบ 1/1),portfolio,2026,20,,0,1,1,1,https://admission.ku.ac.th/
10020233620101B,B2500,,รับตรงเขตพื้นที่การศึกษา,quota,2026,20,,,1,1,1,https://admission.ku.ac.th/
10020233620101B,C2800,,Admission,admission,2026,39,,0,1,1,1,https://admission.ku.ac.th/
10020233620103A,A1000,,รับเข้าด้วยแฟ้มสะสมผลงาน (Portfolio) (รอบ 1/1),portfolio,2026,40,,0,1,1,1,https://admission.ku.ac.th/
10020233620103A,B2500,,รับตรงเขตพื้นที่การศึกษา,quota,2026,31,,,1,1,1,https://admission.ku.ac.th/
10020233620103A,C2800,,Admission,admission,2026,35,,0,1,1,1,https://admission.ku.ac.th/
10020233620103B,A1000,,รับเข้าด้วยแฟ้มสะสมผลงาน (Portfolio) (รอบ 1/1),portfolio,2026,60,,0,1,1,1,https://admission.ku.ac.th/
10020233620103B,B2500,,รับตรงเขตพื้นที่การศึกษา,quota,2026,48,,,1,1,1,https://admission.ku.ac.th/
10020233620103B,C2800,,Admission,admission,2026,69,,0,1,1,1,https://admission.ku.ac.th/
10020233620104A,A1000,,รับเข้าด้วยแฟ้มสะสมผลงาน (Portfolio) (รอบ 1/1),portfolio,2026,25,,0,1,1,1,https://admission.ku.ac.th/
10020233620104A,B2500,,รับตรงเขตพื้นที่การศึกษา,quota,2026,15,,,1,1,1,https://admission.ku.ac.th/
10020233620104A,C2800,,Admission,admission,2026,12,,0,1,1,1,https://admission.ku.ac.th/
10020233620104B,A1000,,รับเข้าด้วยแฟ้มสะสมผลงาน (Portfolio) (รอบ 1/1),portfolio,2026,35,,0,1,1,1,https://admission.ku.ac.th/
10020233620104B,B2500,,รับตรงเขตพื้นที่การศึกษา,quota,2026,25,,,1,1,1,https://admission.ku.ac.th/
10020233620104B,C2800,,Admission,admission,2026,30,,0,1,1,1,https://admission.ku.ac.th/
10020233620105A,A1000,,รับเข้าด้วยแฟ้มสะสมผลงาน (Portfolio) (รอบ 1/1),portfolio,2026,40,,0,1,1,1,https://admission.ku.ac.th/
10020233620105A,B2500,,รับตรงเขตพื้นที่การศึกษา,quota,2026,25,,,1,1,1,https://admission.ku.ac.th/
10020233620105A,C2800,,Admission,admission,2026,28,,0,1,1,1,https://admission.ku.ac.th/
10020233620105B,A1000,,รับเข้าด้วยแฟ้มสะสมผลงาน (Portfolio) (รอบ 1/1),portfolio,2026,30,,0,1,1,1,https://admission.ku.ac.th/
10020233620105B,B2500,,รับตรงเขตพื้นที่การศึกษา,quota,2026,44,,,1,1,1,https://admission.ku.ac.th/
10020233620105B,C2800,,Admission,admission,2026,60,,0,1,1,1,https://admission.ku.ac.th/
10020233620106A,A1000,,รับเข้าด้วยแฟ้มสะสมผลงาน (Portfolio) (รอบ 1/1),portfolio,2026,30,,0,1,1,1,https://admission.ku.ac.th/
10020233620106A,B2500,,รับตรงเขตพื้นที่การศึกษา,quota,2026,30,,,1,1,1,https://admission.ku.ac.th/
10020233620106A,C2800,,Admission,admission,2026,30,,0,1,1,1,https://admission.ku.ac.th/
10020233620106B,A1000,,รับเข้าด้วยแฟ้มสะสมผลงาน (Portfolio) (รอบ 1/1),portfolio,2026,30,,0,1,1,1,https://admission.ku.ac.th/
10020233620106B,B2500,,รับตรงเขตพื้นที่การศึกษา,quota,2026,27,,,1,1,1,https://admission.ku.ac.th/
10020233620106B,C2800,,Admission,admission,2026,39,,0,1,1,1,https://admission.ku.ac.th/
10020233620201A,A1000,,รับเข้าด้วยแฟ้มสะสมผลงาน (Portfolio) (รอบ 1/1),portfolio,2026,25,,0,1,1,1,https://admission.ku.ac.th/
10020233620201A,B2500,,รับตรงเขตพื้นที่การศึกษา,quota,2026,23,,,1,1,1,https://admission.ku.ac.th/
10020233620201A,C2800,,Admission,admission,2026,19,,0,1,1,1,https://admission.ku.ac.th/
10020233620201B,A1000,,รับเข้าด้วยแฟ้มสะสมผลงาน (Portfolio) (รอบ 1/1),portfolio,2026,35,,0,1,1,1,https://admission.ku.ac.th/
10020233620201B,B2500,,รับตรงเขตพื้นที่การศึกษา,quota,2026,30,,,1,1,1,https://admission.ku.ac.th/
10020233620201B,C2800,,Admission,admission,2026,23,,0,1,1,1,https://admission.ku.ac.th/
10020233902502A,A1000,,รับเข้าด้วยแฟ้มสะสมผลงาน (Portfolio) (รอบ 1/1),portfolio,2026,40,,0,1,1,1,https://admission.ku.ac.th/
10020233902502A,B2500,,รับตรงเขตพื้นที่การศึกษา,quota,2026,37,,,1,1,1,https://admission.ku.ac.th/
10020233902502A,C2800,,Admission,admission,2026,20,,0,1,1,1,https://admission.ku.ac.th/
10020233902502B,A1000,,รับเข้าด้วยแฟ้มสะสมผลงาน (Portfolio) (รอบ 1/1),portfolio,2026,40,,0,1,1,1,https://admission.ku.ac.th/
10020233902502B,B2500,,รับตรงเขตพื้นที่การศึกษา,quota,2026,51,,,1,1,1,https://admission.ku.ac.th/
10020233902502B,C2800,,Admission,admission,2026,51,,0,1,1,1,https://admission.ku.ac.th/
10020233902503A,A1001,,รับเข้าด้วยแฟ้มสะสมผลงาน (Portfolio) (รอบ 1/2),portfolio,2026,40,,0,1,1,1,https://admission.ku.ac.th/
10020233902503A,B2500,,รับตรงเขตพื้นที่การศึกษา,quota,2026,30,,,1,1,1,https://admission.ku.ac.th/
10020233902503A,C2800,,Admission,admission,2026,26,,0,1,1,1,https://admission.ku.ac.th/
10020324611101A,A0200,,เรียนล่วงหน้า,portfolio,2026,10,,0,1,1,1,https://admission.ku.ac.th/
10020324611101A,A0400,,รับนักกีฬาดีเด่น,portfolio,2026,1,,0,1,1,1,https://admission.ku.ac.th/
10020324611101A,A0500,,ส่งเสริมนักเรียนที่มีคุณธรรมและจริยธรรม,portfolio,2026,22,,0,1,1,1,https://admission.ku.ac.th/
10020324611101A,A0600,,ความรู้คู่คุณธรรมสร้างผู้นำเยาวชน,portfolio,2026,5,,0,1,1,1,https://admission.ku.ac.th/
10020324611101A,A0700,,ขยายโอกาสทางการศึกษา (รอบ 1/1),portfolio,2026,40,,0,1,1,1,https://admission.ku.ac.th/
10020324611101A,A0701,,ขยายโอกาสทางการศึกษา (รอบ 1/2),portfolio,2026,40,,0,1,1,1,https://admission.ku.ac.th/
10020324611101A,B1100,,นักเรียนดีเด่นจากโรงเรียนสาธิตแห่ง มก.,quota,2026,5,,,1,1,1,https://admission.ku.ac.th/
10020324611101A,B1900,,รับตรงภาคตะวันออกและเขตพื้นที่เชื่อมโยง,quota,2026,70,,,1,1,1,https://admission.ku.ac.th/
10020324611101A,B2700,,ขยายโอกาสสู่โรงเรียนต้นน้ำ,quota,2026,6,,,1,1,1,https://admission.ku.ac.th/
10020324611101A,C2847,,Admission (คณะเศรษฐศาสตร์ ศรีราชา ใช้คะแนน A-Level คณิตศาสตร์ประยุกต์ 1),admission,2026,75,,0,1,2,2,https://admission.ku.ac.th/
10020324611101A,C2848,,Admission (คณะเศรษฐศาสตร์ ศรีราชา ใช้คะแนน A-Level คณิตศาสตร์ประยุกต์ 2),admission,2026,75,,0,1,2,2,https://admission.ku.ac.th/
10020324611101B,A0200,,เรียนล่วงหน้า,portfolio,2026,10,,0,1,1,1,https://admission.ku.ac.th/
10020324611101B,A0700,,ขยายโอกาสทางการศึกษา (รอบ 1/1),portfolio,2026,10,,0,1,1,1,https://admission.ku.ac.th/
10020324611101B,A0701,,ขยายโอกาสทางการศึกษา (รอบ 1/2),portfolio,2026,10,,0,1,1,1,https://admission.ku.ac.th/
10020324611101B,B1900,,รับตรงภาคตะวันออกและเขตพื้นที่เชื่อมโยง,quota,2026,50,,,1,1,1,https://admission.ku.ac.th/
10020324611101B,C2847,,Admission (คณะเศรษฐศาสตร์ ศรีราชา ใช้คะแนน A-Level คณิตศาสตร์ประยุกต์ 1),admission,2026,60,,0,1,2,2,https://admission.ku.ac.th/
10020324611101B,C2848,,Admission (คณะเศรษฐศาสตร์ ศรีราชา ใช้คะแนน A-Level คณิตศาสตร์ประยุกต์ 2),admission,2026,60,,0,1,2,2,https://admission.ku.ac.th/
10020325210201A,A0400,,รับนักกีฬาดีเด่น,portfolio,2026,2,,0,1,1,1,https://admission.ku.ac.th/
10020325210201A,A0500,,ส่งเสริมนักเรียนที่มีคุณธรรมและจริยธรรม,portfolio,2026,2,,0,1,1,1,https://admission.ku.ac.th/
10020325210201A,A0600,,ความรู้คู่คุณธรรมสร้างผู้นำเยาวชน,portfolio,2026,1,,0,1,1,1,https://admission.ku.ac.th/
10020325210201A,A0700,,ขยายโอกาสทางการศึกษา (รอบ 1/1),portfolio,2026,30,,0,1,1,1,https://admission.ku.ac.th/
10020325210201A,A0701,,ขยายโอกาสทางการศึกษา (รอบ 1/2),portfolio,2026,30,,0,1,1,1,https://admission.ku.ac.th/
10020325210201A,B1100,,นักเรียนดีเด่นจากโรงเรียนสาธิตแห่ง มก.,quota,2026,1,,,1,1,1,https://admission.ku.ac.th/
10020325210201A,B1900,,รับตรงภาคตะวันออกและเขตพื้นที่เชื่อมโยง,quota,2026,30,,,1,1,1,https://admission.ku.ac.th/
10020325210201A,B2700,,ขยายโอกาสสู่โรงเรียนต้นน้ำ,quota,2026,3,,,1,1,1,https://admission.ku.ac.th/
10020325210201A,C2800,,Admission,admission,2026,20,,0,1,2,2,https://admission.ku.ac.th/
10020325210202A,A0400,,รับนักกีฬาดีเด่น,portfolio,2026,1,,0,1,1,1,https://admission.ku.ac.th/
10020325210202A,A0500,,ส่งเสริมนักเรียนที่มีคุณธรรมและจริยธรรม,portfolio,2026,1,,0,1,1,1,https://admission.ku.ac.th/
10020325210202A,A0600,,ความรู้คู่คุณธรรมสร้างผู้นำเยาวชน,portfolio,2026,1,,0,1,1,1,https://admission.ku.ac.th/
10020325210202A,A0700,,ขยายโอกาสทางการศึกษา (รอบ 1/1),portfolio,2026,30,,0,1,1,1,https://admission.ku.ac.th/
10020325210202A,A0701,,ขยายโอกาสทางการศึกษา (รอบ 1/2),portfolio,2026,20,,0,1,1,1,https://admission.ku.ac.th/
10020325210202A,B1100,,นักเรียนดีเด่นจากโรงเรียนสาธิตแห่ง มก.,quota,2026,1,,,1,1,1,https://admission.ku.ac.th/
10020325210202A,B1900,,รับตรงภาคตะวันออกและเขตพื้นที่เชื่อมโยง,quota,2026,15,,,1,1,1,https://admission.ku.ac.th/
10020325210202A,B2700,,ขยายโอกาสสู่โรงเรียนต้นน้ำ,quota,2026,10,,,1,1,1,https://admission.ku.ac.th/
10020325210202A,C2800,,Admission,admission,2026,30,,0,1,2,2,https://admission.ku.ac.th/
10020325303801A,A0400,,รับนักกีฬาดีเด่น,portfolio,2026,1,,0,1,1,1,https://admission.ku.ac.th/
10020325303801A,A0500,,ส่งเสริมนักเรียนที่มีคุณธรรมและจริยธรรม,portfolio,2026,1,,0,1,1,1,https://admission.ku.ac.th/
10020325303801A,A0600,,ความรู้คู่คุณธรรมสร้างผู้นำเยาวชน,portfolio,2026,2,,0,1,1,1,https://admission.ku.ac.th/
10020325303801A,A0700,,ขยายโอกาสทางการศึกษา (รอบ 1/1),portfolio,2026,20,,0,1,1,1,https://admission.ku.ac.th/
10020325303801A,A0701,,ขยายโอกาสทางการศึกษา (รอบ 1/2),portfolio,2026,20,,0,1,1,1,https://admission.ku.ac.th/
10020325303801A,B1100,,นักเรียนดีเด่นจากโรงเรียนสาธิตแห่ง มก.,quota,2026,4,,,1,1,1,https://admission.ku.ac.th/
10020325303801A,B1900,,รับตรงภาคตะวันออกและเขตพื้นที่เชื่อมโยง,quota,2026,10,,,1,1,1,https://admission.ku.ac.th/
10020325303801A,B2700,,ขยายโอกาสสู่โรงเรียนต้นน้ำ,quota,2026,4,,,1,1,1,https://admission.ku.ac.th/
10020325303801A,C2800,,Admission,admission,2026,15,,0,1,2,2,https://admission.ku.ac.th/
10020325303802A,A0400,,รับนักกีฬาดีเด่น,portfolio,2026,1,,0,1,1,1,https://admission.ku.ac.th/
10020325303802A,A0500,,ส่งเสริมนักเรียนที่มีคุณธรรมและจริยธรรม,portfolio,2026,1,,0,1,1,1,https://admission.ku.ac.th/
10020325303802A,A0600,,ความรู้คู่คุณธรรมสร้างผู้นำเยาวชน,portfolio,2026,1,,0,1,1,1,https://admission.ku.ac.th/
10020325303802A,A0700,,ขยายโอกาสทางการศึกษา (รอบ 1/1),portfolio,2026,30,,0,1,1,1,https://admission.ku.ac.th/
10020325303802A,A0701,,ขยายโอกาสทางการศึกษา (รอบ 1/2),portfolio,2026,30,,0,1,1,1,https://admission.ku.ac.th/
10020325303802A,B1100,,นักเรียนดีเด่นจากโรงเรียนสาธิตแห่ง มก.,quota,2026,1,,,1,1,1,https://admission.ku.ac.th/
10020325303802A,B1900,,รับตรงภาคตะวันออกและเขตพื้นที่เชื่อมโยง,quota,2026,10,,,1,1,1,https://admission.ku.ac.th/
10020325303802A,B2700,,ขยายโอกาสสู่โรงเรียนต้นน้ำ,quota,2026,3,,,1,1,1,https://admission.ku.ac.th/
10020325303802A,C2800,,Admission,admission,2026,25,,0,1,2,2,https://admission.ku.ac.th/
10020326610102A,A0400,,รับนักกีฬาดีเด่น,portfolio,2026,1,,0,1,1,1,https://admission.ku.ac.th/
10020326610102A,A0500,,ส่งเสริมนักเรียนที่มีคุณธรรมและจริยธรรม,portfolio,2026,2,,0,1,1,1,https://admission.ku.ac.th/
10020326610102A,A0600,,ความรู้คู่คุณธรรมสร้างผู้นำเยาวชน,portfolio,2026,2,,0,1,1,1,https://admission.ku.ac.th/
10020326610102A,A0700,,ขยายโอกาสทางการศึกษา (รอบ 1/1),portfolio,2026,20,,0,1,1,1,https://admission.ku.ac.th/
10020326610102A,A0701,,ขยายโอกาสทางการศึกษา (รอบ 1/2),portfolio,2026,20,,0,1,1,1,https://admission.ku.ac.th/
10020326610102A,B1100,,นักเรียนดีเด่นจากโรงเรียนสาธิตแห่ง มก.,quota,2026,1,,,1,1,1,https://admission.ku.ac.th/
10020326610102A,B1900,,รับตรงภาคตะวันออกและเขตพื้นที่เชื่อมโยง,quota,2026,20,,,1,1,1,https://admission.ku.ac.th/
10020326610102A,B2700,,ขยายโอกาสสู่โรงเรียนต้นน้ำ,quota,2026,52,,,1,1,1,https://admission.ku.ac.th/
10020326610102A,B3400,,โครงการรับนิสิตพิเศษ,quota,2026,1,,,1,1,1,https://admission.ku.ac.th/
10020326610102A,C2838,,Admission (คณะวิทยาการจัดการ ใช้คะแนน A-Level คณิตศาสตร์ประยุกต์ 1),admission,2026,20,,0,1,1,1,https://admission.ku.ac.th/
10020326610102A,C2839,,Admission (คณะวิทยาการจัดการ ใช้คะแนน A-Level คณิตศาสตร์ประยุกต์ 2),admission,2026,20,,0,1,1,1,https://admission.ku.ac.th/
10020326610102B,A0500,,ส่งเสริมนักเรียนที่มีคุณธรรมและจริยธรรม,portfolio,2026,2,,0,1,1,1,https://admission.ku.ac.th/
10020326610102B,A0600,,ความรู้คู่คุณธรรมสร้างผู้นำเยาวชน,portfolio,2026,2,,0,1,1,1,https://admission.ku.ac.th/
10020326610102B,A0700,,ขยายโอกาสทางการศึกษา (รอบ 1/1),portfolio,2026,25,,0,1,1,1,https://admission.ku.ac.th/
10020326610102B,A0701,,ขยายโอกาสทางการศึกษา (รอบ 1/2),portfolio,2026,25,,0,1,1,1,https://admission.ku.ac.th/
10020326610102B,B1100,,นักเรียนดีเด่นจากโรงเรียนสาธิตแห่ง มก.,quota,2026,1,,,1,1,1,https://admission.ku.ac.th/
10020326610102B,B1900,,รับตรงภาคตะวันออกและเขตพื้นที่เชื่อมโยง,quota,2026,20,,,1,1,1,https://admission.ku.ac.th/
10020326610102B,B2700,,ขยายโอกาสสู่โรงเรียนต้นน้ำ,quota,2026,50,,,1,1,1,https://admission.ku.ac.th/
10020326610102B,B3400,,โครงการรับนิสิตพิเศษ,quota,2026,1,,,1,1,1,https://admission.ku.ac.th/
10020326610102B,C2838,,Admission (คณะวิทยาการจัดการ ใช้คะแนน A-Level คณิตศาสตร์ประยุกต์ 1),admission,2026,45,,0,1,1,1,https://admission.ku.ac.th/
10020326610102B,C2839,,Admission (คณะวิทยาการจัดการ ใช้คะแนน A-Level คณิตศาสตร์ประยุกต์ 2),admission,2026,45,,0,1,1,1,https://admission.ku.ac.th/
10020326610201A,A0400,,รับนักกีฬาดีเด่น,portfolio,2026,1,,0,1,1,1,https://admission.ku.ac.th/
10020326610201A,A0500,,ส่งเสริมนักเรียนที่มีคุณธรรมและจริยธรรม,portfolio,2026,2,,0,1,1,1,https://admission.ku.ac.th/
10020326610201A,A0600,,ความรู้คู่คุณธรรมสร้างผู้นำเยาวชน,portfolio,2026,2,,0,1,1,1,https://admission.ku.ac.th/
10020326610201A,A0700,,ขยายโอกาสทางการศึกษา (รอบ 1/1),portfolio,2026,20,,0,1,1,1,https://admission.ku.ac.th/
10020326610201A,A0701,,ขยายโอกาสทางการศึกษา (รอบ 1/2),portfolio,2026,20,,0,1,1,1,https://admission.ku.ac.th/
10020326610201A,B1100,,นักเรียนดีเด่นจากโรงเรียนสาธิตแห่ง มก.,quota,2026,1,,,1,1,1,https://admission.ku.ac.th/
10020326610201A,B1900,,รับตรงภาคตะวันออกและเขตพื้นที่เชื่อมโยง,quota,2026,20,,,1,1,1,https://admission.ku.ac.th/
10020326610201A,B2700,,ขยายโอกาสสู่โรงเรียนต้นน้ำ,quota,2026,52,,,1,1,1,https://admission.ku.ac.th/
10020326610201A,B3400,,โครงการรับนิสิตพิเศษ,quota,2026,1,,,1,1,1,https://admission.ku.ac.th/
10020326610201A,C2838,,Admission (คณะวิทยาการจัดการ ใช้คะแนน A-Level คณิตศาสตร์ประยุกต์ 1),admission,2026,20,,0,1,1,1,https://admission.ku.ac.th/
10020326610201A,C2839,,Admission (คณะวิทยาการจัดการ ใช้คะแนน A-Level คณิตศาสตร์ประยุกต์ 2),admission,2026,20,,0,1,1,1,https://admission.ku.ac.th/
10020326610201B,A0500,,ส่งเสริมนักเรียนที่มีคุณธรรมและจริยธรรม,portfolio,2026,2,,0,1,1,1,https://admission.ku.ac.th/
10020326610201B,A0600,,ความรู้คู่คุณธรรมสร้างผู้นำเยาวชน,portfolio,2026,2,,0,1,1,1,https://admission.ku.ac.th/
10020326610201B,A0700,,ขยายโอกาสทางการศึกษา (รอบ 1/1),portfolio,2026,20,,0,1,1,1,https://admission.ku.ac.th/
10020326610201B,A0701,,ขยายโอกาสทางการศึกษา (รอบ 1/2),portfolio,2026,25,,0,1,1,1,https://admission.ku.ac.th/
10020326610201B,B1100,,นักเรียนดีเด่นจากโรงเรียนสาธิตแห่ง มก.,quota,2026,1,,,1,1,1,https://admission.ku.ac.th/
10020326610201B,B1900,,รับตรงภาคตะวันออกและเขตพื้นที่เชื่อมโยง,quota,2026,20,,,1,1,1,https://admission.ku.ac.th/
10020326610201B,B2700,,ขยายโอกาสสู่โรงเรียนต้นน้ำ,quota,2026,50,,,1,1,1,https://admission.ku.ac.th/
10020326610201B,B3400,,โครงการรับนิสิตพิเศษ,quota,2026,1,,,1,1,1,https://admission.ku.ac.th/
10020326610201B,C2838,,Admission (คณะวิทยาการจัดการ ใช้คะแนน A-Level คณิตศาสตร์ประยุกต์ 1),admission,2026,45,,0,1,1,1,https://admission.ku.ac.th/
10020326610201B,C2839,,Admission (คณะวิทยาการจัดการ ใช้คะแนน A-Level คณิตศาสตร์ประยุกต์ 2),admission,2026,45,,0,1,1,1,https://admission.ku.ac.th/
10020326610201D,A0200,,เรียนล่วงหน้า,portfolio,2026,10,,0,1,1,1,https://admission.ku.ac.th/
10020326610201D,A0400,,รับนักกีฬาดีเด่น,portfolio,2026,1,,0,1,1,1,https://admission.ku.ac.th/
10020326610201D,A0500,,ส่งเสริมนักเรียนที่มีคุณธรรมและจริยธรรม,portfolio,2026,2,,0,1,1,1,https://admission.ku.ac.th/
10020326610201D,A0600,,ความรู้คู่คุณธรรมสร้างผู้นำเยาวชน,portfolio,2026,2,,0,1,1,1,https://admission.ku.ac.th/
10020326610201D,A0700,,ขยายโอกาสทางการศึกษา (รอบ 1/1),portfolio,2026,10,,0,1,1,1,https://admission.ku.ac.th/
10020326610201D,A0701,,ขยายโอกาสทางการศึกษา (รอบ 1/2),portfolio,2026,10,,0,1,1,1,https://admission.ku.ac.th/
10020326610201D,B1100,,นักเรียนดีเด่นจากโรงเรียนสาธิตแห่ง มก.,quota,2026,1,,,1,1,1,https://admission.ku.ac.th/
10020326610201D,B1900,,รับตรงภาคตะวันออกและเขตพื้นที่เชื่อมโยง,quota,2026,5,,,1,1,1,https://admission.ku.ac.th/
10020326610201D,B2700,,ขยายโอกาสสู่โรงเรียนต้นน้ำ,quota,2026,52,,,1,1,1,https://admission.ku.ac.th/
10020326610201D,B3400,,โครงการรับนิสิตพิเศษ,quota,2026,1,,,1,1,1,https://admission.ku.ac.th/
10020326610201D,C2838,,Admission (คณะวิทยาการจัดการ ใช้คะแนน A-Level คณิตศาสตร์ประยุกต์ 1),admission,2026,25,,0,1,1,1,https://admission.ku.ac.th/
10020326610201D,C2839,,Admission (คณะวิทยาการจัดการ ใช้คะแนน A-Level คณิตศาสตร์ประยุกต์ 2),admission,2026,25,,0,1,1,1,https://admission.ku.ac.th/
10020326610502A,A0400,,รับนักกีฬาดีเด่น,portfolio,2026,1,,0,1,1,1,https://admission.ku.ac.th/
10020326610502A,A0500,,ส่งเสริมนักเรียนที่มีคุณธรรมและจริยธรรม,portfolio,2026,2,,0,1,1,1,https://admission.ku.ac.th/
10020326610502A,A0600,,ความรู้คู่คุณธรรมสร้างผู้นำเยาวชน,portfolio,2026,2,,0,1,1,1,https://admission.ku.ac.th/
10020326610502A,A0700,,ขยายโอกาสทางการศึกษา (รอบ 1/1),portfolio,2026,20,,0,1,1,1,https://admission.ku.ac.th/
10020326610502A,A0701,,ขยายโอกาสทางการศึกษา (รอบ 1/2),portfolio,2026,20,,0,1,1,1,https://admission.ku.ac.th/
10020326610502A,B1100,,นักเรียนดีเด่นจากโรงเรียนสาธิตแห่ง มก.,quota,2026,1,,,1,1,1,https://admission.ku.ac.th/
10020326610502A,B1900,,รับตรงภาคตะวันออกและเขตพื้นที่เชื่อมโยง,quota,2026,20,,,1,1,1,https://admission.ku.ac.th/
10020326610502A,B2700,,ขยายโอกาสสู่โรงเรียนต้นน้ำ,quota,2026,52,,,1,1,1,https://admission.ku.ac.th/
10020326610502A,B3400,,โครงการรับนิสิตพิเศษ,quota,2026,1,,,1,1,1,https://admission.ku.ac.th/
10020326610502A,C2838,,Admission (คณะวิทยาการจัดการ ใช้คะแนน A-Level คณิตศาสตร์ประยุกต์ 1),admission,2026,20,,0,1,1,1,https://admission.ku.ac.th/
10020326610502A,C2839,,Admission (คณะวิทยาการจัดการ ใช้คะแนน A-Level คณิตศาสตร์ประยุกต์ 2),admission,2026,20,,0,1,1,1,https://admission.ku.ac.th/
10020326610502B,A0500,,ส่งเสริมนักเรียนที่มีคุณธรรมและจริยธรรม,portfolio,2026,2,,0,1,1,1,https://admission.ku.ac.th/
10020326610502B,A0600,,ความรู้คู่คุณธรรมสร้างผู้นำเยาวชน,portfolio,2026,2,,0,1,1,1,https://admission.ku.ac.th/
10020326610502B,A0700,,ขยายโอกาสทางการศึกษา (รอบ 1/1),portfolio,2026,25,,0,1,1,1,https://admission.ku.ac.th/
10020326610502B,A0701,,ขยายโอกาสทางการศึกษา (รอบ 1/2),portfolio,2026,25,,0,1,1,1,https://admission.ku.ac.th/
10020326610502B,B1100,,นักเรียนดีเด่นจากโรงเรียนสาธิตแห่ง มก.,quota,2026,1,,,1,1,1,https://admission.ku.ac.th/
10020326610502B,B1900,,รับตรงภาคตะวันออกและเขตพื้นที่เชื่อมโยง,quota,2026,20,,,1,1,1,https://admission.ku.ac.th/
10020326610502B,B2700,,ขยายโอกาสสู่โรงเรียนต้นน้ำ,quota,2026,50,,,1,1,1,https://admission.ku.ac.th/
10020326610502B,B3400,,โครงการรับนิสิตพิเศษ,quota,2026,1,,,1,1,1,https://admission.ku.ac.th/
10020326610502B,C2838,,Admission (คณะวิทยาการจัดการ ใช้คะแนน A-Level คณิตศาสตร์ประยุกต์ 1),admission,2026,30,,0,1,1,1,https://admission.ku.ac.th/
10020326610502B,C2839,,Admission (คณะวิทยาการจัดการ ใช้คะแนน A-Level คณิตศาสตร์ประยุกต์ 2),admission,2026,30,,0,1,1,1,https://admission.ku.ac.th/
10020326610502D,A0200,,เรียนล่วงหน้า,portfolio,2026,10,,0,1,1,1,https://admission.ku.ac.th/
10020326610502D,A0400,,รับนักกีฬาดีเด่น,portfolio,2026,1,,0,1,1,1,https://admission.ku.ac.th/
10020326610502D,A0500,,ส่งเสริมนักเรียนที่มีคุณธรรมและจริยธรรม,portfolio,2026,1,,0,1,1,1,https://admission.ku.ac.th/
10020326610502D,A0600,,ความรู้คู่คุณธรรมสร้างผู้นำเยาวชน,portfolio,2026,2,,0,1,1,1,https://admission.ku.ac.th/
10020326610502D,A0700,,ขยายโอกาสทางการศึกษา (รอบ 1/1),portfolio,2026,10,,0,1,1,1,https://admission.ku.ac.th/
10020326610502D,A0701,,ขยายโอกาสทางการศึกษา (รอบ 1/2),portfolio,2026,10,,0,1,1,1,https://admission.ku.ac.th/
10020326610502D,B1100,,นักเรียนดีเด่นจากโรงเรียนสาธิตแห่ง มก.,quota,2026,1,,,1,1,1,https://admission.ku.ac.th/
10020326610502D,B1900,,รับตรงภาคตะวันออกและเขตพื้นที่เชื่อมโยง,quota,2026,5,,,1,1,1,https://admission.ku.ac.th/
10020326610502D,B2700,,ขยายโอกาสสู่โรงเรียนต้นน้ำ,quota,2026,52,,,1,1,1,https://admission.ku.ac.th/
10020326610502D,B3400,,โครงการรับนิสิตพิเศษ,quota,2026,1,,,1,1,1,https://admission.ku.ac.th/
10020326610502D,C2838,,Admission (คณะวิทยาการจัดการ ใช้คะแนน A-Level คณิตศาสตร์ประยุกต์ 1),admission,2026,25,,0,1,1,1,https://admission.ku.ac.th/
10020326610502D,C2839,,Admission (คณะวิทยาการจัดการ ใช้คะแนน A-Level คณิตศาสตร์ประยุกต์ 2),admission,2026,25,,0,1,1,1,https://admission.ku.ac.th/
10020326610602A,A0400,,รับนักกีฬาดีเด่น,portfolio,2026,1,,0,1,1,1,https://admission.ku.ac.th/
10020326610602A,A0500,,ส่งเสริมนักเรียนที่มีคุณธรรมและจริยธรรม,portfolio,2026,2,,0,1,1,1,https://admission.ku.ac.th/
10020326610602A,A0600,,ความรู้คู่คุณธรรมสร้างผู้นำเยาวชน,portfolio,2026,2,,0,1,1,1,https://admission.ku.ac.th/
10020326610602A,A0700,,ขยายโอกาสทางการศึกษา (รอบ 1/1),portfolio,2026,20,,0,1,1,1,https://admission.ku.ac.th/
10020326610602A,A0701,,ขยายโอกาสทางการศึกษา (รอบ 1/2),portfolio,2026,20,,0,1,1,1,https://admission.ku.ac.th/
10020326610602A,B1100,,นักเรียนดีเด่นจากโรงเรียนสาธิตแห่ง มก.,quota,2026,1,,,1,1,1,https://admission.ku.ac.th/
10020326610602A,B1900,,รับตรงภาคตะวันออกและเขตพื้นที่เชื่อมโยง,quota,2026,20,,,1,1,1,https://admission.ku.ac.th/
10020326610602A,B2700,,ขยายโอกาสสู่โรงเรียนต้นน้ำ,quota,2026,52,,,1,1,1,https://admission.ku.ac.th/
10020326610602A,B3400,,โครงการรับนิสิตพิเศษ,quota,2026,1,,,1,1,1,https://admission.ku.ac.th/
10020326610602A,C2838,,Admission (คณะวิทยาการจัดการ ใช้คะแนน A-Level คณิตศาสตร์ประยุกต์ 1),admission,2026,20,,0,1,1,1,https://admission.ku.ac.th/
10020326610602A,C2839,,Admission (คณะวิทยาการจัดการ ใช้คะแนน A-Level คณิตศาสตร์ประยุกต์ 2),admission,2026,20,,0,1,1,1,https://admission.ku.ac.th/
10020326610602B,A0500,,ส่งเสริมนักเรียนที่มีคุณธรรมและจริยธรรม,portfolio,2026,2,,0,1,1,1,https://admission.ku.ac.th/
10020326610602B,A0600,,ความรู้คู่คุณธรรมสร้างผู้นำเยาวชน,portfolio,2026,2,,0,1,1,1,https://admission.ku.ac.th/
10020326610602B,A0700,,ขยายโอกาสทางการศึกษา (รอบ 1/1),portfolio,2026,25,,0,1,1,1,https://admission.ku.ac.th/
10020326610602B,A0701,,ขยายโอกาสทางการศึกษา (รอบ 1/2),portfolio,2026,25,,0,1,1,1,https://admission.ku.ac.th/
10020326610602B,B1100,,นักเรียนดีเด่นจากโรงเรียนสาธิตแห่ง มก.,quota,2026,1,,,1,1,1,https://admission.ku.ac.th/
10020326610602B,B1900,,รับตรงภาคตะวันออกและเขตพื้นที่เชื่อมโยง,quota,2026,25,,,1,1,1,https://admission.ku.ac.th/
10020326610602B,B2700,,ขยายโอกาสสู่โรงเรียนต้นน้ำ,quota,2026,50,,,1,1,1,https://admission.ku.ac.th/
10020326610602B,B3400,,โครงการรับนิสิตพิเศษ,quota,2026,1,,,1,1,1,https://admission.ku.ac.th/
10020326610602B,C2838,,Admission (คณะวิทยาการจัดการ ใช้คะแนน A-Level คณิตศาสตร์ประยุกต์ 1),admission,2026,45,,0,1,1,1,https://admission.ku.ac.th/
10020326610602B,C2839,,Admission (คณะวิทยาการจัดการ ใช้คะแนน A-Level คณิตศาสตร์ประยุกต์ 2),admission,2026,45,,0,1,1,1,https://admission.ku.ac.th/
10020326610602D,A0200,,เรียนล่วงหน้า,portfolio,2026,10,,0,1,1,1,https://admission.ku.ac.th/
10020326610602D,A0400,,รับนักกีฬาดีเด่น,portfolio,2026,1,,0,1,1,1,https://admission.ku.ac.th/
10020326610602D,A0500,,ส่งเสริมนักเรียนที่มีคุณธรรมและจริยธรรม,portfolio,2026,2,,0,1,1,1,https://admission.ku.ac.th/
10020326610602D,A0600,,ความรู้คู่คุณธรรมสร้างผู้นำเยาวชน,portfolio,2026,2,,0,1,1,1,https://admission.ku.ac.th/
10020326610602D,A0700,,ขยายโอกาสทางการศึกษา (รอบ 1/1),portfolio,2026,10,,0,1,1,1,https://admission.ku.ac.th/
10020326610602D,A0701,,ขยายโอกาสทางการศึกษา (รอบ 1/2),portfolio,2026,10,,0,1,1,1,https://admission.ku.ac.th/
10020326610602D,B1100,,นักเรียนดีเด่นจากโรงเรียนสาธิตแห่ง มก.,quota,2026,1,,,1,1,1,https://admission.ku.ac.th/
10020326610602D,B1900,,รับตรงภาคตะวันออกและเขตพื้นที่เชื่อมโยง,quota,2026,5,,,1,1,1,https://admission.ku.ac.th/
10020326610602D,B2700,,ขยายโอกาสสู่โรงเรียนต้นน้ำ,quota,2026,52,,,1,1,1,https://admission.ku.ac.th/
10020326610602D,B3400,,โครงการรับนิสิตพิเศษ,quota,2026,1,,,1,1,1,https://admission.ku.ac.th/
10020326610602D,C2838,,Admission (คณะวิทยาการจัดการ ใช้คะแนน A-Level คณิตศาสตร์ประยุกต์ 1),admission,2026,25,,0,1,1,1,https://admission.ku.ac.th/
10020326610602D,C2839,,Admission (คณะวิทยาการจัดการ ใช้คะแนน A-Level คณิตศาสตร์ประยุกต์ 2),admission,2026,25,,0,1,1,1,https://admission.ku.ac.th/
10020326610802A,A0400,,รับนักกีฬาดีเด่น,portfolio,2026,1,,0,1,1,1,https://admission.ku.ac.th/
10020326610802A,A0500,,ส่งเสริมนักเรียนที่มีคุณธรรมและจริยธรรม,portfolio,2026,2,,0,1,1,1,https://admission.ku.ac.th/
10020326610802A,A0600,,ความรู้คู่คุณธรรมสร้างผู้นำเยาวชน,portfolio,2026,2,,0,1,1,1,https://admission.ku.ac.th/
10020326610802A,A0700,,ขยายโอกาสทางการศึกษา (รอบ 1/1),portfolio,2026,20,,0,1,1,1,https://admission.ku.ac.th/
10020326610802A,A0701,,ขยายโอกาสทางการศึกษา (รอบ 1/2),portfolio,2026,20,,0,1,1,1,https://admission.ku.ac.th/
10020326610802A,B1100,,นักเรียนดีเด่นจากโรงเรียนสาธิตแห่ง มก.,quota,2026,1,,,1,1,1,https://admission.ku.ac.th/
10020326610802A,B1900,,รับตรงภาคตะวันออกและเขตพื้นที่เชื่อมโยง,quota,2026,20,,,1,1,1,https://admission.ku.ac.th/
10020326610802A,B2700,,ขยายโอกาสสู่โรงเรียนต้นน้ำ,quota,2026,52,,,1,1,1,https://admission.ku.ac.th/
10020326610802A,B3400,,โครงการรับนิสิตพิเศษ,quota,2026,1,,,1,1,1,https://admission.ku.ac.th/
10020326610802A,C2838,,Admission (คณะวิทยาการจัดการ ใช้คะแนน A-Level คณิตศาสตร์ประยุกต์ 1),admission,2026,20,,0,1,1,1,https://admission.ku.ac.th/
10020326610802A,C2839,,Admission (คณะวิทยาการจัดการ ใช้คะแนน A-Level คณิตศาสตร์ประยุกต์ 2),admission,2026,20,,0,1,1,1,https://admission.ku.ac.th/
10020326610802B,A0500,,ส่งเสริมนักเรียนที่มีคุณธรรมและจริยธรรม,portfolio,2026,2,,0,1,1,1,https://admission.ku.ac.th/
10020326610802B,A0600,,ความรู้คู่คุณธรรมสร้างผู้นำเยาวชน,portfolio,2026,2,,0,1,1,1,https://admission.ku.ac.th/
10020326610802B,A0700,,ขยายโอกาสทางการศึกษา (รอบ 1/1),portfolio,2026,25,,0,1,1,1,https://admission.ku.ac.th/
10020326610802B,A0701,,ขยายโอกาสทางการศึกษา (รอบ 1/2),portfolio,2026,25,,0,1,1,1,https://admission.ku.ac.th/
10020326610802B,B1100,,นักเรียนดีเด่นจากโรงเรียนสาธิตแห่ง มก.,quota,2026,1,,,1,1,1,https://admission.ku.ac.th/
10020326610802B,B1900,,รับตรงภาคตะวันออกและเขตพื้นที่เชื่อมโยง,quota,2026,20,,,1,1,1,https://admission.ku.ac.th/
10020326610802B,B2700,,ขยายโอกาสสู่โรงเรียนต้นน้ำ,quota,2026,50,,,1,1,1,https://admission.ku.ac.th/
10020326610802B,B3400,,โครงการรับนิสิตพิเศษ,quota,2026,1,,,1,1,1,https://admission.ku.ac.th/
10020326610802B,C2838,,Admission (คณะวิทยาการจัดการ ใช้คะแนน A-Level คณิตศาสตร์ประยุกต์ 1),admission,2026,45,,0,1,1,1,https://admission.ku.ac.th/
10020326610802B,C2839,,Admission (คณะวิทยาการจัดการ ใช้คะแนน A-Level คณิตศาสตร์ประยุกต์ 2),admission,2026,45,,0,1,1,1,https://admission.ku.ac.th/
10020326610802D,A0200,,เรียนล่วงหน้า,portfolio,2026,10,,0,1,1,1,https://admission.ku.ac.th/
10020326610802D,A0400,,รับนักกีฬาดีเด่น,portfolio,2026,1,,0,1,1,1,https://admission.ku.ac.th/
10020326610802D,A0500,,ส่งเสริมนักเรียนที่มีคุณธรรมและจริยธรรม,portfolio,2026,2,,0,1,1,1,https://admission.ku.ac.th/
10020326610802D,A0600,,ความรู้คู่คุณธรรมสร้างผู้นำเยาวชน,portfolio,2026,2,,0,1,1,1,https://admission.ku.ac.th/
10020326610802D,A0700,,ขยายโอกาสทางการศึกษา (รอบ 1/1),portfolio,2026,10,,0,1,1,1,https://admission.ku.ac.th/
10020326610802D,A0701,,ขยายโอกาสทางการศึกษา (รอบ 1/2),portfolio,2026,10,,0,1,1,1,https://admission.ku.ac.th/
10020326610802D,B1100,,นักเรียนดีเด่นจากโรงเรียนสาธิตแห่ง มก.,quota,2026,1,,,1,1,1,https://admission.ku.ac.th/
10020326610802D,B1900,,รับตรงภาคตะวันออกและเขตพื้นที่เชื่อมโยง,quota,2026,5,,,1,1,1,https://admission.ku.ac.th/
10020326610802D,B2700,,ขยายโอกาสสู่โรงเรียนต้นน้ำ,quota,2026,52,,,1,1,1,https://admission.ku.ac.th/
10020326610802D,B3400,,โครงการรับนิสิตพิเศษ,quota,2026,1,,,1,1,1,https://admission.ku.ac.th/
10020326610802D,C2838,,Admission (คณะวิทยาการจัดการ ใช้คะแนน A-Level คณิตศาสตร์ประยุกต์ 1),admission,2026,25,,0,1,1,1,https://admission.ku.ac.th/
10020326610802D,C2839,,Admission (คณะวิทยาการจัดการ ใช้คะแนน A-Level คณิตศาสตร์ประยุกต์ 2),admission,2026,25,,0,1,1,1,https://admission.ku.ac.th/
10020326611001A,A0400,,รับนักกีฬาดีเด่น,portfolio,2026,1,,0,1,1,1,https://admission.ku.ac.th/
10020326611001A,A0500,,ส่งเสริมนักเรียนที่มีคุณธรรมและจริยธรรม,portfolio,2026,2,,0,1,1,1,https://admission.ku.ac.th/
10020326611001A,A0600,,ความรู้คู่คุณธรรมสร้างผู้นำเยาวชน,portfolio,2026,2,,0,1,1,1,https://admission.ku.ac.th/
10020326611001A,A0700,,ขยายโอกาสทางการศึกษา (รอบ 1/1),portfolio,2026,20,,0,1,1,1,https://admission.ku.ac.th/
10020326611001A,A0701,,ขยายโอกาสทางการศึกษา (รอบ 1/2),portfolio,2026,20,,0,1,1,1,https://admission.ku.ac.th/
10020326611001A,B1100,,นักเรียนดีเด่นจากโรงเรียนสาธิตแห่ง มก.,quota,2026,1,,,1,1,1,https://admission.ku.ac.th/
10020326611001A,B1900,,รับตรงภาคตะวันออกและเขตพื้นที่เชื่อมโยง,quota,2026,20,,,1,1,1,https://admission.ku.ac.th/
10020326611001A,B2700,,ขยายโอกาสสู่โรงเรียนต้นน้ำ,quota,2026,52,,,1,1,1,https://admission.ku.ac.th/
10020326611001A,B3400,,โครงการรับนิสิตพิเศษ,quota,2026,1,,,1,1,1,https://admission.ku.ac.th/
10020326611001A,C2838,,Admission (คณะวิทยาการจัดการ ใช้คะแนน A-Level คณิตศาสตร์ประยุกต์ 1),admission,2026,20,,0,1,1,1,https://admission.ku.ac.th/
10020326611001A,C2839,,Admission (คณะวิทยาการจัดการ ใช้คะแนน A-Level คณิตศาสตร์ประยุกต์ 2),admission,2026,20,,0,1,1,1,https://admission.ku.ac.th/
10020326611001B,A0500,,ส่งเสริมนักเรียนที่มีคุณธรรมและจริยธรรม,portfolio,2026,2,,0,1,1,1,https://admission.ku.ac.th/
10020326611001B,A0600,,ความรู้คู่คุณธรรมสร้างผู้นำเยาวชน,portfolio,2026,2,,0,1,1,1,https://admission.ku.ac.th/
10020326611001B,A0700,,ขยายโอกาสทางการศึกษา (รอบ 1/1),portfolio,2026,25,,0,1,1,1,https://admission.ku.ac.th/
10020326611001B,A0701,,ขยายโอกาสทางการศึกษา (รอบ 1/2),portfolio,2026,25,,0,1,1,1,https://admission.ku.ac.th/
10020326611001B,B1100,,นักเรียนดีเด่นจากโรงเรียนสาธิตแห่ง มก.,quota,2026,1,,,1,1,1,https://admission.ku.ac.th/
10020326611001B,B1900,,รับตรงภาคตะวันออกและเขตพื้นที่เชื่อมโยง,quota,2026,20,,,1,1,1,https://admission.ku.ac.th/
10020326611001B,B2700,,ขยายโอกาสสู่โรงเรียนต้นน้ำ,quota,2026,50,,,1,1,1,https://admission.ku.ac.th/
10020326611001B,B3400,,โครงการรับนิสิตพิเศษ,quota,2026,1,,,1,1,1,https://admission.ku.ac.th/
10020326611001B,C2838,,Admission (คณะวิทยาการจัดการ ใช้คะแนน A-Level คณิตศาสตร์ประยุกต์ 1),admission,2026,30,,0,1,1,1,https://admission.ku.ac.th/
10020326611001B,C2839,,Admission (คณะวิทยาการจัดการ ใช้คะแนน A-Level คณิตศาสตร์ประยุกต์ 2),admission,2026,30,,0,1,1,1,https://admission.ku.ac.th/
10020326611001D,A0200,,เรียนล่วงหน้า,portfolio,2026,10,,0,1,1,1,https://admission.ku.ac.th/
10020326611001D,A0400,,รับนักกีฬาดีเด่น,portfolio,2026,1,,0,1,1,1,https://admission.ku.ac.th/
10020326611001D,A0500,,ส่งเสริมนักเรียนที่มีคุณธรรมและจริยธรรม,portfolio,2026,2,,0,1,1,1,https://admission.ku.ac.th/
10020326611001D,A0600,,ความรู้คู่คุณธรรมสร้างผู้นำเยาวชน,portfolio,2026,2,,0,1,1,1,https://admission.ku.ac.th/
10020326611001D,A0700,,ขยายโอกาสทางการศึกษา (รอบ 1/1),portfolio,2026,10,,0,1,1,1,https://admission.ku.ac.th/
10020326611001D,A0701,,ขยายโอกาสทางการศึกษา (รอบ 1/2),portfolio,2026,10,,0,1,1,1,https://admission.ku.ac.th/
10020326611001D,B1100,,นักเรียนดีเด่นจากโรงเรียนสาธิตแห่ง มก.,quota,2026,1,,,1,1,1,https://admission.ku.ac.th/
10020326611001D,B1900,,รับตรงภาคตะวันออกและเขตพื้นที่เชื่อมโยง,quota,2026,5,,,1,1,1,https://admission.ku.ac.th/
10020326611001D,B2700,,ขยายโอกาสสู่โรงเรียนต้นน้ำ,quota,2026,52,,,1,1,1,https://admission.ku.ac.th/
10020326611001D,B3400,,โครงการรับนิสิตพิเศษ,quota,2026,1,,,1,1,1,https://admission.ku.ac.th/
10020326611001D,C2838,,Admission (คณะวิทยาการจัดการ ใช้คะแนน A-Level คณิตศาสตร์ประยุกต์ 1),admission,2026,25,,0,1,1,1,https://admission.ku.ac.th/
10020326611001D,C2839,,Admission (คณะวิทยาการจัดการ ใช้คะแนน A-Level คณิตศาสตร์ประยุกต์ 2),admission,2026,25,,0,1,1,1,https://admission.ku.ac.th/
10020326620102A,A0400,A,รับนักกีฬาดีเด่น,portfolio,2026,1,,0,1,1,1,https://admission.ku.ac.th/
10020326620102A,A0400,B,รับนักกีฬาดีเด่น,portfolio,2026,1,,0,1,1,1,https://admission.ku.ac.th/
10020326620102A,A0500,A,ส่งเสริมนักเรียนที่มีคุณธรรมและจริยธรรม,portfolio,2026,1,,0,1,1,1,https://admission.ku.ac.th/
10020326620102A,A0500,B,ส่งเสริมนักเรียนที่มีคุณธรรมและจริยธรรม,portfolio,2026,1,,0,1,1,1,https://admission.ku.ac.th/
10020326620102A,A0600,A,ความรู้คู่คุณธรรมสร้างผู้นำเยาวชน,portfolio,2026,1,,0,1,1,1,https://admission.ku.ac.th/
10020326620102A,A0600,B,ความรู้คู่คุณธรรมสร้างผู้นำเยาวชน,portfolio,2026,1,,0,1,1,1,https://admission.ku.ac.th/
10020326620102A,A0700,A,ขยายโอกาสทางการศึกษา (รอบ 1/1),portfolio,2026,20,,0,1,1,1,https://admission.ku.ac.th/
10020326620102A,A0700,B,ขยายโอกาสทางการศึกษา (รอบ 1/1),portfolio,2026,20,,0,1,1,1,https://admission.ku.ac.th/
10020326620102A,A0701,A,ขยายโอกาสทางการศึกษา (รอบ 1/2),portfolio,2026,20,,0,1,1,1,https://admission.ku.ac.th/
10020326620102A,A0701,B,ขยายโอกาสทางการศึกษา (รอบ 1/2),portfolio,2026,20,,0,1,1,1,https://admission.ku.ac.th/
10020326620102A,B1100,A,นักเรียนดีเด่นจากโรงเรียนสาธิตแห่ง มก.,quota,2026,1,,,1,1,1,https://admission.ku.ac.th/
10020326620102A,B1100,B,นักเรียนดีเด่นจากโรงเรียนสาธิตแห่ง มก.,quota,2026,1,,,1,1,1,https://admission.ku.ac.th/
10020326620102A,B1900,A,รับตรงภาคตะวันออกและเขตพื้นที่เชื่อมโยง,quota,2026,15,,,1,1,1,https://admission.ku.ac.th/
10020326620102A,B1900,B,รับตรงภาคตะวันออกและเขตพื้นที่เชื่อมโยง,quota,2026,15,,,1,1,1,https://admission.ku.ac.th/
10020326620102A,B2700,A,ขยายโอกาสสู่โรงเรียนต้นน้ำ,quota,2026,26,,,1,1,1,https://admission.ku.ac.th/
10020326620102A,B2700,B,ขยายโอกาสสู่โรงเรียนต้นน้ำ,quota,2026,26,,,1,1,1,https://admission.ku.ac.th/
10020326620102A,B3400,A,โครงการรับนิสิตพิเศษ,quota,2026,1,,,1,1,1,https://admission.ku.ac.th/
10020326620102A,B3400,B,โครงการรับนิสิตพิเศษ,quota,2026,1,,,1,1,1,https://admission.ku.ac.th/
10020326620102A,C2838,A,Admission (คณะวิทยาการจัดการ ใช้คะแนน A-Level คณิตศาสตร์ประยุกต์ 1),admission,2026,28,,0,1,1,1,https://admission.ku.ac.th/
10020326620102A,C2838,B,Admission (คณะวิทยาการจัดการ ใช้คะแนน A-Level คณิตศาสตร์ประยุกต์ 1),admission,2026,30,,0,1,1,1,https://admission.ku.ac.th/
10020326620102A,C2839,A,Admission (คณะวิทยาการจัดการ ใช้คะแนน A-Level คณิตศาสตร์ประยุกต์ 2),admission,2026,27,,0,1,1,1,https://admission.ku.ac.th/
10020326620102A,C2839,B,Admission (คณะวิทยาการจัดการ ใช้คะแนน A-Level คณิตศาสตร์ประยุกต์ 2),admission,2026,30,,0,1,1,1,https://admission.ku.ac.th/
10020326620102B,A0500,A,ส่งเสริมนักเรียนที่มีคุณธรรมและจริยธรรม,portfolio,2026,1,,0,1,1,1,https://admission.ku.ac.th/
10020326620102B,A0500,B,ส่งเสริมนักเรียนที่มีคุณธรรมและจริยธรรม,portfolio,2026,1,,0,1,1,1,https://admission.ku.ac.th/
10020326620102B,A0600,A,ความรู้คู่คุณธรรมสร้างผู้นำเยาวชน,portfolio,2026,1,,0,1,1,1,https://admission.ku.ac.th/
10020326620102B,A0600,B,ความรู้คู่คุณธรรมสร้างผู้นำเยาวชน,portfolio,2026,1,,0,1,1,1,https://admission.ku.ac.th/
10020326620102B,A0700,A,ขยายโอกาสทางการศึกษา (รอบ 1/1),portfolio,2026,20,,0,1,1,1,https://admission.ku.ac.th/
10020326620102B,A0700,B,ขยายโอกาสทางการศึกษา (รอบ 1/1),portfolio,2026,20,,0,1,1,1,https://admission.ku.ac.th/
10020326620102B,A0701,A,ขยายโอกาสทางการศึกษา (รอบ 1/2),portfolio,2026,25,,0,1,1,1,https://admission.ku.ac.th/
10020326620102B,A0701,B,ขยายโอกาสทางการศึกษา (รอบ 1/2),portfolio,2026,25,,0,1,1,1,https://admission.ku.ac.th/
10020326620102B,B1100,A,นักเรียนดีเด่นจากโรงเรียนสาธิตแห่ง มก.,quota,2026,1,,,1,1,1,https://admission.ku.ac.th/
10020326620102B,B1100,B,นักเรียนดีเด่นจากโรงเรียนสาธิตแห่ง มก.,quota,2026,1,,,1,1,1,https://admission.ku.ac.th/
10020326620102B,B1900,A,รับตรงภาคตะวันออกและเขตพื้นที่เชื่อมโยง,quota,2026,10,,,1,1,1,https://admission.ku.ac.th/
10020326620102B,B1900,B,รับตรงภาคตะวันออกและเขตพื้นที่เชื่อมโยง,quota,2026,10,,,1,1,1,https://admission.ku.ac.th/
10020326620102B,B2700,A,ขยายโอกาสสู่โรงเรียนต้นน้ำ,quota,2026,25,,,1,1,1,https://admission.ku.ac.th/
10020326620102B,B2700,B,ขยายโอกาสสู่โรงเรียนต้นน้ำ,quota,2026,25,,,1,1,1,https://admission.ku.ac.th/
10020326620102B,B3400,A,โครงการรับนิสิตพิเศษ,quota,2026,1,,,1,1,1,https://admission.ku.ac.th/
10020326620102B,B3400,B,โครงการรับนิสิตพิเศษ,quota,2026,1,,,1,1,1,https://admission.ku.ac.th/
10020326620102B,C2838,A,Admission (คณะวิทยาการจัดการ ใช้คะแนน A-Level คณิตศาสตร์ประยุกต์ 1),admission,2026,45,,0,1,1,1,https://admission.ku.ac.th/
10020326620102B,C2838,B,Admission (คณะวิทยาการจัดการ ใช้คะแนน A-Level คณิตศาสตร์ประยุกต์ 1),admission,2026,45,,0,1,1,1,https://admission.ku.ac.th/
10020326620102B,C2839,A,Admission (คณะวิทยาการจัดการ ใช้คะแนน A-Level คณิตศาสตร์ประยุกต์ 2),admission,2026,45,,0,1,1,1,https://admission.ku.ac.th/
10020326620102B,C2839,B,Admission (คณะวิทยาการจัดการ ใช้คะแนน A-Level คณิตศาสตร์ประยุกต์ 2),admission,2026,45,,0,1,1,1,https://admission.ku.ac.th/
10020326620102D,A0200,A,เรียนล่วงหน้า,portfolio,2026,5,,0,1,1,1,https://admission.ku.ac.th/
10020326620102D,A0200,B,เรียนล่วงหน้า,portfolio,2026,5,,0,1,1,1,https://admission.ku.ac.th/
10020326620102D,A0400,A,รับนักกีฬาดีเด่น,portfolio,2026,1,,0,1,1,1,https://admission.ku.ac.th/
10020326620102D,A0400,B,รับนักกีฬาดีเด่น,portfolio,2026,1,,0,1,1,1,https://admission.ku.ac.th/
10020326620102D,A0500,A,ส่งเสริมนักเรียนที่มีคุณธรรมและจริยธรรม,portfolio,2026,1,,0,1,1,1,https://admission.ku.ac.th/
10020326620102D,A0500,B,ส่งเสริมนักเรียนที่มีคุณธรรมและจริยธรรม,portfolio,2026,2,,0,1,1,1,https://admission.ku.ac.th/
10020326620102D,A0600,A,ความรู้คู่คุณธรรมสร้างผู้นำเยาวชน,portfolio,2026,1,,0,1,1,1,https://admission.ku.ac.th/
10020326620102D,A0600,B,ความรู้คู่คุณธรรมสร้างผู้นำเยาวชน,portfolio,2026,1,,0,1,1,1,https://admission.ku.ac.th/
10020326620102D,A0700,A,ขยายโอกาสทางการศึกษา (รอบ 1/1),portfolio,2026,5,,0,1,1,1,https://admission.ku.ac.th/
10020326620102D,A0700,B,ขยายโอกาสทางการศึกษา (รอบ 1/1),portfolio,2026,5,,0,1,1,1,https://admission.ku.ac.th/
10020326620102D,A0701,A,ขยายโอกาสทางการศึกษา (รอบ 1/2),portfolio,2026,5,,0,1,1,1,https://admission.ku.ac.th/
10020326620102D,A0701,B,ขยายโอกาสทางการศึกษา (รอบ 1/2),portfolio,2026,5,,0,1,1,1,https://admission.ku.ac.th/
10020326620102D,B1100,A,นักเรียนดีเด่นจากโรงเรียนสาธิตแห่ง มก.,quota,2026,1,,,1,1,1,https://admission.ku.ac.th/
10020326620102D,B1100,B,นักเรียนดีเด่นจากโรงเรียนสาธิตแห่ง มก.,quota,2026,1,,,1,1,1,https://admission.ku.ac.th/
10020326620102D,B1900,A,รับตรงภาคตะวันออกและเขตพื้นที่เชื่อมโยง,quota,2026,3,,,1,1,1,https://admission.ku.ac.th/
10020326620102D,B1900,B,รับตรงภาคตะวันออกและเขตพื้นที่เชื่อมโยง,quota,2026,3,,,1,1,1,https://admission.ku.ac.th/
10020326620102D,B2700,A,ขยายโอกาสสู่โรงเรียนต้นน้ำ,quota,2026,26,,,1,1,1,https://admission.ku.ac.th/
10020326620102D,B2700,B,ขยายโอกาสสู่โรงเรียนต้นน้ำ,quota,2026,26,,,1,1,1,https://admission.ku.ac.th/
10020326620102D,B3400,A,โครงการรับนิสิตพิเศษ,quota,2026,1,,,1,1,1,https://admission.ku.ac.th/
10020326620102D,B3400,B,โครงการรับนิสิตพิเศษ,quota,2026,1,,,1,1,1,https://admission.ku.ac.th/
10020326620102D,C2838,A,Admission (คณะวิทยาการจัดการ ใช้คะแนน A-Level คณิตศาสตร์ประยุกต์ 1),admission,2026,25,,0,1,1,1,https://admission.ku.ac.th/
10020326620102D,C2838,B,Admission (คณะวิทยาการจัดการ ใช้คะแนน A-Level คณิตศาสตร์ประยุกต์ 1),admission,2026,25,,0,1,1,1,https://admission.ku.ac.th/
10020326620102D,C2839,A,Admission (คณะวิทยาการจัดการ ใช้คะแนน A-Level คณิตศาสตร์ประยุกต์ 2),admission,2026,25,,0,1,1,1,https://admission.ku.ac.th/
10020326620102D,C2839,B,Admission (คณะวิทยาการจัดการ ใช้คะแนน A-Level คณิตศาสตร์ประยุกต์ 2),admission,2026,25,,0,1,1,1,https://admission.ku.ac.th/
10020327210303A,A0500,,ส่งเสริมนักเรียนที่มีคุณธรรมและจริยธรรม,portfolio,2026,6,,0,1,1,1,https://admission.ku.ac.th/
10020327210303A,A0600,,ความรู้คู่คุณธรรมสร้างผู้นำเยาวชน,portfolio,2026,2,,0,1,1,1,https://admission.ku.ac.th/
10020327210303A,A0700,,ขยายโอกาสทางการศึกษา (รอบ 1/1),portfolio,2026,30,,0,1,1,1,https://admission.ku.ac.th/
10020327210303A,A0701,,ขยายโอกาสทางการศึกษา (รอบ 1/2),portfolio,2026,20,,0,1,1,1,https://admission.ku.ac.th/
10020327210303A,B1100,,นักเรียนดีเด่นจากโรงเรียนสาธิตแห่ง มก.,quota,2026,1,,,1,1,1,https://admission.ku.ac.th/
10020327210303A,B1900,,รับตรงภาคตะวันออกและเขตพื้นที่เชื่อมโยง,quota,2026,30,,,1,1,1,https://admission.ku.ac.th/
10020327210303A,B2700,,ขยายโอกาสสู่โรงเรียนต้นน้ำ,quota,2026,4,,,1,1,1,https://admission.ku.ac.th/
10020327210303A,C2849,,Admission (วิทยาการวิเคราะห์ข้อมูลและคณิตศาสตร์ประกันภัย ใช้คะแนน A-Level คณิตศาสตร์ประยุกต์ 1),admission,2026,40,,0,1,2,2,https://admission.ku.ac.th/
10020327210303A,C2850,,Admission (วิทยาการวิเคราะห์ข้อมูลและคณิตศาสตร์ประกันภัย ใช้คะแนน TPAT3),admission,2026,35,,0,1,2,2,https://admission.ku.ac.th/
10020327210401A,A0500,,ส่งเสริมนักเรียนที่มีคุณธรรมและจริยธรรม,portfolio,2026,5,,0,1,1,1,https://admission.ku.ac.th/
10020327210401A,A0600,,ความรู้คู่คุณธรรมสร้างผู้นำเยาวชน,portfolio,2026,5,,0,1,1,1,https://admission.ku.ac.th/
10020327210401A,A0700,,ขยายโอกาสทางการศึกษา (รอบ 1/1),portfolio,2026,50,,0,1,1,1,https://admission.ku.ac.th/
10020327210401A,A0701,,ขยายโอกาสทางการศึกษา (รอบ 1/2),portfolio,2026,30,,0,1,1,1,https://admission.ku.ac.th/
10020327210401A,B1900,,รับตรงภาคตะวันออกและเขตพื้นที่เชื่อมโยง,quota,2026,50,,,1,1,1,https://admission.ku.ac.th/
10020327210401A,B2700,,ขยายโอกาสสู่โรงเรียนต้นน้ำ,quota,2026,25,,,1,1,1,https://admission.ku.ac.th/
10020327210401A,C2851,,Admission (วิทยาศาสตร์และเทคโนโลยีเคมีประยุกต์ ใช้คะแนน A-Level คณิตศาสตร์ประยุกต์ 1),admission,2026,50,,0,1,2,2,https://admission.ku.ac.th/
10020327210401A,C2852,,Admission (วิทยาศาสตร์และเทคโนโลยีเคมีประยุกต์ ใช้คะแนน A-Level เคมี),admission,2026,50,,0,1,2,2,https://admission.ku.ac.th/
10020327212701A,A0500,,ส่งเสริมนักเรียนที่มีคุณธรรมและจริยธรรม,portfolio,2026,5,,0,1,1,1,https://admission.ku.ac.th/
10020327212701A,A0600,,ความรู้คู่คุณธรรมสร้างผู้นำเยาวชน,portfolio,2026,5,,0,1,1,1,https://admission.ku.ac.th/
10020327212701A,A0700,,ขยายโอกาสทางการศึกษา (รอบ 1/1),portfolio,2026,35,,0,1,1,1,https://admission.ku.ac.th/
10020327212701A,A0701,,ขยายโอกาสทางการศึกษา (รอบ 1/2),portfolio,2026,25,,0,1,1,1,https://admission.ku.ac.th/
10020327212701A,B1900,,รับตรงภาคตะวันออกและเขตพื้นที่เชื่อมโยง,quota,2026,40,,,1,1,1,https://admission.ku.ac.th/
10020327212701A,B2700,,ขยายโอกาสสู่โรงเรียนต้นน้ำ,quota,2026,10,,,1,1,1,https://admission.ku.ac.th/
10020327212701A,C2853,,Admission (ฟิสิกส์ ใช้คะแนน A-Level ฟิสิกส์),admission,2026,45,,0,1,2,2,https://admission.ku.ac.th/
10020327212701A,C2854,,Admission (ฟิสิกส์ ใช้คะแนน TPAT3),admission,2026,45,,0,1,2,2,https://admission.ku.ac.th/
10020327213501A,A0500,,ส่งเสริมนักเรียนที่มีคุณธรรมและจริยธรรม,portfolio,2026,5,,0,1,1,1,https://admission.ku.ac.th/
10020327213501A,A0600,,ความรู้คู่คุณธรรมสร้างผู้นำเยาวชน,portfolio,2026,2,,0,1,1,1,https://admission.ku.ac.th/
10020327213501A,A0700,,ขยายโอกาสทางการศึกษา (รอบ 1/1),portfolio,2026,50,,0,1,1,1,https://admission.ku.ac.th/
10020327213501A,A0701,,ขยายโอกาสทางการศึกษา (รอบ 1/2),portfolio,2026,35,,0,1,1,1,https://admission.ku.ac.th/
10020327213501A,B1900,,รับตรงภาคตะวันออกและเขตพื้นที่เชื่อมโยง,quota,2026,40,,,1,1,1,https://admission.ku.ac.th/
10020327213501A,B2700,,ขยายโอกาสสู่โรงเรียนต้นน้ำ,quota,2026,6,,,1,1,1,https://admission.ku.ac.th/
10020327213501A,C2800,,Admission,admission,2026,50,,0,1,2,2,https://admission.ku.ac.th/
10020327220101A,A0500,,ส่งเสริมนักเรียนที่มีคุณธรรมและจริยธรรม,portfolio,2026,5,,0,1,1,1,https://admission.ku.ac.th/
10020327220101A,A0600,,ความรู้คู่คุณธรรมสร้างผู้นำเยาวชน,portfolio,2026,2,,0,1,1,1,https://admission.ku.ac.th/
10020327220101A,A0700,,ขยายโอกาสทางการศึกษา (รอบ 1/1),portfolio,2026,50,,0,1,1,1,https://admission.ku.ac.th/
10020327220101A,A0701,,ขยายโอกาสทางการศึกษา (รอบ 1/2),portfolio,2026,20,,0,1,1,1,https://admission.ku.ac.th/
10020327220101A,B1900,,รับตรงภาคตะวันออกและเขตพื้นที่เชื่อมโยง,quota,2026,40,,,1,1,1,https://admission.ku.ac.th/
10020327220101A,B2700,,ขยายโอกาสสู่โรงเรียนต้นน้ำ,quota,2026,2,,,1,1,1,https://admission.ku.ac.th/
10020327220101A,C2800,,Admission,admission,2026,60,,0,1,2,2,https://admission.ku.ac.th/
10020327220101B,A0400,,รับนักกีฬาดีเด่น,portfolio,2026,1,,0,1,1,1,https://admission.ku.ac.th/
10020327220101B,A0500,,ส่งเสริมนักเรียนที่มีคุณธรรมและจริยธรรม,portfolio,2026,2,,0,1,1,1,https://admission.ku.ac.th/
10020327220101B,A0600,,ความรู้คู่คุณธรรมสร้างผู้นำเยาวชน,portfolio,2026,3,,0,1,1,1,https://admission.ku.ac.th/
10020327220101B,A0700,,ขยายโอกาสทางการศึกษา (รอบ 1/1),portfolio,2026,40,,0,1,1,1,https://admission.ku.ac.th/
10020327220101B,A0701,,ขยายโอกาสทางการศึกษา (รอบ 1/2),portfolio,2026,20,,0,1,1,1,https://admission.ku.ac.th/
10020327220101B,B1900,,รับตรงภาคตะวันออกและเขตพื้นที่เชื่อมโยง,quota,2026,55,,,1,1,1,https://admission.ku.ac.th/
10020327220101B,B2700,,ขยายโอกาสสู่โรงเรียนต้นน้ำ,quota,2026,1,,,1,1,1,https://admission.ku.ac.th/
10020327220101B,C2800,,Admission,admission,2026,70,,0,1,2,2,https://admission.ku.ac.th/
10020327220201A,A0500,,ส่งเสริมนักเรียนที่มีคุณธรรมและจริยธรรม,portfolio,2026,5,,0,1,1,1,https://admission.ku.ac.th/
10020327220201A,A0600,,ความรู้คู่คุณธรรมสร้างผู้นำเยาวชน,portfolio,2026,2,,0,1,1,1,https://admission.ku.ac.th/
10020327220201A,A0700,,ขยายโอกาสทางการศึกษา (รอบ 1/1),portfolio,2026,50,,0,1,1,1,https://admission.ku.ac.th/
10020327220201A,A0701,,ขยายโอกาสทางการศึกษา (รอบ 1/2),portfolio,2026,20,,0,1,1,1,https://admission.ku.ac.th/
10020327220201A,B1900,,รับตรงภาคตะวันออกและเขตพื้นที่เชื่อมโยง,quota,2026,20,,,1,1,1,https://admission.ku.ac.th/
10020327220201A,B2700,,ขยายโอกาสสู่โรงเรียนต้นน้ำ,quota,2026,2,,,1,1,1,https://admission.ku.ac.th/
10020327220201A,C2855,,Admission (วิทยาการคอมพิวเตอร์ ใช้คะแนน A-Level คณิตศาสตร์ประยุกต์ 2),admission,2026,30,,0,1,2,2,https://admission.ku.ac.th/
10020327220201A,C2856,,Admission (วิทยาการคอมพิวเตอร์ ใช้คะแนน TPAT3),admission,2026,30,,0,1,2,2,https://admission.ku.ac.th/
10020327220201B,A0400,,รับนักกีฬาดีเด่น,portfolio,2026,1,,0,1,1,1,https://admission.ku.ac.th/
10020327220201B,A0500,,ส่งเสริมนักเรียนที่มีคุณธรรมและจริยธรรม,portfolio,2026,2,,0,1,1,1,https://admission.ku.ac.th/
10020327220201B,A0600,,ความรู้คู่คุณธรรมสร้างผู้นำเยาวชน,portfolio,2026,3,,0,1,1,1,https://admission.ku.ac.th/
10020327220201B,A0700,,ขยายโอกาสทางการศึกษา (รอบ 1/1),portfolio,2026,40,,0,1,1,1,https://admission.ku.ac.th/
10020327220201B,A0701,,ขยายโอกาสทางการศึกษา (รอบ 1/2),portfolio,2026,20,,0,1,1,1,https://admission.ku.ac.th/
10020327220201B,B1900,,รับตรงภาคตะวันออกและเขตพื้นที่เชื่อมโยง,quota,2026,50,,,1,1,1,https://admission.ku.ac.th/
10020327220201B,B2700,,ขยายโอกาสสู่โรงเรียนต้นน้ำ,quota,2026,1,,,1,1,1,https://admission.ku.ac.th/
10020327220201B,C2855,,Admission (วิทยาการคอมพิวเตอร์ ใช้คะแนน A-Level คณิตศาสตร์ประยุกต์ 2),admission,2026,30,,0,1,2,2,https://admission.ku.ac.th/
10020327220201B,C2856,,Admission (วิทยาการคอมพิวเตอร์ ใช้คะแนน TPAT3),admission,2026,30,,0,1,2,2,https://admission.ku.ac.th/
10020328300502A,A0200,,เรียนล่วงหน้า,portfolio,2026,5,,0,1,1,1,https://admission.ku.ac.th/
10020328300502A,A0700,,ขยายโอกาสทางการศึกษา (รอบ 1/1),portfolio,2026,45,,0,1,1,1,https://admission.ku.ac.th/
10020328300502A,B1100,,นักเรียนดีเด่นจากโรงเรียนสาธิตแห่ง มก.,quota,2026,1,,,1,1,1,https://admission.ku.ac.th/
10020328300502A,B1900,,รับตรงภาคตะวันออกและเขตพื้นที่เชื่อมโยง,quota,2026,27,,,1,1,1,https://admission.ku.ac.th/
10020328300502A,B2700,,ขยายโอกาสสู่โรงเรียนต้นน้ำ,quota,2026,2,,,1,1,1,https://admission.ku.ac.th/
10020328300502A,C2800,,Admission,admission,2026,75,,0,1,2,2,https://admission.ku.ac.th/
10020328300702A,A0200,,เรียนล่วงหน้า,portfolio,2026,5,,0,1,1,1,https://admission.ku.ac.th/
10020328300702A,A0500,,ส่งเสริมนักเรียนที่มีคุณธรรมและจริยธรรม,portfolio,2026,1,,0,1,1,1,https://admission.ku.ac.th/
10020328300702A,A0600,,ความรู้คู่คุณธรรมสร้างผู้นำเยาวชน,portfolio,2026,1,,0,1,1,1,https://admission.ku.ac.th/
10020328300702A,A0700,,ขยายโอกาสทางการศึกษา (รอบ 1/1),portfolio,2026,30,,0,1,1,1,https://admission.ku.ac.th/
10020328300702A,A0701,,ขยายโอกาสทางการศึกษา (รอบ 1/2),portfolio,2026,3,,0,1,1,1,https://admission.ku.ac.th/
10020328300702A,B1100,,นักเรียนดีเด่นจากโรงเรียนสาธิตแห่ง มก.,quota,2026,1,,,1,1,1,https://admission.ku.ac.th/
10020328300702A,B1900,,รับตรงภาคตะวันออกและเขตพื้นที่เชื่อมโยง,quota,2026,17,,,1,1,1,https://admission.ku.ac.th/
10020328300702A,B2700,,ขยายโอกาสสู่โรงเรียนต้นน้ำ,quota,2026,2,,,1,1,1,https://admission.ku.ac.th/
10020328300702A,C2800,,Admission,admission,2026,40,,0,1,2,2,https://admission.ku.ac.th/
10020328301602A,A0200,,เรียนล่วงหน้า,portfolio,2026,5,,0,1,1,1,https://admission.ku.ac.th/
10020328301602A,A0500,,ส่งเสริมนักเรียนที่มีคุณธรรมและจริยธรรม,portfolio,2026,2,,0,1,1,1,https://admission.ku.ac.th/
10020328301602A,A0600,,ความรู้คู่คุณธรรมสร้างผู้นำเยาวชน,portfolio,2026,2,,0,1,1,1,https://admission.ku.ac.th/
10020328301602A,A0700,,ขยายโอกาสทางการศึกษา (รอบ 1/1),portfolio,2026,42,,0,1,1,1,https://admission.ku.ac.th/
10020328301602A,A0701,,ขยายโอกาสทางการศึกษา (รอบ 1/2),portfolio,2026,9,,0,1,1,1,https://admission.ku.ac.th/
10020328301602A,B1100,,นักเรียนดีเด่นจากโรงเรียนสาธิตแห่ง มก.,quota,2026,1,,,1,1,1,https://admission.ku.ac.th/
10020328301602A,B1900,,รับตรงภาคตะวันออกและเขตพื้นที่เชื่อมโยง,quota,2026,25,,,1,1,1,https://admission.ku.ac.th/
10020328301602A,B2700,,ขยายโอกาสสู่โรงเรียนต้นน้ำ,quota,2026,4,,,1,1,1,https://admission.ku.ac.th/
10020328301602A,C2800,,Admission,admission,2026,55,,0,1,2,2,https://admission.ku.ac.th/
10020328302001E,A0400,,รับนักกีฬาดีเด่น,portfolio,2026,1,,0,1,1,1,https://admission.ku.ac.th/
10020328302001E,A0500,,ส่งเสริมนักเรียนที่มีคุณธรรมและจริยธรรม,portfolio,2026,1,,0,1,1,1,https://admission.ku.ac.th/
10020328302001E,A0600,,ความรู้คู่คุณธรรมสร้างผู้นำเยาวชน,portfolio,2026,1,,0,1,1,1,https://admission.ku.ac.th/
10020328302001E,A0700,,ขยายโอกาสทางการศึกษา (รอบ 1/1),portfolio,2026,10,,0,1,1,1,https://admission.ku.ac.th/
10020328302001E,A0701,,ขยายโอกาสทางการศึกษา (รอบ 1/2),portfolio,2026,10,,0,1,1,1,https://admission.ku.ac.th/
10020328302001E,B1100,,นักเรียนดีเด่นจากโรงเรียนสาธิตแห่ง มก.,quota,2026,1,,,1,1,1,https://admission.ku.ac.th/
10020328302001E,B1900,,รับตรงภาคตะวันออกและเขตพื้นที่เชื่อมโยง,quota,2026,10,,,1,1,1,https://admission.ku.ac.th/
10020328302001E,B2700,,ขยายโอกาสสู่โรงเรียนต้นน้ำ,quota,2026,2,,,1,1,1,https://admission.ku.ac.th/
10020328302001E,C2800,,Admission,admission,2026,36,,0,1,1,1,https://admission.ku.ac.th/
10020328302101A,A0200,,เรียนล่วงหน้า,portfolio,2026,5,,0,1,1,1,https://admission.ku.ac.th/
10020328302101A,A0500,,ส่งเสริมนักเรียนที่มีคุณธรรมและจริยธรรม,portfolio,2026,1,,0,1,1,1,https://admission.ku.ac.th/
10020328302101A,A0600,,ความรู้คู่คุณธรรมสร้างผู้นำเยาวชน,portfolio,2026,1,,0,1,1,1,https://admission.ku.ac.th/
10020328302101A,A0700,,ขยายโอกาสทางการศึกษา (รอบ 1/1),portfolio,2026,9,,0,1,1,1,https://admission.ku.ac.th/
10020328302101A,A0701,,ขยายโอกาสทางการศึกษา (รอบ 1/2),portfolio,2026,6,,0,1,1,1,https://admission.ku.ac.th/
10020328302101A,B1100,,นักเรียนดีเด่นจากโรงเรียนสาธิตแห่ง มก.,quota,2026,1,,,1,1,1,https://admission.ku.ac.th/
10020328302101A,B1900,,รับตรงภาคตะวันออกและเขตพื้นที่เชื่อมโยง,quota,2026,20,,,1,1,1,https://admission.ku.ac.th/
10020328302101A,B2700,,ขยายโอกาสสู่โรงเรียนต้นน้ำ,quota,2026,2,,,1,1,1,https://admission.ku.ac.th/
10020328302101A,C2800,,Admission,admission,2026,46,,0,1,2,2,https://admission.ku.ac.th/
10020328302901E,A0200,,เรียนล่วงหน้า,portfolio,2026,5,,0,1,1,1,https://admission.ku.ac.th/
10020328302901E,A0400,,รับนักกีฬาดีเด่น,portfolio,2026,1,,0,1,1,1,https://admission.ku.ac.th/
10020328302901E,A0500,,ส่งเสริมนักเรียนที่มีคุณธรรมและจริยธรรม,portfolio,2026,1,,0,1,1,1,https://admission.ku.ac.th/
10020328302901E,A0600,,ความรู้คู่คุณธรรมสร้างผู้นำเยาวชน,portfolio,2026,1,,0,1,1,1,https://admission.ku.ac.th/
10020328302901E,A0700,,ขยายโอกาสทางการศึกษา (รอบ 1/1),portfolio,2026,10,,0,1,1,1,https://admission.ku.ac.th/
10020328302901E,A0701,,ขยายโอกาสทางการศึกษา (รอบ 1/2),portfolio,2026,5,,0,1,1,1,https://admission.ku.ac.th/
10020328302901E,B1100,,นักเรียนดีเด่นจากโรงเรียนสาธิตแห่ง มก.,quota,2026,1,,,1,1,1,https://admission.ku.ac.th/
10020328302901E,B1900,,รับตรงภาคตะวันออกและเขตพื้นที่เชื่อมโยง,quota,2026,5,,,1,1,1,https://admission.ku.ac.th/
10020328302901E,B2700,,ขยายโอกาสสู่โรงเรียนต้นน้ำ,quota,2026,2,,,1,1,1,https://admission.ku.ac.th/
10020328302901E,B3400,,โครงการรับนิสิตพิเศษ,quota,2026,2,,,1,1,1,https://admission.ku.ac.th/
10020328302901E,C2800,,Admission,admission,2026,25,,0,1,1,1,https://admission.ku.ac.th/
10020328303401A,A0200,,เรียนล่วงหน้า,portfolio,2026,5,,0,1,1,1,https://admission.ku.ac.th/
10020328303401A,A0500,,ส่งเสริมนักเรียนที่มีคุณธรรมและจริยธรรม,portfolio,2026,1,,0,1,1,1,https://admission.ku.ac.th/
10020328303401A,A0600,,ความรู้คู่คุณธรรมสร้างผู้นำเยาวชน,portfolio,2026,1,,0,1,1,1,https://admission.ku.ac.th/
10020328303401A,A0700,,ขยายโอกาสทางการศึกษา (รอบ 1/1),portfolio,2026,2,,0,1,1,1,https://admission.ku.ac.th/
10020328303401A,A0701,,ขยายโอกาสทางการศึกษา (รอบ 1/2),portfolio,2026,1,,0,1,1,1,https://admission.ku.ac.th/
10020328303401A,B1100,,นักเรียนดีเด่นจากโรงเรียนสาธิตแห่ง มก.,quota,2026,1,,,1,1,1,https://admission.ku.ac.th/
10020328303401A,B1900,,รับตรงภาคตะวันออกและเขตพื้นที่เชื่อมโยง,quota,2026,7,,,1,1,1,https://admission.ku.ac.th/
10020328303401A,B2700,,ขยายโอกาสสู่โรงเรียนต้นน้ำ,quota,2026,2,,,1,1,1,https://admission.ku.ac.th/
10020328303401A,C2800,,Admission,admission,2026,30,,0,1,2,2,https://admission.ku.ac.th/
10020328303502A,A0200,,เรียนล่วงหน้า,portfolio,2026,5,,0,1,1,1,https://admission.ku.ac.th/
10020328303502A,A0500,,ส่งเสริมนักเรียนที่มีคุณธรรมและจริยธรรม,portfolio,2026,1,,0,1,1,1,https://admission.ku.ac.th/
10020328303502A,A0600,,ความรู้คู่คุณธรรมสร้างผู้นำเยาวชน,portfolio,2026,1,,0,1,1,1,https://admission.ku.ac.th/
10020328303502A,A0700,,ขยายโอกาสทางการศึกษา (รอบ 1/1),portfolio,2026,34,,0,1,1,1,https://admission.ku.ac.th/
10020328303502A,A0701,,ขยายโอกาสทางการศึกษา (รอบ 1/2),portfolio,2026,4,,0,1,1,1,https://admission.ku.ac.th/
10020328303502A,B1100,,นักเรียนดีเด่นจากโรงเรียนสาธิตแห่ง มก.,quota,2026,1,,,1,1,1,https://admission.ku.ac.th/
10020328303502A,B1900,,รับตรงภาคตะวันออกและเขตพื้นที่เชื่อมโยง,quota,2026,27,,,1,1,1,https://admission.ku.ac.th/
10020328303502A,B2700,,ขยายโอกาสสู่โรงเรียนต้นน้ำ,quota,2026,2,,,1,1,1,https://admission.ku.ac.th/
10020328303502A,C2800,,Admission,admission,2026,40,,0,1,2,2,https://admission.ku.ac.th/
10020328303504D,A0200,,เรียนล่วงหน้า,portfolio,2026,5,,0,1,1,1,https://admission.ku.ac.th/
10020328303504D,A0500,,ส่งเสริมนักเรียนที่มีคุณธรรมและจริยธรรม,portfolio,2026,1,,0,1,1,1,https://admission.ku.ac.th/
10020328303504D,A0600,,ความรู้คู่คุณธรรมสร้างผู้นำเยาวชน,portfolio,2026,1,,0,1,1,1,https://admission.ku.ac.th/
10020328303504D,A0700,,ขยายโอกาสทางการศึกษา (รอบ 1/1),portfolio,2026,4,,0,1,1,1,https://admission.ku.ac.th/
10020328303504D,A0701,,ขยายโอกาสทางการศึกษา (รอบ 1/2),portfolio,2026,5,,0,1,1,1,https://admission.ku.ac.th/
10020328303504D,B1100,,นักเรียนดีเด่นจากโรงเรียนสาธิตแห่ง มก.,quota,2026,1,,,1,1,1,https://admission.ku.ac.th/
10020328303504D,B1900,,รับตรงภาคตะวันออกและเขตพื้นที่เชื่อมโยง,quota,2026,6,,,1,1,1,https://admission.ku.ac.th/
10020328303504D,B2700,,ขยายโอกาสสู่โรงเรียนต้นน้ำ,quota,2026,4,,,1,1,1,https://admission.ku.ac.th/
10020328303504D,C2800,,Admission,admission,2026,35,,0,1,1,2,https://admission.ku.ac.th/
10020429111801A,A0200,,เรียนล่วงหน้า,portfolio,2026,10,,0,1,1,1,https://admission.ku.ac.th/
10020429111801A,A0400,,รับนักกีฬาดีเด่น,portfolio,2026,1,,0,1,1,1,https://admission.ku.ac.th/
10020429111801A,A0700,,ขยายโอกาสทางการศึกษา,portfolio,2026,60,,0,1,1,1,https://admission.ku.ac.th/
10020429111801A,B1100,,นักเรียนดีเด่นจากโรงเรียนสาธิตแห่ง มก.,quota,2026,1,,,1,1,1,https://admission.ku.ac.th/
10020429111801A,B2000,,โควตาภาคตะวันออกเฉียงเหนือและโรงเรียนเครือข่าย,quota,2026,60,,,1,1,1,https://admission.ku.ac.th/
10020429111801A,C2800,,Admission,admission,2026,80,,0,1,1,1,https://admission.ku.ac.th/
10020429211001A,A0200,,เรียนล่วงหน้า,portfolio,2026,10,,0,1,1,1,https://admission.ku.ac.th/
10020429211001A,A0400,,รับนักกีฬาดีเด่น,portfolio,2026,1,,0,1,1,1,https://admission.ku.ac.th/
10020429211001A,A0700,,ขยายโอกาสทางการศึกษา,portfolio,2026,60,,0,1,1,1,https://admission.ku.ac.th/
10020429211001A,B1100,,นักเรียนดีเด่นจากโรงเรียนสาธิตแห่ง มก.,quota,2026,1,,,1,1,1,https://admission.ku.ac.th/
10020429211001A,B2000,,โควตาภาคตะวันออกเฉียงเหนือและโรงเรียนเครือข่าย,quota,2026,60,,,1,1,1,https://admission.ku.ac.th/
10020429211001A,C2800,,Admission,admission,2026,80,,0,1,1,1,https://admission.ku.ac.th/
10020429500201A,A0200,,เรียนล่วงหน้า,portfolio,2026,10,,0,1,1,1,https://admission.ku.ac.th/
10020429500201A,A0400,,รับนักกีฬาดีเด่น,portfolio,2026,1,,0,1,1,1,https://admission.ku.ac.th/
10020429500201A,A0700,,ขยายโอกาสทางการศึกษา,portfolio,2026,60,,0,1,1,1,https://admission.ku.ac.th/
10020429500201A,B1100,,นักเรียนดีเด่นจากโรงเรียนสาธิตแห่ง มก.,quota,2026,1,,,1,1,1,https://admission.ku.ac.th/
10020429500201A,B2000,,โควตาภาคตะวันออกเฉียงเหนือและโรงเรียนเครือข่าย,quota,2026,60,,,1,1,1,https://admission.ku.ac.th/
10020429500201A,C2800,,Admission,admission,2026,80,,0,1,1,1,https://admission.ku.ac.th/
10020429500202A,A0200,,เรียนล่วงหน้า,portfolio,2026,10,,0,1,1,1,https://admission.ku.ac.th/
10020429500202A,A0400,,รับนักกีฬาดีเด่น,portfolio,2026,1,,0,1,1,1,https://admission.ku.ac.th/
10020429500202A,A0700,,ขยายโอกาสทางการศึกษา,portfolio,2026,60,,0,1,1,1,https://admission.ku.ac.th/
10020429500202A,B1100,,นักเรียนดีเด่นจากโรงเรียนสาธิตแห่ง มก.,quota,2026,1,,,1,1,1,https://admission.ku.ac.th/
10020429500202A,B2000,,โควตาภาคตะวันออกเฉียงเหนือและโรงเรียนเครือข่าย,quota,2026,60,,,1,1,1,https://admission.ku.ac.th/
10020429500202A,C2800,,Admission,admission,2026,80,,0,1,1,1,https://admission.ku.ac.th/
10020429500601A,A0400,,รับนักกีฬาดีเด่น,portfolio,2026,1,,0,1,1,1,https://admission.ku.ac.th/
10020429500601A,A0700,,ขยายโอกาสทางการศึกษา,portfolio,2026,40,,0,1,1,1,https://admission.ku.ac.th/
10020429500601A,B1100,,นักเรียนดีเด่นจากโรงเรียนสาธิตแห่ง มก.,quota,2026,1,,,1,1,1,https://admission.ku.ac.th/
10020429500601A,B2000,,โควตาภาคตะวันออกเฉียงเหนือและโรงเรียนเครือข่าย,quota,2026,40,,,1,1,1,https://admission.ku.ac.th/
10020429500601A,C2800,,Admission,admission,2026,40,,0,1,1,1,https://admission.ku.ac.th/
10020429501201A,A0200,,เรียนล่วงหน้า,portfolio,2026,10,,0,1,1,1,https://admission.ku.ac.th/
10020429501201A,A0400,,รับนักกีฬาดีเด่น,portfolio,2026,1,,0,1,1,1,https://admission.ku.ac.th/
10020429501201A,A0700,,ขยายโอกาสทางการศึกษา,portfolio,2026,80,,0,1,1,1,https://admission.ku.ac.th/
10020429501201A,B1100,,นักเรียนดีเด่นจากโรงเรียนสาธิตแห่ง มก.,quota,2026,1,,,1,1,1,https://admission.ku.ac.th/
10020429501201A,B2000,,โควตาภาคตะวันออกเฉียงเหนือและโรงเรียนเครือข่าย,quota,2026,80,,,1,1,1,https://admission.ku.ac.th/
10020429501201A,C2800,,Admission,admission,2026,40,,0,1,1,1,https://admission.ku.ac.th/
10020430210403A,A0200,,เรียนล่วงหน้า,portfolio,2026,10,,0,1,1,1,https://admission.ku.ac.th/
10020430210403A,A0400,,รับนักกีฬาดีเด่น,portfolio,2026,2,,0,1,1,1,https://admission.ku.ac.th/
10020430210403A,A0700,,ขยายโอกาสทางการศึกษา,portfolio,2026,60,,0,1,1,1,https://admission.ku.ac.th/
10020430210403A,B1100,,นักเรียนดีเด่นจากโรงเรียนสาธิตแห่ง มก.,quota,2026,5,,,1,1,1,https://admission.ku.ac.th/
10020430210403A,B2000,,โควตาภาคตะวันออกเฉียงเหนือและโรงเรียนเครือข่าย,quota,2026,40,,,1,1,1,https://admission.ku.ac.th/
10020430210403A,C2800,,Admission,admission,2026,30,,0,1,1,1,https://admission.ku.ac.th/
10020430220201A,A0200,,เรียนล่วงหน้า,portfolio,2026,10,,0,1,1,1,https://admission.ku.ac.th/
10020430220201A,A0400,,รับนักกีฬาดีเด่น,portfolio,2026,2,,0,1,1,1,https://admission.ku.ac.th/
10020430220201A,A0700,,ขยายโอกาสทางการศึกษา,portfolio,2026,110,,0,1,1,1,https://admission.ku.ac.th/
10020430220201A,B1100,,นักเรียนดีเด่นจากโรงเรียนสาธิตแห่ง มก.,quota,2026,5,,,1,1,1,https://admission.ku.ac.th/
10020430220201A,B2000,,โควตาภาคตะวันออกเฉียงเหนือและโรงเรียนเครือข่าย,quota,2026,60,,,1,1,1,https://admission.ku.ac.th/
10020430220201A,C2800,,Admission,admission,2026,60,,0,1,1,1,https://admission.ku.ac.th/
10020430300501A,A0200,,เรียนล่วงหน้า,portfolio,2026,10,,0,1,1,1,https://admission.ku.ac.th/
10020430300501A,A0400,,รับนักกีฬาดีเด่น,portfolio,2026,2,,0,1,1,1,https://admission.ku.ac.th/
10020430300501A,A0700,,ขยายโอกาสทางการศึกษา,portfolio,2026,80,,0,1,1,1,https://admission.ku.ac.th/
10020430300501A,B1100,,นักเรียนดีเด่นจากโรงเรียนสาธิตแห่ง มก.,quota,2026,5,,,1,1,1,https://admission.ku.ac.th/
10020430300501A,B2000,,โควตาภาคตะวันออกเฉียงเหนือและโรงเรียนเครือข่าย,quota,2026,80,,,1,1,1,https://admission.ku.ac.th/
10020430300501A,B3400,,โครงการรับนิสิตพิเศษ,quota,2026,1,,,1,1,1,https://admission.ku.ac.th/
10020430300501A,C2800,,Admission,admission,2026,20,,0,1,1,1,https://admission.ku.ac.th/
10020430300703A,A0200,,เรียนล่วงหน้า,portfolio,2026,10,,0,1,1,1,https://admission.ku.ac.th/
10020430300703A,A0400,,รับนักกีฬาดีเด่น,portfolio,2026,2,,0,1,1,1,https://admission.ku.ac.th/
10020430300703A,A0700,,ขยายโอกาสทางการศึกษา,portfolio,2026,100,,0,1,1,1,https://admission.ku.ac.th/
10020430300703A,B1100,,นักเรียนดีเด่นจากโรงเรียนสาธิตแห่ง มก.,quota,2026,10,,,1,1,1,https://admission.ku.ac.th/
10020430300703A,B2000,,โควตาภาคตะวันออกเฉียงเหนือและโรงเรียนเครือข่าย,quota,2026,100,,,1,1,1,https://admission.ku.ac.th/
10020430300703A,B3400,,โครงการรับนิสิตพิเศษ,quota,2026,5,,,1,1,1,https://admission.ku.ac.th/
10020430300703A,C2800,,Admission,admission,2026,30,,0,1,1,1,https://admission.ku.ac.th/
10020430301601A,A0200,,เรียนล่วงหน้า,portfolio,2026,10,,0,1,1,1,https://admission.ku.ac.th/
10020430301601A,A0400,,รับนักกีฬาดีเด่น,portfolio,2026,2,,0,1,1,1,https://admission.ku.ac.th/
10020430301601A,A0700,,ขยายโอกาสทางการศึกษา,portfolio,2026,100,,0,1,1,1,https://admission.ku.ac.th/
10020430301601A,B1100,,นักเรียนดีเด่นจากโรงเรียนสาธิตแห่ง มก.,quota,2026,5,,,1,1,1,https://admission.ku.ac.th/
10020430301601A,B2000,,โควตาภาคตะวันออกเฉียงเหนือและโรงเรียนเครือข่าย,quota,2026,80,,,1,1,1,https://admission.ku.ac.th/
10020430301601A,B3400,,โครงการรับนิสิตพิเศษ,quota,2026,1,,,1,1,1,https://admission.ku.ac.th/
10020430301601A,C2800,,Admission,admission,2026,20,,0,1,1,1,https://admission.ku.ac.th/
10020430302101A,A0200,,เรียนล่วงหน้า,portfolio,2026,10,,0,1,1,1,https://admission.ku.ac.th/
10020430302101A,A0700,,ขยายโอกาสทางการศึกษา,portfolio,2026,100,,0,1,1,1,https://admission.ku.ac.th/
10020430302101A,B1100,,นักเรียนดีเด่นจากโรงเรียนสาธิตแห่ง มก.,quota,2026,5,,,1,1,1,https://admission.ku.ac.th/
10020430302101A,B2000,,โควตาภาคตะวันออกเฉียงเหนือและโรงเรียนเครือข่าย,quota,2026,80,,,1,1,1,https://admission.ku.ac.th/
10020430302101A,C2800,,Admission,admission,2026,40,,0,1,1,1,https://admission.ku.ac.th/
10020430302802A,A0200,,เรียนล่วงหน้า,portfolio,2026,10,,0,1,1,1,https://admission.ku.ac.th/
10020430302802A,A0700,,ขยายโอกาสทางการศึกษา,portfolio,2026,80,,0,1,1,1,https://admission.ku.ac.th/
10020430302802A,B1100,,นักเรียนดีเด่นจากโรงเรียนสาธิตแห่ง มก.,quota,2026,5,,,1,1,1,https://admission.ku.ac.th/
10020430302802A,B2000,,โควตาภาคตะวันออกเฉียงเหนือและโรงเรียนเครือข่าย,quota,2026,30,,,1,1,1,https://admission.ku.ac.th/
10020430302802A,C2800,,Admission,admission,2026,20,,0,1,1,1,https://admission.ku.ac.th/
10020430303501A,A0200,,เรียนล่วงหน้า,portfolio,2026,10,,0,1,1,1,https://admission.ku.ac.th/
10020430303501A,A0700,,ขยายโอกาสทางการศึกษา,portfolio,2026,70,,0,1,1,1,https://admission.ku.ac.th/
10020430303501A,B1100,,นักเรียนดีเด่นจากโรงเรียนสาธิตแห่ง มก.,quota,2026,5,,,1,1,1,https://admission.ku.ac.th/
10020430303501A,B2000,,โควตาภาคตะวันออกเฉียงเหนือและโรงเรียนเครือข่าย,quota,2026,70,,,1,1,1,https://admission.ku.ac.th/
10020430303501A,B3400,,โครงการรับนิสิตพิเศษ,quota,2026,5,,,1,1,1,https://admission.ku.ac.th/
10020430303501A,C2800,,Admission,admission,2026,40,,0,1,1,1,https://admission.ku.ac.th/
10020431610101A,A0400,,รับนักกีฬาดีเด่น,portfolio,2026,5,,0,1,1,1,https://admission.ku.ac.th/
10020431610101A,A0700,,ขยายโอกาสทางการศึกษา,portfolio,2026,60,,0,1,1,1,https://admission.ku.ac.th/
10020431610101A,B1100,,นักเรียนดีเด่นจากโรงเรียนสาธิตแห่ง มก.,quota,2026,5,,,1,1,1,https://admission.ku.ac.th/
10020431610101A,B2000,,โควตาภาคตะวันออกเฉียงเหนือและโรงเรียนเครือข่าย,quota,2026,60,,,1,1,1,https://admission.ku.ac.th/
10020431610101A,C2800,,Admission,admission,2026,60,,0,1,1,1,https://admission.ku.ac.th/
10020431610201A,A0400,,รับนักกีฬาดีเด่น,portfolio,2026,2,,0,1,1,1,https://admission.ku.ac.th/
10020431610201A,A0700,,ขยายโอกาสทางการศึกษา,portfolio,2026,60,,0,1,1,1,https://admission.ku.ac.th/
10020431610201A,B1100,,นักเรียนดีเด่นจากโรงเรียนสาธิตแห่ง มก.,quota,2026,2,,,1,1,1,https://admission.ku.ac.th/
10020431610201A,B2000,,โควตาภาคตะวันออกเฉียงเหนือและโรงเรียนเครือข่าย,quota,2026,80,,,1,1,1,https://admission.ku.ac.th/
10020431610201A,C2800,,Admission,admission,2026,80,,0,1,1,1,https://admission.ku.ac.th/
10020431610501A,A0400,,รับนักกีฬาดีเด่น,portfolio,2026,5,,0,1,1,1,https://admission.ku.ac.th/
10020431610501A,A0700,,ขยายโอกาสทางการศึกษา,portfolio,2026,100,,0,1,1,1,https://admission.ku.ac.th/
10020431610501A,B1100,,นักเรียนดีเด่นจากโรงเรียนสาธิตแห่ง มก.,quota,2026,3,,,1,1,1,https://admission.ku.ac.th/
10020431610501A,B2000,,โควตาภาคตะวันออกเฉียงเหนือและโรงเรียนเครือข่าย,quota,2026,100,,,1,1,1,https://admission.ku.ac.th/
10020431610501A,C2800,,Admission,admission,2026,100,,0,1,1,1,https://admission.ku.ac.th/
10020431610601A,A0400,,รับนักกีฬาดีเด่น,portfolio,2026,2,,0,1,1,1,https://admission.ku.ac.th/
10020431610601A,A0700,,ขยายโอกาสทางการศึกษา,portfolio,2026,80,,0,1,1,1,https://admission.ku.ac.th/
10020431610601A,B1100,,นักเรียนดีเด่นจากโรงเรียนสาธิตแห่ง มก.,quota,2026,2,,,1,1,1,https://admission.ku.ac.th/
10020431610601A,B2000,,โควตาภาคตะวันออกเฉียงเหนือและโรงเรียนเครือข่าย,quota,2026,60,,,1,1,1,https://admission.ku.ac.th/
10020431610601A,C2800,,Admission,admission,2026,60,,0,1,1,1,https://admission.ku.ac.th/
10020431620101A,A0700,,ขยายโอกาสทางการศึกษา,portfolio,2026,90,,0,1,1,1,https://admission.ku.ac.th/
10020431620101A,B2000,,โควตาภาคตะวันออกเฉียงเหนือและโรงเรียนเครือข่าย,quota,2026,60,,,1,1,1,https://admission.ku.ac.th/
10020431620101A,C2800,,Admission,admission,2026,60,,0,1,1,1,https://admission.ku.ac.th/
10020431901001A,A0400,,รับนักกีฬาดีเด่น,portfolio,2026,5,,0,1,1,1,https://admission.ku.ac.th/
10020431901001A,A0700,,ขยายโอกาสทางการศึกษา,portfolio,2026,120,,0,1,1,1,https://admission.ku.ac.th/
10020431901001A,B1100,,นักเรียนดีเด่นจากโรงเรียนสาธิตแห่ง มก.,quota,2026,5,,,1,1,1,https://admission.ku.ac.th/
10020431901001A,B2000,,โควตาภาคตะวันออกเฉียงเหนือและโรงเรียนเครือข่าย,quota,2026,60,,,1,1,1,https://admission.ku.ac.th/
10020431901001A,C2800,,Admission,admission,2026,60,,0,1,1,1,https://admission.ku.ac.th/
10020431902501A,A0400,,รับนักกีฬาดีเด่น,portfolio,2026,5,,0,1,1,1,https://admission.ku.ac.th/
10020431902501A,A0700,,ขยายโอกาสทางการศึกษา,portfolio,2026,150,,0,1,1,1,https://admission.ku.ac.th/
10020431902501A,B1100,,นักเรียนดีเด่นจากโรงเรียนสาธิตแห่ง มก.,quota,2026,2,,,1,1,1,https://admission.ku.ac.th/
10020431902501A,B2000,,โควตาภาคตะวันออกเฉียงเหนือและโรงเรียนเครือข่าย,quota,2026,150,,,1,1,1,https://admission.ku.ac.th/
10020431902501A,C2800,,Admission,admission,2026,150,,0,1,1,1,https://admission.ku.ac.th/
10020431903101A,A0400,,รับนักกีฬาดีเด่น,portfolio,2026,5,,0,1,1,1,https://admission.ku.ac.th/
10020431903101A,A0700,,ขยายโอกาสทางการศึกษา,portfolio,2026,100,,0,1,1,1,https://admission.ku.ac.th/
10020431903101A,B1100,,นักเรียนดีเด่นจากโรงเรียนสาธิตแห่ง มก.,quota,2026,5,,,1,1,1,https://admission.ku.ac.th/
10020431903101A,B2000,,โควตาภาคตะวันออกเฉียงเหนือและโรงเรียนเครือข่าย,quota,2026,120,,,1,1,1,https://admission.ku.ac.th/
10020431903101A,C2800,,Admission,admission,2026,120,,0,1,1,1,https://admission.ku.ac.th/
10020432112701A,A0700,,ขยายโอกาสทางการศึกษา,portfolio,2026,100,,0,1,1,1,https://admission.ku.ac.th/
10020432112701A,B2000,,โควตาภาคตะวันออกเฉียงเหนือและโรงเรียนเครือข่าย,quota,2026,20,,,1,1,1,https://admission.ku.ac.th/
10020432112701A,C2800,,Admission,admission,2026,20,,0,1,2,2,https://admission.ku.ac.th/
10020432112702A,A0700,,ขยายโอกาสทางการศึกษา,portfolio,2026,60,,0,1,1,1,https://admission.ku.ac.th/
10020432112702A,B2000,,โควตาภาคตะวันออกเฉียงเหนือและโรงเรียนเครือข่าย,quota,2026,50,,,1,1,1,https://admission.ku.ac.th/
10020432112702A,C2800,,Admission,admission,2026,40,,0,1,2,2,https://admission.ku.ac.th/
10020432112703A,A0700,,ขยายโอกาสทางการศึกษา,portfolio,2026,60,,0,1,1,1,https://admission.ku.ac.th/
10020432112703A,B2000,,โควตาภาคตะวันออกเฉียงเหนือและโรงเรียนเครือข่าย,quota,2026,50,,,1,1,1,https://admission.ku.ac.th/
10020432112703A,C2800,,Admission,admission,2026,20,,0,1,2,2,https://admission.ku.ac.th/
10020535620101A,A0100,,ช้างเผือก (รอบ 1.1),portfolio,2026,10,,0,1,1,1,https://admission.ku.ac.th/
10020535620101A,B1400,,ลูกพระพิรุณ,quota,2026,2,,,1,1,1,https://admission.ku.ac.th/
10020535620101A,B1600,,โควตาพิเศษ 30 จังหวัด,quota,2026,17,,,1,1,1,https://admission.ku.ac.th/
10020535620101A,B2300,,โครงการความร่วมมือ,quota,2026,2,,,1,1,1,https://admission.ku.ac.th/
10020535620101A,B3400,,โครงการรับนิสิตพิเศษ,quota,2026,2,,,1,1,1,https://admission.ku.ac.th/
10020535620101A,B3600,,โควตา 6 จังหวัดชายฝั่งทะเลอันดามัน,quota,2026,5,,,1,1,1,https://admission.ku.ac.th/
10020535620101A,C2800,,Admission,admission,2026,40,,0,1,1,1,https://admission.ku.ac.th/
10020535620102A,C2800,B,Admission,admission,2026,40,,0,1,1,1,https://admission.ku.ac.th/
10020535620102A,C2800,C,Admission,admission,2026,40,,0,1,1,1,https://admission.ku.ac.th/
10050101901001E,P0001,,Inter Port 1,portfolio,2026,60,,,1,1,1,www.law.tu.ac.th
10050101901001E,P0002,,Inter Port 2,quota,2026,55,,,1,1,1,www.law.tu.ac.th
10050102610001E,B0061,,โครงการรับนักเรียนจากโรงเรียนสาธิตแห่งมหาวิทยาลัยธรรมศาสตร์,quota,2026,4,3,,1,2,2,www.tuadmissions.in.th/admissions#tab-pane-30
10050102610001E,P0001,,Inter Port 1,portfolio,2026,170,,,1,1,1,www.bba.tbs.tu.ac.th/admissions.php
10050102610001E,P0002,,Inter Port 2,quota,2026,20,,,1,1,1,www.bba.tbs.tu.ac.th/admissions.php
10050102610501A,68e37f2d2ef4c36c489aba2a,,รอบ 1 แฟ้มสะสมผลงาน Portfolio,portfolio,2026,30,,,1,1,1,www.tuadmissions.in.th/admissions#tab-pane-9
10050102610501A,68f7478d27b76be0eb0984fb,,,admission,2026,30,,0,1,1,1,www.tuadmissions.in.th/admissions#tab-pane-10
10050102610501A,B0061,,โครงการรับนักเรียนจากโรงเรียนสาธิตแห่งมหาวิทยาลัยธรรมศาสตร์,quota,2026,1,3,0,1,2,2,www.tuadmissions.in.th/admissions#tab-pane-30
10050102610801A,68e37f2d2ef4c36c489aba2c,,รอบ 1 แฟ้มสะสมผลงาน Portfolio,portfolio,2026,30,,,1,1,1,www.tuadmissions.in.th/admissions#tab-pane-9
10050102610801A,68f7478d27b76be0eb0984fd,,,admission,2026,30,,0,1,1,1,www.tuadmissions.in.th/admissions#tab-pane-10
10050102610801A,B0061,,โครงการรับนักเรียนจากโรงเรียนสาธิตแห่งมหาวิทยาลัยธรรมศาสตร์,quota,2026,1,3,0,1,2,2,www.tuadmissions.in.th/admissions#tab-pane-30
10050103903201E,68f7478d27b76be0eb09850e,,,admission,2026,30,2.8,0,1,1,2,www.birpolsci.com
10050103903201E,P0001,,Inter Port 1,portfolio,2026,45,,,1,1,2,www.birpolsci.com/
10050103903201E,P0002,,Inter Port 2,quota,2026,5,,,1,1,2,www.birpolsci.com/
10050104611101E,P0001,,Inter Port 1,portfolio,2026,120,,,1,1,1,www.be.econ.tu.ac.th
10050104611101E,P0002,,Inter Port 2,quota,2026,30,,,1,1,1,www.be.econ.tu.ac.th
10050105903701B,68e37f2d2ef4c36c489aba3a,,รอบ 1 แฟ้มสะสมผลงาน Portfolio,portfolio,2026,18,3.25,0,1,1,1,www.tuadmissions.in.th/admissions#tab-pane-9
10050105903701B,68f7478d27b76be0eb09851e,,,admission,2026,56,,0,1,1,1,www.tuadmissions.in.th/admissions#tab-pane-10
10050105903701B,B0061,,โครงการรับนักเรียนจากโรงเรียนสาธิตแห่งมหาวิทยาลัยธรรมศาสตร์,quota,2026,2,3,0,1,2,2,www.tuadmissions.in.th/admissions#tab-pane-30
10050105903701E,68f7478d27b76be0eb098520,,,admission,2026,15,,0,1,1,1,www.tuadmissions.in.th/admissions#tab-pane-10
10050105903701E,B0061,,โครงการรับนักเรียนจากโรงเรียนสาธิตแห่งมหาวิทยาลัยธรรมศาสตร์,quota,2026,1,3,0,1,2,2,www.tuadmissions.in.th/admissions#tab-pane-30
10050105903701E,P0001,,Inter Port 1,portfolio,2026,10,,,1,1,2,www.spdtu.com/admissions
10050105903701E,P0002,,Inter Port 2,quota,2026,10,,,1,1,2,www.spdtu.com/admissions
10050106901701E,P0001,,Inter Port 1,portfolio,2026,10,,,1,1,1,https://arts.tu.ac.th/sip
10050106901701E,P0002,,Inter Port 2,quota,2026,7,,,1,1,1,https://arts.tu.ac.th/sip
10050106901801E,P0001,,Inter Port 1,portfolio,2026,10,,,1,1,1,https://arts.tu.ac.th/sip
10050106901801E,P0002,,Inter Port 2,quota,2026,7,,,1,1,1,https://arts.tu.ac.th/sip
10050106901901E,P0001,,Inter Port 1,portfolio,2026,10,,,1,1,1,https://arts.tu.ac.th/sip
10050106901901E,P0002,,Inter Port 2,quota,2026,7,,,1,1,1,https://arts.tu.ac.th/sip
10050106902401B,68e37f2d2ef4c36c489aba46,,รอบ 1 แฟ้มสะสมผลงาน Portfolio,portfolio,2026,50,3,0,1,1,1,www.tuadmissions.in.th/admissions#tab-pane-9
10050106902401B,68f7478e27b76be0eb09855a,,,admission,2026,42,2.75,0,1,1,1,www.tuadmissions.in.th/admissions#tab-pane-10
10050106902401B,T3044,,ผู้สมัครกลุ่มเทียบวุฒิมัธยมศึกษาตอนปลาย (GED),admission,2026,42,2.75,0,2,2,2,www.tuadmissions.in.th/admissions#tab-pane-10
10050106902401E,P0001,,Inter Port 1,portfolio,2026,30,,,1,1,1,"www.basthammasat.org, https://arts.tu.ac.th/sip"
10050106902401E,P0002,,Inter Port 2,quota,2026,20,,,1,1,1,"www.basthammasat.org, https://arts.tu.ac.th/sip"
10050106902501E,P0001,,Inter Port 1,portfolio,2026,40,,,1,1,1,https://arts.tu.ac.th/sip
10050106902501E,P0002,,Inter Port 2,quota,2026,30,,,1,1,1,https://arts.tu.ac.th/sip
10050106902801B,68e37f2d2ef4c36c489aba48,,รอบ 1 แฟ้มสะสมผลงาน Portfolio,portfolio,2026,70,3,0,1,1,1,www.tuadmissions.in.th/admissions#tab-pane-9
10050106902801B,68f7478e27b76be0eb09855e,,,admission,2026,38,2.75,0,1,1,1,www.tuadmissions.in.th/admissions#tab-pane-10
10050106902801B,T3045,,ผู้สมัครกลุ่มเทียบวุฒิมัธยมศึกษาตอนปลาย (GED),admission,2026,38,2.75,0,2,2,2,www.tuadmissions.in.th/admissions#tab-pane-10
10050106904301B,68e37f2d2ef4c36c489aba4a,,รอบ 1 แฟ้มสะสมผลงาน Portfolio,portfolio,2026,35,3,0,1,1,2,www.tuadmissions.in.th/admissions#tab-pane-9
10050106904301B,68f7478e27b76be0eb098562,,,admission,2026,35,3,0,1,1,2,www.tuadmissions.in.th/admissions#tab-pane-10
10050106904301B,T3046,,ผู้สมัครกลุ่มเทียบวุฒิมัธยมศึกษาตอนปลาย (GED),admission,2026,35,3,0,2,2,2,www.tuadmissions.in.th/admissions#tab-pane-10
10050107903801E,P0001,,Inter Port 1,portfolio,2026,20,,,1,1,2,www.jc.tu.ac.th/bjm
10050107903801E,P0002,,Inter Port 2,quota,2026,10,,,1,1,2,www.jc.tu.ac.th/bjm
10050123210801B,68e37f2d2ef4c36c489abac2,,รอบ 1 แฟ้มสะสมผลงาน Portfolio,portfolio,2026,23,2,0,1,1,1,www.tuadmissions.in.th/admissions#tab-pane-9
10050123210801B,68f7478e27b76be0eb098634,,,admission,2026,50,2,0,1,1,1,www.tuadmissions.in.th/admissions#tab-pane-10
10050123210801B,A0062,,โครงการนักศึกษาผู้มีความสามารถดีเด่นทางการกีฬา,quota,2026,3,,,1,1,1,www.tuadmissions.in.th/admissions#tab-pane-30
10050123210801B,A6601,,โครงการรับนักเรียนผู้มีความสามารถดีเด่นด้านวิชาการ กลุ่ม สสวท.,portfolio,2026,1,3,0,1,2,2,www.tuadmissions.in.th/img/2025093010185240.pdf
10050123210801B,B0061,,โครงการรับนักเรียนจากโรงเรียนสาธิตแห่งมหาวิทยาลัยธรรมศาสตร์,quota,2026,2,3,0,1,2,2,www.tuadmissions.in.th/admissions#tab-pane-30
10050123210801B,D0051,,โครงการรับนักศึกษาพิการ,quota,2026,1,,,1,1,1,www.tuadmissions.in.th/admissions#tab-pane-30
10050123210801B,D0054,,โครงการส่งเสริมนักเรียนเรียนดีภาคกลาง,quota,2026,1,,,1,2,2,www.tuadmissions.in.th/admissions#tab-pane-30
10050123610301E,B0061,,โครงการรับนักเรียนจากโรงเรียนสาธิตแห่งมหาวิทยาลัยธรรมศาสตร์,quota,2026,2,3,,1,2,2,www.tuadmissions.in.th/admissions#tab-pane-30
10050123610301E,D0054,,โครงการส่งเสริมนักเรียนเรียนดีภาคกลาง,quota,2026,1,,,1,2,2,www.tuadmissions.in.th/admissions#tab-pane-30
10050123610301E,P0001,,Inter Port 1,portfolio,2026,18,,,1,1,1,www.citu.tu.ac.th
10050123904001B,68e37f2d2ef4c36c489abac4,,รอบ 1 แฟ้มสะสมผลงาน Portfolio,portfolio,2026,27,2.5,0,1,1,1,www.tuadmissions.in.th/admissions#tab-pane-9
10050123904001B,68f7478e27b76be0eb098632,,,admission,2026,100,2,0,1,1,1,www.tuadmissions.in.th/admissions#tab-pane-10
10050123904001B,A0062,,โครงการนักศึกษาผู้มีความสามารถดีเด่นทางการกีฬา,quota,2026,3,,,1,1,1,www.tuadmissions.in.th/admissions#tab-pane-30
10050123904001B,B0061,,โครงการรับนักเรียนจากโรงเรียนสาธิตแห่งมหาวิทยาลัยธรรมศาสตร์,quota,2026,3,3,0,1,2,2,www.tuadmissions.in.th/admissions#tab-pane-30
10050123904001B,D0051,,โครงการรับนักศึกษาพิการ,quota,2026,1,,,1,1,1,www.tuadmissions.in.th/admissions#tab-pane-30
10050123904001B,D0054,,โครงการส่งเสริมนักเรียนเรียนดีภาคกลาง,quota,2026,1,,,1,2,2,www.tuadmissions.in.th/admissions#tab-pane-30
10050124903601B,68e37f2d2ef4c36c489abac6,,รอบ 1 แฟ้มสะสมผลงาน Portfolio,portfolio,2026,40,2.75,0,1,1,1,www.tuadmissions.in.th/admissions#tab-pane-9
10050124903601B,68f7478e27b76be0eb098636,,,admission,2026,48,2.5,0,1,1,1,www.tuadmissions.in.th/admissions#tab-pane-10
10050124903601B,A0062,,โครงการนักศึกษาผู้มีความสามารถดีเด่นทางการกีฬา,portfolio,2026,2,2,,1,1,1,www.tuadmissions.in.th/admissions/9
10050124903601B,A0062,,โครงการนักศึกษาผู้มีความสามารถดีเด่นทางการกีฬา,quota,2026,1,,,1,1,1,www.tuadmissions.in.th/admissions#tab-pane-30
10050124903601B,B0061,,โครงการรับนักเรียนจากโรงเรียนสาธิตแห่งมหาวิทยาลัยธรรมศาสตร์,quota,2026,3,3,0,1,2,2,www.tuadmissions.in.th/admissions#tab-pane-30
10050124903601B,D0049,,โครงการรับนักเรียนพลเมืองจิตอาสา,quota,2026,1,,,1,1,1,www.tuadmissions.in.th/admissions#tab-pane-30
10050124903601B,D0051,,โครงการรับนักศึกษาพิการ,quota,2026,1,,,1,1,1,www.tuadmissions.in.th/admissions#tab-pane-30
10050124903601B,D0054,,โครงการส่งเสริมนักเรียนเรียนดีภาคกลาง,quota,2026,1,,,1,2,2,www.tuadmissions.in.th/admissions#tab-pane-30
10050124903601E,B0061,,โครงการรับนักเรียนจากโรงเรียนสาธิตแห่งมหาวิทยาลัยธรรมศาสตร์,quota,2026,2,3,,1,2,2,www.tuadmissions.in.th/admissions#tab-pane-30
10050124903601E,P0001,,Inter Port 1,portfolio,2026,30,,,1,1,1,www.ppetuinternational.org/
10050124903601E,P0002,,Inter Port 2,quota,2026,10,,,1,1,1,www.ppetuinternational.org/
10050127902601E,68f7478e27b76be0eb098648,,,admission,2026,15,,0,1,1,1,www.tuadmissions.in.th/admissions#tab-pane-10
10050127902601E,D0054,,โครงการส่งเสริมนักเรียนเรียนดีภาคกลาง,quota,2026,3,,,1,2,2,www.tuadmissions.in.th/admissions#tab-pane-30
10050127902601E,P0001,,Inter Port 1,portfolio,2026,5,,,1,1,1,www.pbic.tu.ac.th
10050127902601E,P0002,,Inter Port 2,quota,2026,5,,,1,1,1,www.pbic.tu.ac.th
10050127902801E,68f7478e27b76be0eb098646,,,admission,2026,20,,0,1,1,1,www.tuadmissions.in.th/admissions#tab-pane-10
10050127902801E,D0054,,โครงการส่งเสริมนักเรียนเรียนดีภาคกลาง,quota,2026,3,,,1,2,2,www.tuadmissions.in.th/admissions#tab-pane-30
10050127902801E,P0001,,Inter Port 1,portfolio,2026,30,,,1,1,1,www.pbic.tu.ac.th
10050127902801E,P0002,,Inter Port 2,quota,2026,20,,,1,1,1,www.pbic.tu.ac.th
10050201901001A,A0062,,โครงการนักศึกษาผู้มีความสามารถดีเด่นทางการกีฬา,portfolio,2026,15,2,,1,2,2,www.tuadmissions.in.th/admissions#tab-pane-9
10050201901001A,A0062,,โครงการนักศึกษาผู้มีความสามารถดีเด่นทางการกีฬา,quota,2026,5,,,1,2,2,www.tuadmissions.in.th/admissions#tab-pane-30
10050201901001A,D0045,,โครงการธรรมศาสตร์ช้างเผือกพื้นที่กรุงเทพมหานคร,quota,2026,4,,,1,2,2,www.tuadmissions.in.th/admissions#tab-pane-30
10050201901001A,D0051,,โครงการรับนักศึกษาพิการ,quota,2026,4,,,1,1,1,www.tuadmissions.in.th/admissions#tab-pane-30
10050201901001A,D0052,,โครงการธรรมศาสตร์ช้างเผือกพื้นที่ 51 จังหวัด,quota,2026,24,,,1,2,2,www.tuadmissions.in.th/admissions#tab-pane-30
10050201901001A,D0053,,โครงการนักเรียนสามจังหวัดชายแดนภาคใต้,quota,2026,9,,,1,2,2,www.tuadmissions.in.th/admissions#tab-pane-30
10050201901001A,D0054,,โครงการส่งเสริมนักเรียนเรียนดีภาคกลาง,quota,2026,4,,,1,2,2,www.tuadmissions.in.th/admissions#tab-pane-30
10050201901001A,D0055,,โครงการจัดส่งนักศึกษาจังหวัดชายแดนภาคใต้,quota,2026,1,,,1,2,2,
10050201901001A,T3005,,เกณฑ์คัดเลือกรูปแบบ TGAT+A-level คณิต 1,admission,2026,42,,0,1,1,1,www.tuadmissions.in.th/admissions#tab-pane-10
10050201901001A,T3006,,เกณฑ์คัดเลือกรูปแบบ TGAT+A-level จีน,admission,2026,42,,0,1,1,1,www.tuadmissions.in.th/admissions#tab-pane-10
10050201901001A,T3007,,เกณฑ์คัดเลือกรูปแบบ TGAT+A-level ญี่ปุ่น,admission,2026,25,,0,1,1,1,www.tuadmissions.in.th/admissions#tab-pane-10
10050201901001A,T3008,,เกณฑ์คัดเลือกรูปแบบ TGAT+A-level ฝรั่งเศส,admission,2026,39,,0,1,1,1,www.tuadmissions.in.th/admissions#tab-pane-10
10050201901001A,T3009,,เกณฑ์คัดเลือกรูปแบบ TGAT+A-level เยอรมัน,admission,2026,19,,0,1,1,1,www.tuadmissions.in.th/admissions#tab-pane-10
10050201901001A,T3034,,เกณฑ์คัดเลือกรูปแบบ TGAT+A-level คณิต 2,admission,2026,200,,0,1,1,1,www.tuadmissions.in.th/admissions#tab-pane-10
10050201901001A,T3035,,เกณฑ์คัดเลือกรูปแบบ TGAT+A-level เกาหลี,admission,2026,3,,0,1,1,1,www.tuadmissions.in.th/admissions#tab-pane-10
10050202610501A,68e37f2d2ef4c36c489aba26,,รอบ 1 แฟ้มสะสมผลงาน Portfolio,portfolio,2026,70,,,1,1,1,www.tuadmissions.in.th/admissions#tab-pane-9
10050202610501A,68f7478d27b76be0eb0984f4,,,admission,2026,105,,0,1,1,1,www.tuadmissions.in.th/admissions#tab-pane-10
10050202610501A,A0062,,โครงการนักศึกษาผู้มีความสามารถดีเด่นทางการกีฬา,portfolio,2026,4,2,,1,1,1,www.tuadmissions.in.th/admissions#tab-pane-9
10050202610501A,A0062,,โครงการนักศึกษาผู้มีความสามารถดีเด่นทางการกีฬา,quota,2026,2,,,1,1,1,www.tuadmissions.in.th/admissions#tab-pane-30
10050202610501A,A6601,,โครงการรับนักเรียนผู้มีความสามารถดีเด่นด้านวิชาการ กลุ่ม สสวท.,portfolio,2026,1,3,0,1,2,2,www.tuadmissions.in.th/img/2025093010185240.pdf
10050202610501A,B0061,,โครงการรับนักเรียนจากโรงเรียนสาธิตแห่งมหาวิทยาลัยธรรมศาสตร์,quota,2026,4,3,0,1,2,2,www.tuadmissions.in.th/admissions#tab-pane-30
10050202610501A,D0045,,โครงการธรรมศาสตร์ช้างเผือกพื้นที่กรุงเทพมหานคร,quota,2026,2,,,1,2,2,www.tuadmissions.in.th/admissions#tab-pane-30
10050202610501A,D0051,,โครงการรับนักศึกษาพิการ,quota,2026,2,,,1,1,1,www.tuadmissions.in.th/admissions#tab-pane-30
10050202610501A,D0052,,โครงการธรรมศาสตร์ช้างเผือกพื้นที่ 51 จังหวัด,quota,2026,10,,,1,2,2,www.tuadmissions.in.th/admissions#tab-pane-30
10050202610501A,D0053,,โครงการนักเรียนสามจังหวัดชายแดนภาคใต้,quota,2026,9,,,1,2,2,www.tuadmissions.in.th/admissions#tab-pane-30
10050202610501A,D0054,,โครงการส่งเสริมนักเรียนเรียนดีภาคกลาง,quota,2026,2,,,1,2,2,www.tuadmissions.in.th/admissions#tab-pane-30
10050202610801A,68e37f2d2ef4c36c489aba28,,รอบ 1 แฟ้มสะสมผลงาน Portfolio,portfolio,2026,100,,,1,1,1,www.tuadmissions.in.th/admissions#tab-pane-9
10050202610801A,68f7478d27b76be0eb0984f7,,,admission,2026,196,,0,1,1,1,www.tuadmissions.in.th/admissions#tab-pane-10
10050202610801A,A0062,,โครงการนักศึกษาผู้มีความสามารถดีเด่นทางการกีฬา,portfolio,2026,4,2,,1,1,1,www.tuadmissions.in.th/admissions#tab-pane-9
10050202610801A,A0062,,โครงการนักศึกษาผู้มีความสามารถดีเด่นทางการกีฬา,quota,2026,2,,,1,1,1,www.tuadmissions.in.th/admissions#tab-pane-30
10050202610801A,A6601,,โครงการรับนักเรียนผู้มีความสามารถดีเด่นด้านวิชาการ กลุ่ม สสวท.,portfolio,2026,1,3,0,1,2,2,www.tuadmissions.in.th/img/2025093010185240.pdf
10050202610801A,B0061,,โครงการรับนักเรียนจากโรงเรียนสาธิตแห่งมหาวิทยาลัยธรรมศาสตร์,quota,2026,6,3,0,1,2,2,www.tuadmissions.in.th/admissions#tab-pane-30
10050202610801A,D0045,,โครงการธรรมศาสตร์ช้างเผือกพื้นที่กรุงเทพมหานคร,quota,2026,3,,,1,2,2,www.tuadmissions.in.th/admissions#tab-pane-30
10050202610801A,D0051,,โครงการรับนักศึกษาพิการ,quota,2026,3,,,1,1,1,www.tuadmissions.in.th/admissions#tab-pane-30
10050202610801A,D0052,,โครงการธรรมศาสตร์ช้างเผือกพื้นที่ 51 จังหวัด,quota,2026,15,,,1,2,2,www.tuadmissions.in.th/admissions#tab-pane-30
10050202610801A,D0053,,โครงการนักเรียนสามจังหวัดชายแดนภาคใต้,quota,2026,9,,,1,2,2,www.tuadmissions.in.th/admissions#tab-pane-30
10050202610801A,D0054,,โครงการส่งเสริมนักเรียนเรียนดีภาคกลาง,quota,2026,3,,,1,2,2,www.tuadmissions.in.th/admissions#tab-pane-30
10050202610801E,B0061,,โครงการรับนักเรียนจากโรงเรียนสาธิตแห่งมหาวิทยาลัยธรรมศาสตร์,quota,2026,2,3,,1,2,2,www.tuadmissions.in.th/admissions#tab-pane-30
10050202610801E,P0001,,Inter Port 1,portfolio,2026,60,,,1,1,1,
10050202610801E,P0002,,Inter Port 2,quota,2026,18,,,1,1,1,
10050203903201A,68e37f2d2ef4c36c489aba2e,A,รอบ 1 แฟ้มสะสมผลงาน Portfolio,portfolio,2026,5,3.75,0,1,2,2,www.tuadmissions.in.th/admissions#tab-pane-9
10050203903201A,68e37f2d2ef4c36c489aba30,B,รอบ 1 แฟ้มสะสมผลงาน Portfolio,portfolio,2026,5,3.75,0,1,2,2,www.tuadmissions.in.th/admissions#tab-pane-9
10050203903201A,68e37f2d2ef4c36c489aba32,C,รอบ 1 แฟ้มสะสมผลงาน Portfolio,portfolio,2026,5,3.75,0,1,2,2,www.tuadmissions.in.th/admissions#tab-pane-9
10050203903201A,A0062,A,โครงการนักศึกษาผู้มีความสามารถดีเด่นทางการกีฬา,portfolio,2026,5,2,,1,2,2,www.tuadmissions.in.th/admissions#tab-pane-9
10050203903201A,A0062,A,โครงการนักศึกษาผู้มีความสามารถดีเด่นทางการกีฬา,quota,2026,2,,,1,2,2,www.tuadmissions.in.th/admissions#tab-pane-30
10050203903201A,A0062,B,โครงการนักศึกษาผู้มีความสามารถดีเด่นทางการกีฬา,portfolio,2026,5,2,,1,2,2,www.tuadmissions.in.th/admissions#tab-pane-9
10050203903201A,A0062,B,โครงการนักศึกษาผู้มีความสามารถดีเด่นทางการกีฬา,quota,2026,2,,,1,2,2,www.tuadmissions.in.th/admissions#tab-pane-30
10050203903201A,A0062,C,โครงการนักศึกษาผู้มีความสามารถดีเด่นทางการกีฬา,portfolio,2026,5,2,,1,2,2,www.tuadmissions.in.th/admissions#tab-pane-9
10050203903201A,A0062,C,โครงการนักศึกษาผู้มีความสามารถดีเด่นทางการกีฬา,quota,2026,2,,,1,2,2,www.tuadmissions.in.th/admissions#tab-pane-30
10050203903201A,B0061,A,โครงการรับนักเรียนจากโรงเรียนสาธิตแห่งมหาวิทยาลัยธรรมศาสตร์,quota,2026,2,3,0,1,2,2,www.tuadmissions.in.th/admissions#tab-pane-30
10050203903201A,B0061,B,โครงการรับนักเรียนจากโรงเรียนสาธิตแห่งมหาวิทยาลัยธรรมศาสตร์,quota,2026,2,3,0,1,2,2,www.tuadmissions.in.th/admissions#tab-pane-30
10050203903201A,B0061,C,โครงการรับนักเรียนจากโรงเรียนสาธิตแห่งมหาวิทยาลัยธรรมศาสตร์,quota,2026,2,3,0,1,2,2,www.tuadmissions.in.th/admissions#tab-pane-30
10050203903201A,D0045,A,โครงการธรรมศาสตร์ช้างเผือกพื้นที่กรุงเทพมหานคร,quota,2026,1,,,1,2,2,www.tuadmissions.in.th/admissions#tab-pane-30
10050203903201A,D0045,B,โครงการธรรมศาสตร์ช้างเผือกพื้นที่กรุงเทพมหานคร,quota,2026,1,,,1,2,2,www.tuadmissions.in.th/admissions#tab-pane-30
10050203903201A,D0045,C,โครงการธรรมศาสตร์ช้างเผือกพื้นที่กรุงเทพมหานคร,quota,2026,1,,,1,2,2,www.tuadmissions.in.th/admissions#tab-pane-30
10050203903201A,D0049,A,โครงการรับนักเรียนพลเมืองจิตอาสา,quota,2026,1,,,1,1,1,www.tuadmissions.in.th/admissions#tab-pane-30
10050203903201A,D0049,B,โครงการรับนักเรียนพลเมืองจิตอาสา,quota,2026,1,,,1,1,1,www.tuadmissions.in.th/admissions#tab-pane-30
10050203903201A,D0049,C,โครงการรับนักเรียนพลเมืองจิตอาสา,quota,2026,1,,,1,1,1,www.tuadmissions.in.th/admissions#tab-pane-30
10050203903201A,D0051,A,โครงการรับนักศึกษาพิการ,quota,2026,3,,,1,1,1,www.tuadmissions.in.th/admissions#tab-pane-30
10050203903201A,D0051,B,โครงการรับนักศึกษาพิการ,quota,2026,3,,,1,1,1,www.tuadmissions.in.th/admissions#tab-pane-30
10050203903201A,D0051,C,โครงการรับนักศึกษาพิการ,quota,2026,3,,,1,1,1,www.tuadmissions.in.th/admissions#tab-pane-30
10050203903201A,D0052,A,โครงการธรรมศาสตร์ช้างเผือกพื้นที่ 51 จังหวัด,quota,2026,6,,,1,2,2,www.tuadmissions.in.th/admissions#tab-pane-30
10050203903201A,D0052,B,โครงการธรรมศาสตร์ช้างเผือกพื้นที่ 51 จังหวัด,quota,2026,6,,,1,2,2,www.tuadmissions.in.th/admissions#tab-pane-30
10050203903201A,D0052,C,โครงการธรรมศาสตร์ช้างเผือกพื้นที่ 51 จังหวัด,quota,2026,6,,,1,2,2,www.tuadmissions.in.th/admissions#tab-pane-30
10050203903201A,D0053,A,โครงการนักเรียนสามจังหวัดชายแดนภาคใต้,quota,2026,9,,,1,2,2,www.tuadmissions.in.th/admissions#tab-pane-30
10050203903201A,D0053,B,โครงการนักเรียนสามจังหวัดชายแดนภาคใต้,quota,2026,9,,,1,2,2,www.tuadmissions.in.th/admissions#tab-pane-30
10050203903201A,D0053,C,โครงการนักเรียนสามจังหวัดชายแดนภาคใต้,quota,2026,9,,,1,2,2,www.tuadmissions.in.th/admissions#tab-pane-30
10050203903201A,D0054,A,โครงการส่งเสริมนักเรียนเรียนดีภาคกลาง,quota,2026,1,,,1,2,2,www.tuadmissions.in.th/admissions#tab-pane-30
10050203903201A,D0054,B,โครงการส่งเสริมนักเรียนเรียนดีภาคกลาง,quota,2026,1,,,1,2,2,www.tuadmissions.in.th/admissions#tab-pane-30
10050203903201A,D0054,C,โครงการส่งเสริมนักเรียนเรียนดีภาคกลาง,quota,2026,1,,,1,2,2,www.tuadmissions.in.th/admissions#tab-pane-30
10050203903201A,D0055,A,โครงการจัดส่งนักศึกษาจังหวัดชายแดนภาคใต้,quota,2026,1,,,1,2,2,
10050203903201A,T3004,A,เกณฑ์คัดเลือกรูปแบบ TGAT+A-Level,admission,2026,45,,0,1,1,2,www.tuadmissions.in.th/admissions#tab-pane-10
10050203903201A,T3004,B,เกณฑ์คัดเลือกรูปแบบ TGAT+A-Level,admission,2026,45,,0,1,1,2,www.tuadmissions.in.th/admissions#tab-pane-10
10050203903201A,T3004,C,เกณฑ์คัดเลือกรูปแบบ TGAT+A-Level,admission,2026,45,,0,1,1,2,www.tuadmissions.in.th/admissions#tab-pane-10
10050203903201A,T3017,A,เกณฑ์คัดเลือกรูปแบบ TGAT+วิชาเฉพาะ มธ.,admission,2026,40,2.75,0,1,2,2,www.tuadmissions.in.th/admissions#tab-pane-10
10050203903201A,T3017,B,เกณฑ์คัดเลือกรูปแบบ TGAT+วิชาเฉพาะ มธ.,admission,2026,40,2.75,0,1,2,2,www.tuadmissions.in.th/admissions#tab-pane-10
10050203903201A,T3017,C,เกณฑ์คัดเลือกรูปแบบ TGAT+วิชาเฉพาะ มธ.,admission,2026,40,2.75,0,1,2,2,www.tuadmissions.in.th/admissions#tab-pane-10
10050204611101A,68e37f2d2ef4c36c489aba34,,รอบ 1 แฟ้มสะสมผลงาน Portfolio,portfolio,2026,70,3.7,0,1,1,1,www.tuadmissions.in.th/admissions#tab-pane-9
10050204611101A,68f7478d27b76be0eb098513,,,admission,2026,270,,0,1,1,1,www.tuadmissions.in.th/admissions#tab-pane-10
10050204611101A,A0062,,โครงการนักศึกษาผู้มีความสามารถดีเด่นทางการกีฬา,portfolio,2026,3,2,,1,1,1,www.tuadmissions.in.th/admissions#tab-pane-9
10050204611101A,A0062,,โครงการนักศึกษาผู้มีความสามารถดีเด่นทางการกีฬา,quota,2026,2,,,1,1,1,www.tuadmissions.in.th/admissions#tab-pane-30
10050204611101A,A6601,,โครงการรับนักเรียนผู้มีความสามารถดีเด่นด้านวิชาการ กลุ่ม สสวท.,portfolio,2026,1,3,0,1,2,2,www.tuadmissions.in.th/img/2025093010185240.pdf
10050204611101A,B0061,,โครงการรับนักเรียนจากโรงเรียนสาธิตแห่งมหาวิทยาลัยธรรมศาสตร์,quota,2026,6,3,0,1,2,2,www.tuadmissions.in.th/admissions#tab-pane-30
10050204611101A,D0045,,โครงการธรรมศาสตร์ช้างเผือกพื้นที่กรุงเทพมหานคร,quota,2026,3,,,1,2,2,www.tuadmissions.in.th/admissions#tab-pane-30
10050204611101A,D0049,,โครงการรับนักเรียนพลเมืองจิตอาสา,quota,2026,3,,,1,1,1,www.tuadmissions.in.th/admissions#tab-pane-30
10050204611101A,D0051,,โครงการรับนักศึกษาพิการ,quota,2026,3,,,1,1,1,www.tuadmissions.in.th/admissions#tab-pane-30
10050204611101A,D0052,,โครงการธรรมศาสตร์ช้างเผือกพื้นที่ 51 จังหวัด,quota,2026,18,,,1,2,2,www.tuadmissions.in.th/admissions#tab-pane-30
10050204611101A,D0053,,โครงการนักเรียนสามจังหวัดชายแดนภาคใต้,quota,2026,9,,,1,2,2,www.tuadmissions.in.th/admissions#tab-pane-30
10050204611101A,D0054,,โครงการส่งเสริมนักเรียนเรียนดีภาคกลาง,quota,2026,3,,,1,2,2,www.tuadmissions.in.th/admissions#tab-pane-30
10050205903701A,68e37f2d2ef4c36c489aba36,,รอบ 1 แฟ้มสะสมผลงาน Portfolio,portfolio,2026,30,3.25,0,1,2,2,www.tuadmissions.in.th/admissions#tab-pane-9
10050205903701A,A0062,,โครงการนักศึกษาผู้มีความสามารถดีเด่นทางการกีฬา,portfolio,2026,10,2,,1,2,2,www.tuadmissions.in.th/admissions#tab-pane-9
10050205903701A,A0062,,โครงการนักศึกษาผู้มีความสามารถดีเด่นทางการกีฬา,quota,2026,4,,,1,2,2,www.tuadmissions.in.th/admissions#tab-pane-30
10050205903701A,B0061,,โครงการรับนักเรียนจากโรงเรียนสาธิตแห่งมหาวิทยาลัยธรรมศาสตร์,quota,2026,5,3,0,1,2,2,www.tuadmissions.in.th/admissions#tab-pane-30
10050205903701A,D0045,,โครงการธรรมศาสตร์ช้างเผือกพื้นที่กรุงเทพมหานคร,quota,2026,2,,,1,2,2,www.tuadmissions.in.th/admissions#tab-pane-30
10050205903701A,D0049,,โครงการรับนักเรียนพลเมืองจิตอาสา,quota,2026,2,,,1,1,1,www.tuadmissions.in.th/admissions#tab-pane-30
10050205903701A,D0051,,โครงการรับนักศึกษาพิการ,quota,2026,3,,,1,1,1,www.tuadmissions.in.th/admissions#tab-pane-30
10050205903701A,D0052,,โครงการธรรมศาสตร์ช้างเผือกพื้นที่ 51 จังหวัด,quota,2026,13,,,1,2,2,www.tuadmissions.in.th/admissions#tab-pane-30
10050205903701A,D0053,,โครงการนักเรียนสามจังหวัดชายแดนภาคใต้,quota,2026,9,,,1,2,2,www.tuadmissions.in.th/admissions#tab-pane-30
10050205903701A,D0054,,โครงการส่งเสริมนักเรียนเรียนดีภาคกลาง,quota,2026,3,,,1,2,2,www.tuadmissions.in.th/admissions#tab-pane-30
10050205903701A,T3004,,เกณฑ์คัดเลือกรูปแบบ TGAT+A-Level,admission,2026,55,2,0,1,2,1,www.tuadmissions.in.th/admissions#tab-pane-10
10050205903701A,T3012,,เกณฑ์คัดเลือกรูปแบบ TGAT+วิชาเฉพาะ มธ.,admission,2026,180,2.5,0,1,2,1,www.tuadmissions.in.th/admissions#tab-pane-10
10050206113101A,T3002,,เกณฑ์คัดเลือกรูปแบบ A-Level 4 วิชา,admission,2026,25,2.75,0,1,1,2,www.tuadmissions.in.th/admissions#tab-pane-10
10050206113101A,T3003,,เกณฑ์คัดเลือกรูปแบบ A-Level 5 วิชา,admission,2026,25,2.75,0,1,1,2,www.tuadmissions.in.th/admissions#tab-pane-10
10050206113101A,T3029,,เกณฑ์คัดเลือกรูปแบบ TGAT,admission,2026,10,2.75,0,1,1,2,www.tuadmissions.in.th/admissions#tab-pane-10
10050206113101A,T3036,,ผู้สมัครกลุ่มเทียบวุฒิมัธยมศึกษาตอนปลาย (GED) เกณฑ์คัดเลือกรูปแบบ A-Level 5 วิชา,admission,2026,25,2.75,0,2,2,2,www.tuadmissions.in.th/admissions#tab-pane-10
10050206113101A,T3037,,ผู้สมัครกลุ่มเทียบวุฒิมัธยมศึกษาตอนปลาย (GED) เกณฑ์คัดเลือกรูปแบบ A-Level 4 วิชา,admission,2026,25,2.75,0,2,2,2,www.tuadmissions.in.th/admissions#tab-pane-10
10050206113101A,T3038,,ผู้สมัครกลุ่มเทียบวุฒิมัธยมศึกษาตอนปลาย (GED) เกณฑ์คัดเลือกรูปแบบ TGAT,admission,2026,10,2.75,0,2,2,2,www.tuadmissions.in.th/admissions#tab-pane-10
10050206900001A,A0162,,โครงการนักศึกษาผู้มีความสามารถดีเด่นทางการกีฬา ศิลปศาสตร์รับเข้าปี1เรียนรวมแยกสาขาปี2,portfolio,2026,10,2,,1,2,2,www.tuadmissions.in.th/admissions#tab-pane-9
10050206900001A,A0162,,โครงการนักศึกษาผู้มีความสามารถดีเด่นทางการกีฬา ศิลปศาสตร์รับเข้าปี1เรียนรวมแยกสาขาปี2,quota,2026,4,,,1,2,2,www.tuadmissions.in.th/admissions#tab-pane-30
10050206900001A,B0061,,โครงการรับนักเรียนจากโรงเรียนสาธิตแห่งมหาวิทยาลัยธรรมศาสตร์,quota,2026,11,3,0,1,2,2,www.tuadmissions.in.th/admissions#tab-pane-30
10050206900001A,D0045,,โครงการธรรมศาสตร์ช้างเผือกพื้นที่กรุงเทพมหานคร,quota,2026,5,,,1,2,2,www.tuadmissions.in.th/admissions#tab-pane-30
10050206900001A,D0051,,โครงการรับนักศึกษาพิการ,quota,2026,1,,,1,1,1,www.tuadmissions.in.th/admissions#tab-pane-30
10050206900001A,D0052,,โครงการธรรมศาสตร์ช้างเผือกพื้นที่ 51 จังหวัด,quota,2026,29,,,1,2,2,www.tuadmissions.in.th/admissions#tab-pane-30
10050206900001A,D0053,,โครงการนักเรียนสามจังหวัดชายแดนภาคใต้,quota,2026,9,,,1,2,2,www.tuadmissions.in.th/admissions#tab-pane-30
10050206900001A,D0054,,โครงการส่งเสริมนักเรียนเรียนดีภาคกลาง,quota,2026,6,,,1,2,2,www.tuadmissions.in.th/admissions#tab-pane-30
10050206900101A,68f7478d27b76be0eb098530,,,admission,2026,30,2.75,0,1,1,2,www.tuadmissions.in.th/admissions#tab-pane-10
10050206900101A,T3040,,ผู้สมัครกลุ่มเทียบวุฒิมัธยมศึกษาตอนปลาย (GED),admission,2026,30,2.75,0,2,2,2,www.tuadmissions.in.th/admissions#tab-pane-10
10050206901201A,68f7478d27b76be0eb098534,,,admission,2026,30,2.75,0,1,2,2,www.tuadmissions.in.th/admissions#tab-pane-10
10050206901401A,68e37f2d2ef4c36c489aba3c,,รอบ 1 แฟ้มสะสมผลงาน Portfolio,portfolio,2026,15,3,0,1,1,1,www.tuadmissions.in.th/admissions#tab-pane-9
10050206901401A,68f7478d27b76be0eb098536,,,admission,2026,33,2.75,0,1,1,1,www.tuadmissions.in.th/admissions#tab-pane-10
10050206901401A,T3041,,ผู้สมัครกลุ่มเทียบวุฒิมัธยมศึกษาตอนปลาย (GED),admission,2026,33,2.75,0,2,2,2,www.tuadmissions.in.th/admissions#tab-pane-10
10050206901501A,68f7478d27b76be0eb09853a,,,admission,2026,30,2.5,0,1,1,1,www.tuadmissions.in.th/admissions#tab-pane-10
10050206901801A,68f7478d27b76be0eb09853c,,,admission,2026,45,3,0,1,1,1,www.tuadmissions.in.th/admissions#tab-pane-10
10050206901801A,T3042,,ผู้สมัครกลุ่มเทียบวุฒิมัธยมศึกษาตอนปลาย (GED),admission,2026,45,3,0,2,2,2,www.tuadmissions.in.th/admissions#tab-pane-10
10050206901901A,T3013,,ผู้สมัครกลุ่มมีพื้นฐานความรู้ภาษาญี่ปุ่น,admission,2026,33,2.75,0,1,2,2,www.tuadmissions.in.th/admissions#tab-pane-10
10050206901901A,T3014,,ผู้สมัครกลุ่มไม่มีพื้นฐานความรู้ภาษาญี่ปุ่น,admission,2026,22,2.75,0,1,2,2,www.tuadmissions.in.th/admissions#tab-pane-10
10050206902001A,68e37f2d2ef4c36c489aba3e,,รอบ 1 แฟ้มสะสมผลงาน Portfolio,portfolio,2026,30,3.25,0,1,2,2,www.tuadmissions.in.th/admissions#tab-pane-9
10050206902001A,68f7478d27b76be0eb098544,,,admission,2026,21,2.75,0,1,1,1,www.tuadmissions.in.th/admissions#tab-pane-10
10050206902001A,T3043,,ผู้สมัครกลุ่มเทียบวุฒิมัธยมศึกษาตอนปลาย (GED),admission,2026,21,2.75,0,2,2,2,www.tuadmissions.in.th/admissions#tab-pane-10
10050206902401A,68e37f2d2ef4c36c489aba40,,รอบ 1 แฟ้มสะสมผลงาน Portfolio,portfolio,2026,20,3,0,1,1,2,www.tuadmissions.in.th/admissions#tab-pane-9
10050206902401A,68f7478d27b76be0eb098548,,,admission,2026,28,2.75,0,1,2,2,www.tuadmissions.in.th/admissions#tab-pane-10
10050206902402A,68e37f2d2ef4c36c489aba42,,รอบ 1 แฟ้มสะสมผลงาน Portfolio,portfolio,2026,20,3.25,0,1,2,2,www.tuadmissions.in.th/admissions#tab-pane-9
10050206902402A,68f7478d27b76be0eb09854a,,,admission,2026,21,2.75,0,1,2,2,www.tuadmissions.in.th/admissions#tab-pane-10
10050206902403A,68f7478e27b76be0eb09854c,,,admission,2026,30,2.75,0,1,2,1,www.tuadmissions.in.th/admissions#tab-pane-10
10050206902404A,68e37f2d2ef4c36c489aba44,,รอบ 1 แฟ้มสะสมผลงาน Portfolio,portfolio,2026,5,3,0,1,1,1,www.tuadmissions.in.th/admissions#tab-pane-9
10050206902404A,68f7478e27b76be0eb09854e,,,admission,2026,26,3,0,1,1,1,www.tuadmissions.in.th/admissions#tab-pane-10
10050206902404A,T3039,,ผู้สมัครกลุ่มเทียบวุฒิมัธยมศึกษาตอนปลาย (GED),admission,2026,26,3,0,2,2,2,www.tuadmissions.in.th/admissions#tab-pane-10
10050206902501A,68f7478e27b76be0eb098552,,,admission,2026,70,3,0,1,1,2,www.tuadmissions.in.th/admissions#tab-pane-10
10050206902501A,T3033,,ผู้สมัครกลุ่มเทียบวุฒิมัธยมศึกษาตอนปลาย (GED),admission,2026,70,3,0,2,2,2,www.tuadmissions.in.th/admissions#tab-pane-10
10050206902502A,68f7478e27b76be0eb098556,,,admission,2026,35,3,0,1,1,1,www.tuadmissions.in.th/admissions#tab-pane-10
10050206902502A,T3033,,ผู้สมัครกลุ่มเทียบวุฒิมัธยมศึกษาตอนปลาย (GED),admission,2026,35,3,0,2,2,2,www.tuadmissions.in.th/admissions#tab-pane-10
10050206903001A,68f7478d27b76be0eb09852e,,,admission,2026,35,2.75,0,1,2,2,www.tuadmissions.in.th/admissions#tab-pane-10
10050207903801A,A0062,,โครงการนักศึกษาผู้มีความสามารถดีเด่นทางการกีฬา,portfolio,2026,3,2,,1,2,2,www.tuadmissions.in.th/admissions#tab-pane-9
10050207903801A,A0062,,โครงการนักศึกษาผู้มีความสามารถดีเด่นทางการกีฬา,quota,2026,2,,,1,2,2,www.tuadmissions.in.th/admissions#tab-pane-30
10050207903801A,B0061,,โครงการรับนักเรียนจากโรงเรียนสาธิตแห่งมหาวิทยาลัยธรรมศาสตร์,quota,2026,4,3,0,1,2,2,www.tuadmissions.in.th/admissions#tab-pane-30
10050207903801A,D0045,,โครงการธรรมศาสตร์ช้างเผือกพื้นที่กรุงเทพมหานคร,quota,2026,2,,,1,2,2,www.tuadmissions.in.th/admissions#tab-pane-30
10050207903801A,D0049,,โครงการรับนักเรียนพลเมืองจิตอาสา,quota,2026,3,,,1,1,1,www.tuadmissions.in.th/admissions#tab-pane-30
10050207903801A,D0051,,โครงการรับนักศึกษาพิการ,quota,2026,2,,,1,1,1,www.tuadmissions.in.th/admissions#tab-pane-30
10050207903801A,D0052,,โครงการธรรมศาสตร์ช้างเผือกพื้นที่ 51 จังหวัด,quota,2026,12,,,1,2,2,www.tuadmissions.in.th/admissions#tab-pane-30
10050207903801A,D0053,,โครงการนักเรียนสามจังหวัดชายแดนภาคใต้,quota,2026,9,,,1,2,2,www.tuadmissions.in.th/admissions#tab-pane-30
10050207903801A,D0054,,โครงการส่งเสริมนักเรียนเรียนดีภาคกลาง,quota,2026,2,,,1,2,2,www.tuadmissions.in.th/admissions#tab-pane-30
10050207903801A,T3015,,เกณฑ์คัดเลือกรูปแบบ เกณฑ์กลุ่มพื้นฐานวิทยาศาสตร์,admission,2026,90,,0,1,1,1,www.tuadmissions.in.th/admissions#tab-pane-10
10050207903801A,T3016,,เกณฑ์คัดเลือกรูปแบบ เกณฑ์กลุ่มพื้นฐานศิลปศาสตร์,admission,2026,135,,0,1,1,1,www.tuadmissions.in.th/admissions#tab-pane-10
10050208903501A,68e37f2d2ef4c36c489aba4c,,รอบ 1 แฟ้มสะสมผลงาน Portfolio,portfolio,2026,35,2.5,0,1,1,1,www.tuadmissions.in.th/admissions#tab-pane-9
10050208903501A,68f7478e27b76be0eb09856a,,,admission,2026,78,,0,1,1,1,www.tuadmissions.in.th/admissions#tab-pane-10
10050208903501A,A0062,,โครงการนักศึกษาผู้มีความสามารถดีเด่นทางการกีฬา,portfolio,2026,3,2,,1,2,2,www.tuadmissions.in.th/admissions#tab-pane-9
10050208903501A,A0062,,โครงการนักศึกษาผู้มีความสามารถดีเด่นทางการกีฬา,quota,2026,2,,,1,2,2,www.tuadmissions.in.th/admissions#tab-pane-30
10050208903501A,B0061,,โครงการรับนักเรียนจากโรงเรียนสาธิตแห่งมหาวิทยาลัยธรรมศาสตร์,quota,2026,2,3,0,1,2,2,www.tuadmissions.in.th/admissions#tab-pane-30
10050208903501A,D0045,,โครงการธรรมศาสตร์ช้างเผือกพื้นที่กรุงเทพมหานคร,quota,2026,1,,,1,2,2,www.tuadmissions.in.th/admissions#tab-pane-30
10050208903501A,D0049,,โครงการรับนักเรียนพลเมืองจิตอาสา,quota,2026,2,,,1,1,1,www.tuadmissions.in.th/admissions#tab-pane-30
10050208903501A,D0051,,โครงการรับนักศึกษาพิการ,quota,2026,2,,,1,1,1,www.tuadmissions.in.th/admissions#tab-pane-30
10050208903501A,D0052,,โครงการธรรมศาสตร์ช้างเผือกพื้นที่ 51 จังหวัด,quota,2026,6,,,1,2,2,www.tuadmissions.in.th/admissions#tab-pane-30
10050208903501A,D0053,,โครงการนักเรียนสามจังหวัดชายแดนภาคใต้,quota,2026,9,,,1,2,2,www.tuadmissions.in.th/admissions#tab-pane-30
10050208903501A,D0054,,โครงการส่งเสริมนักเรียนเรียนดีภาคกลาง,quota,2026,1,,,1,2,2,www.tuadmissions.in.th/admissions#tab-pane-30
10050208903501B,68e37f2d2ef4c36c489aba4e,,รอบ 1 แฟ้มสะสมผลงาน Portfolio,portfolio,2026,35,2.5,0,1,1,1,www.tuadmissions.in.th/admissions#tab-pane-9
10050208903501B,68f7478e27b76be0eb09856c,,,admission,2026,87,,0,1,1,1,www.tuadmissions.in.th/admissions#tab-pane-10
10050209210301A,68e37f2d2ef4c36c489aba52,,รอบ 1 แฟ้มสะสมผลงาน Portfolio,portfolio,2026,25,3,0,1,2,2,www.tuadmissions.in.th/admissions#tab-pane-9
10050209210301A,A0062,,โครงการนักศึกษาผู้มีความสามารถดีเด่นทางการกีฬา,portfolio,2026,8,2,,1,2,2,www.tuadmissions.in.th/admissions#tab-pane-9
10050209210301A,A0062,,โครงการนักศึกษาผู้มีความสามารถดีเด่นทางการกีฬา,quota,2026,2,,,1,2,2,www.tuadmissions.in.th/admissions#tab-pane-30
10050209210301A,A6601,,โครงการรับนักเรียนผู้มีความสามารถดีเด่นด้านวิชาการ กลุ่ม สสวท.,portfolio,2026,7,3,0,1,2,2,www.tuadmissions.in.th/img/2025093010185240.pdf
10050209210301A,A6602,,โครงการรับนักเรียนผู้มีความสามารถดีเด่นด้านวิชาการ กลุ่ม สอวน. (ค่าย2),portfolio,2026,30,3,0,1,2,2,www.tuadmissions.in.th/img/2025093010185240.pdf
10050209210301A,B0061,,โครงการรับนักเรียนจากโรงเรียนสาธิตแห่งมหาวิทยาลัยธรรมศาสตร์,quota,2026,16,3,0,1,2,2,www.tuadmissions.in.th/admissions#tab-pane-30
10050209210301A,D0045,,โครงการธรรมศาสตร์ช้างเผือกพื้นที่กรุงเทพมหานคร,quota,2026,1,,,1,2,2,www.tuadmissions.in.th/admissions#tab-pane-30
10050209210301A,D0049,,โครงการรับนักเรียนพลเมืองจิตอาสา,quota,2026,10,,,1,1,1,www.tuadmissions.in.th/admissions#tab-pane-30
10050209210301A,D0051,,โครงการรับนักศึกษาพิการ,quota,2026,2,,,1,1,1,www.tuadmissions.in.th/admissions#tab-pane-30
10050209210301A,D0052,,โครงการธรรมศาสตร์ช้างเผือกพื้นที่ 51 จังหวัด,quota,2026,3,,,1,2,2,www.tuadmissions.in.th/admissions#tab-pane-30
10050209210301A,D0053,,โครงการนักเรียนสามจังหวัดชายแดนภาคใต้,quota,2026,9,,,1,2,2,www.tuadmissions.in.th/admissions#tab-pane-30
10050209210301A,D0054,,โครงการส่งเสริมนักเรียนเรียนดีภาคกลาง,quota,2026,8,,,1,2,2,www.tuadmissions.in.th/admissions#tab-pane-30
10050209210301A,T3049,,ผู้สมัครกลุ่มพื้นฐานวิทยาศาสตร์คณิตศาสตร์ เกณฑ์คัดเลือกรูปแบบ TGAT+TPAT,admission,2026,46,,0,1,2,2,www.tuadmissions.in.th/admissions#tab-pane-10
10050209210301A,T3050,,ผู้สมัครกลุ่มพื้นฐานคณิตศาสตร์ภาษาต่างประเทศ เกณฑ์คัดเลือกรูปแบบ TGAT+TPAT,admission,2026,46,,0,1,2,2,www.tuadmissions.in.th/admissions#tab-pane-10
10050209210301A,T3055,,ผู้สมัครกลุ่มพื้นฐานวิทยาศาสตร์คณิตศาสตร์ เกณฑ์คัดเลือกรูปแบบ TGAT+TPAT+A-Level วิชาคณิตศาสตร์ประยุกต์ 1,admission,2026,46,,0,1,2,2,www.tuadmissions.in.th/admissions#tab-pane-10
10050209210301A,T3056,,ผู้สมัครกลุ่มพื้นฐานคณิตศาสตร์ภาษาต่างประเทศ เกณฑ์คัดเลือกรูปแบบ TGAT+TPAT+A-Level วิชาคณิตศาสตร์ประยุกต์ 1,admission,2026,46,,0,1,2,2,www.tuadmissions.in.th/admissions#tab-pane-10
10050209210301B,68e37f2d2ef4c36c489aba70,,รอบ 1 แฟ้มสะสมผลงาน Portfolio,portfolio,2026,25,3,0,1,2,2,www.tuadmissions.in.th/admissions#tab-pane-9
10050209210301B,T3018,,ผู้สมัครกลุ่มพื้นฐานคณิตศาสตร์ภาษาต่างประเทศ,admission,2026,52,,0,1,2,2,www.tuadmissions.in.th/admissions#tab-pane-10
10050209210301B,T3019,,ผู้สมัครกลุ่มพื้นฐานวิทยาศาสตร์คณิตศาสตร์,admission,2026,52,,0,1,2,2,www.tuadmissions.in.th/admissions#tab-pane-10
10050209210302A,68e37f2d2ef4c36c489aba6c,,รอบ 1 แฟ้มสะสมผลงาน Portfolio,portfolio,2026,15,3,0,1,2,2,www.tuadmissions.in.th/admissions#tab-pane-9
10050209210302A,A0062,,โครงการนักศึกษาผู้มีความสามารถดีเด่นทางการกีฬา,portfolio,2026,8,2,,1,2,2,www.tuadmissions.in.th/admissions#tab-pane-9
10050209210302A,A0062,,โครงการนักศึกษาผู้มีความสามารถดีเด่นทางการกีฬา,quota,2026,2,,,1,2,2,www.tuadmissions.in.th/admissions#tab-pane-30
10050209210302A,A6601,,โครงการรับนักเรียนผู้มีความสามารถดีเด่นด้านวิชาการ กลุ่ม สสวท.,portfolio,2026,7,3,0,1,2,2,www.tuadmissions.in.th/img/2025093010185240.pdf
10050209210302A,A6602,,โครงการรับนักเรียนผู้มีความสามารถดีเด่นด้านวิชาการ กลุ่ม สอวน. (ค่าย2),portfolio,2026,30,3,0,1,2,2,www.tuadmissions.in.th/img/2025093010185240.pdf
10050209210302A,B0061,,โครงการรับนักเรียนจากโรงเรียนสาธิตแห่งมหาวิทยาลัยธรรมศาสตร์,quota,2026,16,3,0,1,2,2,www.tuadmissions.in.th/admissions#tab-pane-30
10050209210302A,D0045,,โครงการธรรมศาสตร์ช้างเผือกพื้นที่กรุงเทพมหานคร,quota,2026,1,,,1,2,2,www.tuadmissions.in.th/admissions#tab-pane-30
10050209210302A,D0049,,โครงการรับนักเรียนพลเมืองจิตอาสา,quota,2026,10,,,1,1,1,www.tuadmissions.in.th/admissions#tab-pane-30
10050209210302A,D0051,,โครงการรับนักศึกษาพิการ,quota,2026,2,,,1,1,1,www.tuadmissions.in.th/admissions#tab-pane-30
10050209210302A,D0052,,โครงการธรรมศาสตร์ช้างเผือกพื้นที่ 51 จังหวัด,quota,2026,3,,,1,2,2,www.tuadmissions.in.th/admissions#tab-pane-30
10050209210302A,D0053,,โครงการนักเรียนสามจังหวัดชายแดนภาคใต้,quota,2026,9,,,1,2,2,www.tuadmissions.in.th/admissions#tab-pane-30
10050209210302A,D0054,,โครงการส่งเสริมนักเรียนเรียนดีภาคกลาง,quota,2026,8,,,1,2,2,www.tuadmissions.in.th/admissions#tab-pane-30
10050209210302A,T3051,,ผู้สมัครกลุ่มพื้นฐานวิทยาศาสตร์คณิตศาสตร์ เกณฑ์คัดเลือกรูปแบบ TGAT+TPAT,admission,2026,42,,0,1,2,2,www.tuadmissions.in.th/admissions#tab-pane-10
10050209210302A,T3052,,ผู้สมัครกลุ่มพื้นฐานคณิตศาสตร์ภาษาต่างประเทศ เกณฑ์คัดเลือกรูปแบบ TGAT+TPAT,admission,2026,42,2.75,0,1,2,2,www.tuadmissions.in.th/admissions#tab-pane-10
10050209210302A,T3057,,ผู้สมัครกลุ่มพื้นฐานวิทยาศาสตร์คณิตศาสตร์ เกณฑ์คัดเลือกรูปแบบ TGAT+TPAT+A-Level วิชาคณิตศาสตร์ประยุกต์ 1,admission,2026,42,,0,1,2,2,www.tuadmissions.in.th/admissions#tab-pane-10
10050209210302A,T3058,,ผู้สมัครกลุ่มพื้นฐานคณิตศาสตร์ภาษาต่างประเทศ เกณฑ์คัดเลือกรูปแบบ TGAT+TPAT+A-Level วิชาคณิตศาสตร์ประยุกต์ 1,admission,2026,42,2.75,0,1,2,2,www.tuadmissions.in.th/admissions#tab-pane-10
10050209210302B,68e37f2d2ef4c36c489aba74,,รอบ 1 แฟ้มสะสมผลงาน Portfolio,portfolio,2026,10,3,0,1,2,2,www.tuadmissions.in.th/admissions#tab-pane-9
10050209210302B,T3047,,ผู้สมัครกลุ่มพื้นฐานวิทยาศาสตร์คณิตศาสตร์ เกณฑ์คัดเลือกรูปแบบ TGAT+TPAT+A-Level วิชาคณิตศาสตร์ประยุกต์ 2,admission,2026,56,,0,1,2,2,www.tuadmissions.in.th/admissions#tab-pane-10
10050209210302B,T3048,,ผู้สมัครกลุ่มพื้นฐานคณิตศาสตร์ภาษาต่างประเทศ เกณฑ์คัดเลือกรูปแบบ TGAT+TPAT+A-Level วิชาคณิตศาสตร์ประยุกต์ 2,admission,2026,56,2.75,0,1,2,2,www.tuadmissions.in.th/admissions#tab-pane-10
10050209210302B,T3053,,ผู้สมัครกลุ่มพื้นฐานวิทยาศาสตร์คณิตศาสตร์ เกณฑ์คัดเลือกรูปแบบ TGAT+TPAT+A-Level วิชาคณิตศาสตร์ประยุกต์ 1,admission,2026,56,,0,1,2,2,www.tuadmissions.in.th/admissions#tab-pane-10
10050209210302B,T3054,,ผู้สมัครกลุ่มพื้นฐานคณิตศาสตร์ภาษาต่างประเทศ เกณฑ์คัดเลือกรูปแบบ TGAT+TPAT+A-Level วิชาคณิตศาสตร์ประยุกต์ 1,admission,2026,56,2.75,0,1,2,2,www.tuadmissions.in.th/admissions#tab-pane-10
10050209210401A,68e37f2d2ef4c36c489aba54,,รอบ 1 แฟ้มสะสมผลงาน Portfolio,portfolio,2026,40,3,0,1,2,2,www.tuadmissions.in.th/admissions#tab-pane-9
10050209210401A,68f7478e27b76be0eb09857a,,,admission,2026,83,,0,1,2,2,www.tuadmissions.in.th/admissions#tab-pane-10
10050209210401A,A0062,,โครงการนักศึกษาผู้มีความสามารถดีเด่นทางการกีฬา,portfolio,2026,8,2,,1,2,2,www.tuadmissions.in.th/admissions#tab-pane-9
10050209210401A,A0062,,โครงการนักศึกษาผู้มีความสามารถดีเด่นทางการกีฬา,quota,2026,2,,,1,2,2,www.tuadmissions.in.th/admissions#tab-pane-30
10050209210401A,A6601,,โครงการรับนักเรียนผู้มีความสามารถดีเด่นด้านวิชาการ กลุ่ม สสวท.,portfolio,2026,7,3,0,1,2,2,www.tuadmissions.in.th/img/2025093010185240.pdf
10050209210401A,A6602,,โครงการรับนักเรียนผู้มีความสามารถดีเด่นด้านวิชาการ กลุ่ม สอวน. (ค่าย2),portfolio,2026,30,3,0,1,2,2,www.tuadmissions.in.th/img/2025093010185240.pdf
10050209210401A,B0061,,โครงการรับนักเรียนจากโรงเรียนสาธิตแห่งมหาวิทยาลัยธรรมศาสตร์,quota,2026,16,3,0,1,2,2,www.tuadmissions.in.th/admissions#tab-pane-30
10050209210401A,D0045,,โครงการธรรมศาสตร์ช้างเผือกพื้นที่กรุงเทพมหานคร,quota,2026,1,,,1,2,2,www.tuadmissions.in.th/admissions#tab-pane-30
10050209210401A,D0049,,โครงการรับนักเรียนพลเมืองจิตอาสา,quota,2026,10,,,1,1,1,www.tuadmissions.in.th/admissions#tab-pane-30
10050209210401A,D0052,,โครงการธรรมศาสตร์ช้างเผือกพื้นที่ 51 จังหวัด,quota,2026,4,,,1,2,2,www.tuadmissions.in.th/admissions#tab-pane-30
10050209210401A,D0053,,โครงการนักเรียนสามจังหวัดชายแดนภาคใต้,quota,2026,9,,,1,2,2,www.tuadmissions.in.th/admissions#tab-pane-30
10050209210401A,D0054,,โครงการส่งเสริมนักเรียนเรียนดีภาคกลาง,quota,2026,8,,,1,2,2,www.tuadmissions.in.th/admissions#tab-pane-30
10050209211001A,68e37f2d2ef4c36c489aba56,,รอบ 1 แฟ้มสะสมผลงาน Portfolio,portfolio,2026,10,3,0,1,2,2,www.tuadmissions.in.th/admissions#tab-pane-9
10050209211001A,68f7478e27b76be0eb09858a,,,admission,2026,66,,0,1,2,2,www.tuadmissions.in.th/admissions#tab-pane-10
10050209211001A,A0062,,โครงการนักศึกษาผู้มีความสามารถดีเด่นทางการกีฬา,portfolio,2026,8,2,,1,2,2,www.tuadmissions.in.th/admissions#tab-pane-9
10050209211001A,A0062,,โครงการนักศึกษาผู้มีความสามารถดีเด่นทางการกีฬา,quota,2026,2,,,1,2,2,www.tuadmissions.in.th/admissions#tab-pane-30
10050209211001A,A6601,,โครงการรับนักเรียนผู้มีความสามารถดีเด่นด้านวิชาการ กลุ่ม สสวท.,portfolio,2026,7,3,0,1,2,2,www.tuadmissions.in.th/img/2025093010185240.pdf
10050209211001A,A6602,,โครงการรับนักเรียนผู้มีความสามารถดีเด่นด้านวิชาการ กลุ่ม สอวน. (ค่าย2),portfolio,2026,30,3,0,1,2,2,www.tuadmissions.in.th/img/2025093010185240.pdf
10050209211001A,B0061,,โครงการรับนักเรียนจากโรงเรียนสาธิตแห่งมหาวิทยาลัยธรรมศาสตร์,quota,2026,16,3,0,1,2,2,www.tuadmissions.in.th/admissions#tab-pane-30
10050209211001A,D0045,,โครงการธรรมศาสตร์ช้างเผือกพื้นที่กรุงเทพมหานคร,quota,2026,1,,,1,2,2,www.tuadmissions.in.th/admissions#tab-pane-30
10050209211001A,D0049,,โครงการรับนักเรียนพลเมืองจิตอาสา,quota,2026,10,,,1,1,1,www.tuadmissions.in.th/admissions#tab-pane-30
10050209211001A,D0051,,โครงการรับนักศึกษาพิการ,quota,2026,2,,,1,1,1,www.tuadmissions.in.th/admissions#tab-pane-30
10050209211001A,D0052,,โครงการธรรมศาสตร์ช้างเผือกพื้นที่ 51 จังหวัด,quota,2026,5,,,1,2,2,www.tuadmissions.in.th/admissions#tab-pane-30
10050209211001A,D0053,,โครงการนักเรียนสามจังหวัดชายแดนภาคใต้,quota,2026,9,,,1,2,2,www.tuadmissions.in.th/admissions#tab-pane-30
10050209211001A,D0054,,โครงการส่งเสริมนักเรียนเรียนดีภาคกลาง,quota,2026,8,,,1,2,2,www.tuadmissions.in.th/admissions#tab-pane-30
10050209211002A,68e37f2d2ef4c36c489aba58,,รอบ 1 แฟ้มสะสมผลงาน Portfolio,portfolio,2026,20,3,0,1,2,2,www.tuadmissions.in.th/admissions#tab-pane-9
10050209211002A,A0062,,โครงการนักศึกษาผู้มีความสามารถดีเด่นทางการกีฬา,portfolio,2026,8,2,,1,2,2,www.tuadmissions.in.th/admissions#tab-pane-9
10050209211002A,A0062,,โครงการนักศึกษาผู้มีความสามารถดีเด่นทางการกีฬา,quota,2026,2,,,1,2,2,www.tuadmissions.in.th/admissions#tab-pane-30
10050209211002A,A6601,,โครงการรับนักเรียนผู้มีความสามารถดีเด่นด้านวิชาการ กลุ่ม สสวท.,portfolio,2026,7,3,0,1,2,2,www.tuadmissions.in.th/img/2025093010185240.pdf
10050209211002A,A6602,,โครงการรับนักเรียนผู้มีความสามารถดีเด่นด้านวิชาการ กลุ่ม สอวน. (ค่าย2),portfolio,2026,30,3,0,1,2,2,www.tuadmissions.in.th/img/2025093010185240.pdf
10050209211002A,B0061,,โครงการรับนักเรียนจากโรงเรียนสาธิตแห่งมหาวิทยาลัยธรรมศาสตร์,quota,2026,16,3,0,1,2,2,www.tuadmissions.in.th/admissions#tab-pane-30
10050209211002A,D0049,,โครงการรับนักเรียนพลเมืองจิตอาสา,quota,2026,10,,,1,1,1,www.tuadmissions.in.th/admissions#tab-pane-30
10050209211002A,D0054,,โครงการส่งเสริมนักเรียนเรียนดีภาคกลาง,quota,2026,8,,,1,2,2,www.tuadmissions.in.th/admissions#tab-pane-30
10050209211002A,T3030,,เกณฑ์คัดเลือกรูปแบบ TGAT+TPAT+A-Level,admission,2026,47,,0,1,2,2,www.tuadmissions.in.th/admissions#tab-pane-10
10050209211002A,T3031,,เกณฑ์คัดเลือกรูปแบบ TGAT+TPAT,admission,2026,47,,0,1,2,2,www.tuadmissions.in.th/admissions#tab-pane-10
10050209211002A,T3047,,ผู้สมัครที่จบหลักสูตร GED เกณฑ์คัดเลือกรูปแบบ TGAT+TPAT+A-Level,admission,2026,47,,0,2,2,2,www.tuadmissions.in.th/admissions#tab-pane-10
10050209211002A,T3048,,ผู้สมัครที่จบหลักสูตร GED เกณฑ์คัดเลือกรูปแบบ TGAT+TPAT,admission,2026,47,,0,2,2,2,www.tuadmissions.in.th/admissions#tab-pane-10
10050209211201A,68e37f2d2ef4c36c489aba5a,,รอบ 1 แฟ้มสะสมผลงาน Portfolio,portfolio,2026,30,3,0,1,2,2,www.tuadmissions.in.th/admissions#tab-pane-9
10050209211201A,68f7478e27b76be0eb098580,,,admission,2026,76,,0,1,2,2,www.tuadmissions.in.th/admissions#tab-pane-10
10050209211201A,A0062,,โครงการนักศึกษาผู้มีความสามารถดีเด่นทางการกีฬา,portfolio,2026,8,2,,1,2,2,www.tuadmissions.in.th/admissions#tab-pane-9
10050209211201A,A0062,,โครงการนักศึกษาผู้มีความสามารถดีเด่นทางการกีฬา,quota,2026,2,,,1,2,2,www.tuadmissions.in.th/admissions#tab-pane-30
10050209211201A,A6601,,โครงการรับนักเรียนผู้มีความสามารถดีเด่นด้านวิชาการ กลุ่ม สสวท.,portfolio,2026,7,3,0,1,2,2,www.tuadmissions.in.th/img/2025093010185240.pdf
10050209211201A,A6602,,โครงการรับนักเรียนผู้มีความสามารถดีเด่นด้านวิชาการ กลุ่ม สอวน. (ค่าย2),portfolio,2026,30,3,0,1,2,2,www.tuadmissions.in.th/img/2025093010185240.pdf
10050209211201A,B0061,,โครงการรับนักเรียนจากโรงเรียนสาธิตแห่งมหาวิทยาลัยธรรมศาสตร์,quota,2026,16,3,0,1,2,2,www.tuadmissions.in.th/admissions#tab-pane-30
10050209211201A,D0045,,โครงการธรรมศาสตร์ช้างเผือกพื้นที่กรุงเทพมหานคร,quota,2026,1,,,1,2,2,www.tuadmissions.in.th/admissions#tab-pane-30
10050209211201A,D0049,,โครงการรับนักเรียนพลเมืองจิตอาสา,quota,2026,10,,,1,1,1,www.tuadmissions.in.th/admissions#tab-pane-30
10050209211201A,D0052,,โครงการธรรมศาสตร์ช้างเผือกพื้นที่ 51 จังหวัด,quota,2026,4,,,1,2,2,www.tuadmissions.in.th/admissions#tab-pane-30
10050209211201A,D0053,,โครงการนักเรียนสามจังหวัดชายแดนภาคใต้,quota,2026,9,,,1,2,2,www.tuadmissions.in.th/admissions#tab-pane-30
10050209211201A,D0054,,โครงการส่งเสริมนักเรียนเรียนดีภาคกลาง,quota,2026,8,,,1,2,2,www.tuadmissions.in.th/admissions#tab-pane-30
10050209211401B,68e37f2d2ef4c36c489aba76,,รอบ 1 แฟ้มสะสมผลงาน Portfolio,portfolio,2026,15,2.5,0,1,2,2,www.tuadmissions.in.th/admissions#tab-pane-9
10050209211401B,68f7478e27b76be0eb098588,,,admission,2026,55,,0,1,2,2,www.tuadmissions.in.th/admissions#tab-pane-10
10050209211801A,68e37f2d2ef4c36c489aba78,,รอบ 1 แฟ้มสะสมผลงาน Portfolio,portfolio,2026,10,2.75,0,1,2,1,www.tuadmissions.in.th/admissions#tab-pane-9
10050209211801A,68f7478e27b76be0eb098594,,,admission,2026,41,,0,1,2,2,www.tuadmissions.in.th/admissions#tab-pane-10
10050209211801A,A0062,,โครงการนักศึกษาผู้มีความสามารถดีเด่นทางการกีฬา,portfolio,2026,8,2,,1,2,2,www.tuadmissions.in.th/admissions#tab-pane-9
10050209211801A,A0062,,โครงการนักศึกษาผู้มีความสามารถดีเด่นทางการกีฬา,quota,2026,2,,,1,2,2,www.tuadmissions.in.th/admissions#tab-pane-30
10050209211801A,A6601,,โครงการรับนักเรียนผู้มีความสามารถดีเด่นด้านวิชาการ กลุ่ม สสวท.,portfolio,2026,7,3,0,1,2,2,www.tuadmissions.in.th/img/2025093010185240.pdf
10050209211801A,A6602,,โครงการรับนักเรียนผู้มีความสามารถดีเด่นด้านวิชาการ กลุ่ม สอวน. (ค่าย2),portfolio,2026,30,3,0,1,2,2,www.tuadmissions.in.th/img/2025093010185240.pdf
10050209211801A,B0061,,โครงการรับนักเรียนจากโรงเรียนสาธิตแห่งมหาวิทยาลัยธรรมศาสตร์,quota,2026,16,3,0,1,2,2,www.tuadmissions.in.th/admissions#tab-pane-30
10050209211801A,D0045,,โครงการธรรมศาสตร์ช้างเผือกพื้นที่กรุงเทพมหานคร,quota,2026,1,,,1,2,2,www.tuadmissions.in.th/admissions#tab-pane-30
10050209211801A,D0049,,โครงการรับนักเรียนพลเมืองจิตอาสา,quota,2026,10,,,1,1,1,www.tuadmissions.in.th/admissions#tab-pane-30
10050209211801A,D0052,,โครงการธรรมศาสตร์ช้างเผือกพื้นที่ 51 จังหวัด,quota,2026,4,,,1,2,2,www.tuadmissions.in.th/admissions#tab-pane-30
10050209211801A,D0053,,โครงการนักเรียนสามจังหวัดชายแดนภาคใต้,quota,2026,9,,,1,2,2,www.tuadmissions.in.th/admissions#tab-pane-30
10050209211801A,D0054,,โครงการส่งเสริมนักเรียนเรียนดีภาคกลาง,quota,2026,8,,,1,2,2,www.tuadmissions.in.th/admissions#tab-pane-30
10050209212701A,68e37f2d2ef4c36c489aba5e,,รอบ 1 แฟ้มสะสมผลงาน Portfolio,portfolio,2026,10,3,0,1,2,2,www.tuadmissions.in.th/admissions#tab-pane-9
10050209212701A,68f7478e27b76be0eb098596,,,admission,2026,46,,0,1,2,2,www.tuadmissions.in.th/admissions#tab-pane-10
10050209212701A,A0062,,โครงการนักศึกษาผู้มีความสามารถดีเด่นทางการกีฬา,portfolio,2026,8,2,,1,2,2,www.tuadmissions.in.th/admissions#tab-pane-9
10050209212701A,A0062,,โครงการนักศึกษาผู้มีความสามารถดีเด่นทางการกีฬา,quota,2026,2,,,1,2,2,www.tuadmissions.in.th/admissions#tab-pane-30
10050209212701A,A6601,,โครงการรับนักเรียนผู้มีความสามารถดีเด่นด้านวิชาการ กลุ่ม สสวท.,portfolio,2026,7,3,0,1,2,2,www.tuadmissions.in.th/img/2025093010185240.pdf
10050209212701A,A6602,,โครงการรับนักเรียนผู้มีความสามารถดีเด่นด้านวิชาการ กลุ่ม สอวน. (ค่าย2),portfolio,2026,30,3,0,1,2,2,www.tuadmissions.in.th/img/2025093010185240.pdf
10050209212701A,B0061,,โครงการรับนักเรียนจากโรงเรียนสาธิตแห่งมหาวิทยาลัยธรรมศาสตร์,quota,2026,16,3,0,1,2,2,www.tuadmissions.in.th/admissions#tab-pane-30
10050209212701A,D0045,,โครงการธรรมศาสตร์ช้างเผือกพื้นที่กรุงเทพมหานคร,quota,2026,1,,,1,2,2,www.tuadmissions.in.th/admissions#tab-pane-30
10050209212701A,D0049,,โครงการรับนักเรียนพลเมืองจิตอาสา,quota,2026,10,,,1,1,1,www.tuadmissions.in.th/admissions#tab-pane-30
10050209212701A,D0051,,โครงการรับนักศึกษาพิการ,quota,2026,2,,,1,1,1,www.tuadmissions.in.th/admissions#tab-pane-30
10050209212701A,D0052,,โครงการธรรมศาสตร์ช้างเผือกพื้นที่ 51 จังหวัด,quota,2026,2,,,1,2,2,www.tuadmissions.in.th/admissions#tab-pane-30
10050209212701A,D0053,,โครงการนักเรียนสามจังหวัดชายแดนภาคใต้,quota,2026,9,,,1,2,2,www.tuadmissions.in.th/admissions#tab-pane-30
10050209212701A,D0054,,โครงการส่งเสริมนักเรียนเรียนดีภาคกลาง,quota,2026,8,,,1,2,2,www.tuadmissions.in.th/admissions#tab-pane-30
10050209212702A,68e37f2d2ef4c36c489aba7a,,รอบ 1 แฟ้มสะสมผลงาน Portfolio,portfolio,2026,10,2.75,0,1,2,2,www.tuadmissions.in.th/admissions#tab-pane-9
10050209212702A,A0062,,โครงการนักศึกษาผู้มีความสามารถดีเด่นทางการกีฬา,portfolio,2026,8,2,,1,2,2,www.tuadmissions.in.th/admissions#tab-pane-9
10050209212702A,A0062,,โครงการนักศึกษาผู้มีความสามารถดีเด่นทางการกีฬา,quota,2026,2,,,1,2,2,www.tuadmissions.in.th/admissions#tab-pane-30
10050209212702A,A6601,,โครงการรับนักเรียนผู้มีความสามารถดีเด่นด้านวิชาการ กลุ่ม สสวท.,portfolio,2026,7,3,0,1,2,2,www.tuadmissions.in.th/img/2025093010185240.pdf
10050209212702A,A6602,,โครงการรับนักเรียนผู้มีความสามารถดีเด่นด้านวิชาการ กลุ่ม สอวน. (ค่าย2),portfolio,2026,30,3,0,1,2,2,www.tuadmissions.in.th/img/2025093010185240.pdf
10050209212702A,B0061,,โครงการรับนักเรียนจากโรงเรียนสาธิตแห่งมหาวิทยาลัยธรรมศาสตร์,quota,2026,16,3,0,1,2,2,www.tuadmissions.in.th/admissions#tab-pane-30
10050209212702A,D0045,,โครงการธรรมศาสตร์ช้างเผือกพื้นที่กรุงเทพมหานคร,quota,2026,1,,,1,2,2,www.tuadmissions.in.th/admissions#tab-pane-30
10050209212702A,D0049,,โครงการรับนักเรียนพลเมืองจิตอาสา,quota,2026,10,,,1,1,1,www.tuadmissions.in.th/admissions#tab-pane-30
10050209212702A,D0051,,โครงการรับนักศึกษาพิการ,quota,2026,2,,,1,1,1,www.tuadmissions.in.th/admissions#tab-pane-30
10050209212702A,D0052,,โครงการธรรมศาสตร์ช้างเผือกพื้นที่ 51 จังหวัด,quota,2026,3,,,1,2,2,www.tuadmissions.in.th/admissions#tab-pane-30
10050209212702A,D0053,,โครงการนักเรียนสามจังหวัดชายแดนภาคใต้,quota,2026,9,,,1,2,2,www.tuadmissions.in.th/admissions#tab-pane-30
10050209212702A,D0054,,โครงการส่งเสริมนักเรียนเรียนดีภาคกลาง,quota,2026,8,,,1,2,2,www.tuadmissions.in.th/admissions#tab-pane-30
10050209212702A,T3030,,เกณฑ์คัดเลือกรูปแบบ TGAT+TPAT+A-Level,admission,2026,41,,0,1,2,2,www.tuadmissions.in.th/admissions#tab-pane-10
10050209212702A,T3031,,เกณฑ์คัดเลือกรูปแบบ TGAT+TPAT,admission,2026,41,,0,1,2,2,www.tuadmissions.in.th/admissions#tab-pane-10
10050209212801A,68e37f2d2ef4c36c489aba60,,รอบ 1 แฟ้มสะสมผลงาน Portfolio,portfolio,2026,10,3,0,1,2,2,www.tuadmissions.in.th/admissions#tab-pane-9
10050209212801A,68f7478e27b76be0eb09857e,,,admission,2026,36,,0,1,2,2,www.tuadmissions.in.th/admissions#tab-pane-10
10050209212801A,A0062,,โครงการนักศึกษาผู้มีความสามารถดีเด่นทางการกีฬา,portfolio,2026,8,2,,1,2,2,www.tuadmissions.in.th/admissions#tab-pane-9
10050209212801A,A0062,,โครงการนักศึกษาผู้มีความสามารถดีเด่นทางการกีฬา,quota,2026,2,,,1,2,2,www.tuadmissions.in.th/admissions#tab-pane-30
10050209212801A,A6601,,โครงการรับนักเรียนผู้มีความสามารถดีเด่นด้านวิชาการ กลุ่ม สสวท.,portfolio,2026,7,3,0,1,2,2,www.tuadmissions.in.th/img/2025093010185240.pdf
10050209212801A,A6602,,โครงการรับนักเรียนผู้มีความสามารถดีเด่นด้านวิชาการ กลุ่ม สอวน. (ค่าย2),portfolio,2026,30,3,0,1,2,2,www.tuadmissions.in.th/img/2025093010185240.pdf
10050209212801A,B0061,,โครงการรับนักเรียนจากโรงเรียนสาธิตแห่งมหาวิทยาลัยธรรมศาสตร์,quota,2026,16,3,0,1,2,2,www.tuadmissions.in.th/admissions#tab-pane-30
10050209212801A,D0045,,โครงการธรรมศาสตร์ช้างเผือกพื้นที่กรุงเทพมหานคร,quota,2026,1,,,1,2,2,www.tuadmissions.in.th/admissions#tab-pane-30
10050209212801A,D0049,,โครงการรับนักเรียนพลเมืองจิตอาสา,quota,2026,10,,,1,1,1,www.tuadmissions.in.th/admissions#tab-pane-30
10050209212801A,D0051,,โครงการรับนักศึกษาพิการ,quota,2026,2,,,1,1,1,www.tuadmissions.in.th/admissions#tab-pane-30
10050209212801A,D0052,,โครงการธรรมศาสตร์ช้างเผือกพื้นที่ 51 จังหวัด,quota,2026,3,,,1,2,2,www.tuadmissions.in.th/admissions#tab-pane-30
10050209212801A,D0053,,โครงการนักเรียนสามจังหวัดชายแดนภาคใต้,quota,2026,9,,,1,2,2,www.tuadmissions.in.th/admissions#tab-pane-30
10050209212801A,D0054,,โครงการส่งเสริมนักเรียนเรียนดีภาคกลาง,quota,2026,8,,,1,2,2,www.tuadmissions.in.th/admissions#tab-pane-30
10050209213101A,68e37f2d2ef4c36c489aba62,,รอบ 1 แฟ้มสะสมผลงาน Portfolio,portfolio,2026,5,3,0,1,2,2,www.tuadmissions.in.th/admissions#tab-pane-9
10050209213101A,68f7478e27b76be0eb098582,,,admission,2026,45,,0,1,2,2,www.tuadmissions.in.th/admissions#tab-pane-10
10050209213101A,A0062,,โครงการนักศึกษาผู้มีความสามารถดีเด่นทางการกีฬา,portfolio,2026,8,2,,1,2,2,www.tuadmissions.in.th/admissions#tab-pane-9
10050209213101A,A0062,,โครงการนักศึกษาผู้มีความสามารถดีเด่นทางการกีฬา,quota,2026,2,,,1,2,2,www.tuadmissions.in.th/admissions#tab-pane-30
10050209213101A,A6601,,โครงการรับนักเรียนผู้มีความสามารถดีเด่นด้านวิชาการ กลุ่ม สสวท.,portfolio,2026,7,3,0,1,2,2,www.tuadmissions.in.th/img/2025093010185240.pdf
10050209213101A,A6602,,โครงการรับนักเรียนผู้มีความสามารถดีเด่นด้านวิชาการ กลุ่ม สอวน. (ค่าย2),portfolio,2026,30,3,0,1,2,2,www.tuadmissions.in.th/img/2025093010185240.pdf
10050209213101A,B0061,,โครงการรับนักเรียนจากโรงเรียนสาธิตแห่งมหาวิทยาลัยธรรมศาสตร์,quota,2026,16,3,0,1,2,2,www.tuadmissions.in.th/admissions#tab-pane-30
10050209213101A,D0045,,โครงการธรรมศาสตร์ช้างเผือกพื้นที่กรุงเทพมหานคร,quota,2026,1,,,1,2,2,www.tuadmissions.in.th/admissions#tab-pane-30
10050209213101A,D0049,,โครงการรับนักเรียนพลเมืองจิตอาสา,quota,2026,10,,,1,1,1,www.tuadmissions.in.th/admissions#tab-pane-30
10050209213101A,D0051,,โครงการรับนักศึกษาพิการ,quota,2026,1,,,1,1,1,www.tuadmissions.in.th/admissions#tab-pane-30
10050209213101A,D0052,,โครงการธรรมศาสตร์ช้างเผือกพื้นที่ 51 จังหวัด,quota,2026,3,,,1,2,2,www.tuadmissions.in.th/admissions#tab-pane-30
10050209213101A,D0053,,โครงการนักเรียนสามจังหวัดชายแดนภาคใต้,quota,2026,9,,,1,2,2,www.tuadmissions.in.th/admissions#tab-pane-30
10050209213101A,D0054,,โครงการส่งเสริมนักเรียนเรียนดีภาคกลาง,quota,2026,8,,,1,2,2,www.tuadmissions.in.th/admissions#tab-pane-30
10050209213301A,68e37f2d2ef4c36c489aba64,,รอบ 1 แฟ้มสะสมผลงาน Portfolio,portfolio,2026,5,3,0,1,2,2,www.tuadmissions.in.th/admissions#tab-pane-9
10050209213301A,68f7478e27b76be0eb098584,,,admission,2026,72,,0,1,2,2,www.tuadmissions.in.th/admissions#tab-pane-10
10050209213301A,A0062,,โครงการนักศึกษาผู้มีความสามารถดีเด่นทางการกีฬา,portfolio,2026,8,2,,1,2,2,www.tuadmissions.in.th/admissions#tab-pane-9
10050209213301A,A0062,,โครงการนักศึกษาผู้มีความสามารถดีเด่นทางการกีฬา,quota,2026,2,,,1,2,2,www.tuadmissions.in.th/admissions#tab-pane-30
10050209213301A,A6601,,โครงการรับนักเรียนผู้มีความสามารถดีเด่นด้านวิชาการ กลุ่ม สสวท.,portfolio,2026,7,3,0,1,2,2,www.tuadmissions.in.th/img/2025093010185240.pdf
10050209213301A,A6602,,โครงการรับนักเรียนผู้มีความสามารถดีเด่นด้านวิชาการ กลุ่ม สอวน. (ค่าย2),portfolio,2026,30,3,0,1,2,2,www.tuadmissions.in.th/img/2025093010185240.pdf
10050209213301A,B0061,,โครงการรับนักเรียนจากโรงเรียนสาธิตแห่งมหาวิทยาลัยธรรมศาสตร์,quota,2026,16,3,0,1,2,2,www.tuadmissions.in.th/admissions#tab-pane-30
10050209213301A,D0045,,โครงการธรรมศาสตร์ช้างเผือกพื้นที่กรุงเทพมหานคร,quota,2026,1,,,1,2,2,www.tuadmissions.in.th/admissions#tab-pane-30
10050209213301A,D0049,,โครงการรับนักเรียนพลเมืองจิตอาสา,quota,2026,10,,,1,1,1,www.tuadmissions.in.th/admissions#tab-pane-30
10050209213301A,D0051,,โครงการรับนักศึกษาพิการ,quota,2026,2,,,1,1,1,www.tuadmissions.in.th/admissions#tab-pane-30
10050209213301A,D0052,,โครงการธรรมศาสตร์ช้างเผือกพื้นที่ 51 จังหวัด,quota,2026,4,,,1,2,2,www.tuadmissions.in.th/admissions#tab-pane-30
10050209213301A,D0053,,โครงการนักเรียนสามจังหวัดชายแดนภาคใต้,quota,2026,9,,,1,2,2,www.tuadmissions.in.th/admissions#tab-pane-30
10050209213301A,D0054,,โครงการส่งเสริมนักเรียนเรียนดีภาคกลาง,quota,2026,8,,,1,2,2,www.tuadmissions.in.th/admissions#tab-pane-30
10050209213301B,68e37f2d2ef4c36c489aba6e,,รอบ 1 แฟ้มสะสมผลงาน Portfolio,portfolio,2026,15,3,0,1,2,2,www.tuadmissions.in.th/admissions#tab-pane-9
10050209213301B,T3018,,ผู้สมัครกลุ่มพื้นฐานคณิตศาสตร์ภาษาต่างประเทศ,admission,2026,70,,0,1,2,2,www.tuadmissions.in.th/admissions#tab-pane-10
10050209213301B,T3019,,ผู้สมัครกลุ่มพื้นฐานวิทยาศาสตร์คณิตศาสตร์,admission,2026,70,,0,1,2,2,www.tuadmissions.in.th/admissions#tab-pane-10
10050209213302B,68e37f2d2ef4c36c489aba72,,รอบ 1 แฟ้มสะสมผลงาน Portfolio,portfolio,2026,10,3,0,1,2,2,www.tuadmissions.in.th/admissions#tab-pane-9
10050209213302B,T3018,,ผู้สมัครกลุ่มพื้นฐานคณิตศาสตร์ภาษาต่างประเทศ,admission,2026,48,2.75,0,1,2,2,www.tuadmissions.in.th/admissions#tab-pane-10
10050209213302B,T3019,,ผู้สมัครกลุ่มพื้นฐานวิทยาศาสตร์คณิตศาสตร์,admission,2026,48,,0,1,2,2,www.tuadmissions.in.th/admissions#tab-pane-10
10050209214001A,68e37f2d2ef4c36c489aba5c,,รอบ 1 แฟ้มสะสมผลงาน Portfolio,portfolio,2026,10,3,0,1,2,2,www.tuadmissions.in.th/admissions#tab-pane-9
10050209214001A,68f7478e27b76be0eb09857c,,,admission,2026,51,,0,1,2,2,www.tuadmissions.in.th/admissions#tab-pane-10
10050209214001A,A0062,,โครงการนักศึกษาผู้มีความสามารถดีเด่นทางการกีฬา,portfolio,2026,8,2,,1,2,2,www.tuadmissions.in.th/admissions#tab-pane-9
10050209214001A,A0062,,โครงการนักศึกษาผู้มีความสามารถดีเด่นทางการกีฬา,quota,2026,2,,,1,2,2,www.tuadmissions.in.th/admissions#tab-pane-30
10050209214001A,A6601,,โครงการรับนักเรียนผู้มีความสามารถดีเด่นด้านวิชาการ กลุ่ม สสวท.,portfolio,2026,7,3,0,1,2,2,www.tuadmissions.in.th/img/2025093010185240.pdf
10050209214001A,A6602,,โครงการรับนักเรียนผู้มีความสามารถดีเด่นด้านวิชาการ กลุ่ม สอวน. (ค่าย2),portfolio,2026,30,3,0,1,2,2,www.tuadmissions.in.th/img/2025093010185240.pdf
10050209214001A,B0061,,โครงการรับนักเรียนจากโรงเรียนสาธิตแห่งมหาวิทยาลัยธรรมศาสตร์,quota,2026,16,3,0,1,2,2,www.tuadmissions.in.th/admissions#tab-pane-30
10050209214001A,D0045,,โครงการธรรมศาสตร์ช้างเผือกพื้นที่กรุงเทพมหานคร,quota,2026,1,,,1,2,2,www.tuadmissions.in.th/admissions#tab-pane-30
10050209214001A,D0049,,โครงการรับนักเรียนพลเมืองจิตอาสา,quota,2026,10,,,1,1,1,www.tuadmissions.in.th/admissions#tab-pane-30
10050209214001A,D0051,,โครงการรับนักศึกษาพิการ,quota,2026,2,,,1,1,1,www.tuadmissions.in.th/admissions#tab-pane-30
10050209214001A,D0052,,โครงการธรรมศาสตร์ช้างเผือกพื้นที่ 51 จังหวัด,quota,2026,3,,,1,2,2,www.tuadmissions.in.th/admissions#tab-pane-30
10050209214001A,D0053,,โครงการนักเรียนสามจังหวัดชายแดนภาคใต้,quota,2026,9,,,1,2,2,www.tuadmissions.in.th/admissions#tab-pane-30
10050209214001A,D0054,,โครงการส่งเสริมนักเรียนเรียนดีภาคกลาง,quota,2026,8,,,1,2,2,www.tuadmissions.in.th/admissions#tab-pane-30
10050209220201A,68e37f2d2ef4c36c489aba50,,รอบ 1 แฟ้มสะสมผลงาน Portfolio,portfolio,2026,20,3,0,1,2,2,www.tuadmissions.in.th/admissions#tab-pane-9
10050209220201A,A0062,,โครงการนักศึกษาผู้มีความสามารถดีเด่นทางการกีฬา,portfolio,2026,8,2,,1,2,2,www.tuadmissions.in.th/admissions#tab-pane-9
10050209220201A,A0062,,โครงการนักศึกษาผู้มีความสามารถดีเด่นทางการกีฬา,quota,2026,2,,,1,2,2,www.tuadmissions.in.th/admissions#tab-pane-30
10050209220201A,A6601,,โครงการรับนักเรียนผู้มีความสามารถดีเด่นด้านวิชาการ กลุ่ม สสวท.,portfolio,2026,7,3,0,1,2,2,www.tuadmissions.in.th/img/2025093010185240.pdf
10050209220201A,A6602,,โครงการรับนักเรียนผู้มีความสามารถดีเด่นด้านวิชาการ กลุ่ม สอวน. (ค่าย2),portfolio,2026,15,3,0,1,2,2,www.tuadmissions.in.th/img/2025093010185240.pdf
10050209220201A,B0061,,โครงการรับนักเรียนจากโรงเรียนสาธิตแห่งมหาวิทยาลัยธรรมศาสตร์,quota,2026,16,3,0,1,2,2,www.tuadmissions.in.th/admissions#tab-pane-30
10050209220201A,D0045,,โครงการธรรมศาสตร์ช้างเผือกพื้นที่กรุงเทพมหานคร,quota,2026,1,,,1,2,2,www.tuadmissions.in.th/admissions#tab-pane-30
10050209220201A,D0049,,โครงการรับนักเรียนพลเมืองจิตอาสา,quota,2026,10,,,1,1,1,www.tuadmissions.in.th/admissions#tab-pane-30
10050209220201A,D0051,,โครงการรับนักศึกษาพิการ,quota,2026,2,,,1,1,1,www.tuadmissions.in.th/admissions#tab-pane-30
10050209220201A,D0052,,โครงการธรรมศาสตร์ช้างเผือกพื้นที่ 51 จังหวัด,quota,2026,5,,,1,2,2,www.tuadmissions.in.th/admissions#tab-pane-30
10050209220201A,D0053,,โครงการนักเรียนสามจังหวัดชายแดนภาคใต้,quota,2026,9,,,1,2,2,www.tuadmissions.in.th/admissions#tab-pane-30
10050209220201A,D0054,,โครงการส่งเสริมนักเรียนเรียนดีภาคกลาง,quota,2026,8,,,1,2,2,www.tuadmissions.in.th/admissions#tab-pane-30
10050209220201A,T3018,,ผู้สมัครกลุ่มพื้นฐานคณิตศาสตร์ภาษาต่างประเทศ,admission,2026,65,2.75,0,1,2,2,www.tuadmissions.in.th/admissions#tab-pane-10
10050209220201A,T3019,,ผู้สมัครกลุ่มพื้นฐานวิทยาศาสตร์คณิตศาสตร์,admission,2026,65,,0,1,2,2,www.tuadmissions.in.th/admissions#tab-pane-10
10050209220201B,68e37f2d2ef4c36c489aba68,,รอบ 1 แฟ้มสะสมผลงาน Portfolio,portfolio,2026,20,3,0,1,2,2,www.tuadmissions.in.th/admissions#tab-pane-9
10050209220201B,T3018,,ผู้สมัครกลุ่มพื้นฐานคณิตศาสตร์ภาษาต่างประเทศ,admission,2026,67,2.75,0,1,2,2,www.tuadmissions.in.th/admissions#tab-pane-10
10050209220201B,T3019,,ผู้สมัครกลุ่มพื้นฐานวิทยาศาสตร์คณิตศาสตร์,admission,2026,67,,0,1,2,2,www.tuadmissions.in.th/admissions#tab-pane-10
10050209220202B,68e37f2d2ef4c36c489aba6a,,รอบ 1 แฟ้มสะสมผลงาน Portfolio,portfolio,2026,10,3,0,1,2,2,www.tuadmissions.in.th/admissions#tab-pane-9
10050209220202B,T3018,,ผู้สมัครกลุ่มพื้นฐานคณิตศาสตร์ภาษาต่างประเทศ,admission,2026,50,2.75,0,1,2,2,www.tuadmissions.in.th/admissions#tab-pane-10
10050209220202B,T3019,,ผู้สมัครกลุ่มพื้นฐานวิทยาศาสตร์คณิตศาสตร์,admission,2026,50,,0,1,2,2,www.tuadmissions.in.th/admissions#tab-pane-10
10050209500401A,68e37f2d2ef4c36c489aba66,,รอบ 1 แฟ้มสะสมผลงาน Portfolio,portfolio,2026,15,3,0,1,2,2,www.tuadmissions.in.th/admissions#tab-pane-9
10050209500401A,68f7478e27b76be0eb098586,,,admission,2026,72,,0,1,2,2,www.tuadmissions.in.th/admissions#tab-pane-10
10050209500401A,A0062,,โครงการนักศึกษาผู้มีความสามารถดีเด่นทางการกีฬา,portfolio,2026,8,2,,1,2,2,www.tuadmissions.in.th/admissions#tab-pane-9
10050209500401A,A0062,,โครงการนักศึกษาผู้มีความสามารถดีเด่นทางการกีฬา,quota,2026,2,,,1,2,2,www.tuadmissions.in.th/admissions#tab-pane-30
10050209500401A,A6601,,โครงการรับนักเรียนผู้มีความสามารถดีเด่นด้านวิชาการ กลุ่ม สสวท.,portfolio,2026,7,3,0,1,2,2,www.tuadmissions.in.th/img/2025093010185240.pdf
10050209500401A,A6602,,โครงการรับนักเรียนผู้มีความสามารถดีเด่นด้านวิชาการ กลุ่ม สอวน. (ค่าย2),portfolio,2026,30,3,0,1,2,2,www.tuadmissions.in.th/img/2025093010185240.pdf
10050209500401A,B0061,,โครงการรับนักเรียนจากโรงเรียนสาธิตแห่งมหาวิทยาลัยธรรมศาสตร์,quota,2026,16,3,0,1,2,2,www.tuadmissions.in.th/admissions#tab-pane-30
10050209500401A,D0045,,โครงการธรรมศาสตร์ช้างเผือกพื้นที่กรุงเทพมหานคร,quota,2026,1,,,1,2,2,www.tuadmissions.in.th/admissions#tab-pane-30
10050209500401A,D0049,,โครงการรับนักเรียนพลเมืองจิตอาสา,quota,2026,10,,,1,1,1,www.tuadmissions.in.th/admissions#tab-pane-30
10050209500401A,D0052,,โครงการธรรมศาสตร์ช้างเผือกพื้นที่ 51 จังหวัด,quota,2026,4,,,1,2,2,www.tuadmissions.in.th/admissions#tab-pane-30
10050209500401A,D0053,,โครงการนักเรียนสามจังหวัดชายแดนภาคใต้,quota,2026,9,,,1,2,2,www.tuadmissions.in.th/admissions#tab-pane-30
10050209500401A,D0054,,โครงการส่งเสริมนักเรียนเรียนดีภาคกลาง,quota,2026,8,,,1,2,2,www.tuadmissions.in.th/admissions#tab-pane-30
10050210300003E,68f7478e27b76be0eb0985dc,,,admission,2026,80,,0,1,1,1,www.tuadmissions.in.th/admissions#tab-pane-10
10050210300003E,B0061,,โครงการรับนักเรียนจากโรงเรียนสาธิตแห่งมหาวิทยาลัยธรรมศาสตร์,quota,2026,2,3,,1,2,2,www.tuadmissions.in.th/admissions#tab-pane-30
10050210300003E,P0001,,Inter Port 1,portfolio,2026,120,,,1,1,1,www.tep.engr.tu.ac.th
10050210300003E,P0002,,Inter Port 2,quota,2026,30,,,1,1,1,www.tep.engr.tu.ac.th
10050210300501A,68e37f2d2ef4c36c489aba7e,,รอบ 1 แฟ้มสะสมผลงาน Portfolio,portfolio,2026,20,2.75,0,1,1,2,www.tuadmissions.in.th/admissions#tab-pane-9
10050210300501A,68f7478e27b76be0eb0985c8,,,admission,2026,40,,0,1,1,2,www.tuadmissions.in.th/admissions#tab-pane-10
10050210300501A,A0062,,โครงการนักศึกษาผู้มีความสามารถดีเด่นทางการกีฬา,portfolio,2026,4,2,,1,2,2,www.tuadmissions.in.th/admissions#tab-pane-9
10050210300501A,A0062,,โครงการนักศึกษาผู้มีความสามารถดีเด่นทางการกีฬา,quota,2026,2,,,1,2,2,www.tuadmissions.in.th/admissions#tab-pane-30
10050210300501A,A6601,,โครงการรับนักเรียนผู้มีความสามารถดีเด่นด้านวิชาการ กลุ่ม สสวท.,portfolio,2026,4,3,0,1,2,2,www.tuadmissions.in.th/img/2025093010185240.pdf
10050210300501A,B0061,,โครงการรับนักเรียนจากโรงเรียนสาธิตแห่งมหาวิทยาลัยธรรมศาสตร์,quota,2026,1,3,0,1,2,2,www.tuadmissions.in.th/admissions#tab-pane-30
10050210300501A,D0045,,โครงการธรรมศาสตร์ช้างเผือกพื้นที่กรุงเทพมหานคร,quota,2026,1,,,1,2,2,www.tuadmissions.in.th/admissions#tab-pane-30
10050210300501A,D0049,,โครงการรับนักเรียนพลเมืองจิตอาสา,quota,2026,1,,,1,1,1,www.tuadmissions.in.th/admissions#tab-pane-30
10050210300501A,D0051,,โครงการรับนักศึกษาพิการ,quota,2026,3,,,1,1,1,www.tuadmissions.in.th/admissions#tab-pane-30
10050210300501A,D0052,,โครงการธรรมศาสตร์ช้างเผือกพื้นที่ 51 จังหวัด,quota,2026,2,,,1,2,2,www.tuadmissions.in.th/admissions#tab-pane-30
10050210300501A,D0053,,โครงการนักเรียนสามจังหวัดชายแดนภาคใต้,quota,2026,9,,,1,2,2,www.tuadmissions.in.th/admissions#tab-pane-30
10050210300501A,D0054,,โครงการส่งเสริมนักเรียนเรียนดีภาคกลาง,quota,2026,4,,,1,2,2,www.tuadmissions.in.th/admissions#tab-pane-30
10050210300601A,68e37f2d2ef4c36c489aba80,,รอบ 1 แฟ้มสะสมผลงาน Portfolio,portfolio,2026,30,2.75,0,1,1,2,www.tuadmissions.in.th/admissions#tab-pane-9
10050210300601A,68f7478e27b76be0eb0985ca,,,admission,2026,70,,0,1,1,2,www.tuadmissions.in.th/admissions#tab-pane-10
10050210300601A,A0062,,โครงการนักศึกษาผู้มีความสามารถดีเด่นทางการกีฬา,portfolio,2026,4,2,,1,2,2,www.tuadmissions.in.th/admissions#tab-pane-9
10050210300601A,A0062,,โครงการนักศึกษาผู้มีความสามารถดีเด่นทางการกีฬา,quota,2026,2,,,1,2,2,www.tuadmissions.in.th/admissions#tab-pane-30
10050210300601A,A6601,,โครงการรับนักเรียนผู้มีความสามารถดีเด่นด้านวิชาการ กลุ่ม สสวท.,portfolio,2026,4,3,0,1,2,2,www.tuadmissions.in.th/img/2025093010185240.pdf
10050210300601A,B0061,,โครงการรับนักเรียนจากโรงเรียนสาธิตแห่งมหาวิทยาลัยธรรมศาสตร์,quota,2026,1,3,0,1,2,2,www.tuadmissions.in.th/admissions#tab-pane-30
10050210300601A,D0045,,โครงการธรรมศาสตร์ช้างเผือกพื้นที่กรุงเทพมหานคร,quota,2026,1,,,1,2,2,www.tuadmissions.in.th/admissions#tab-pane-30
10050210300601A,D0049,,โครงการรับนักเรียนพลเมืองจิตอาสา,quota,2026,1,,,1,1,1,www.tuadmissions.in.th/admissions#tab-pane-30
10050210300601A,D0052,,โครงการธรรมศาสตร์ช้างเผือกพื้นที่ 51 จังหวัด,quota,2026,4,,,1,2,2,www.tuadmissions.in.th/admissions#tab-pane-30
10050210300601A,D0053,,โครงการนักเรียนสามจังหวัดชายแดนภาคใต้,quota,2026,9,,,1,2,2,www.tuadmissions.in.th/admissions#tab-pane-30
10050210300601A,D0054,,โครงการส่งเสริมนักเรียนเรียนดีภาคกลาง,quota,2026,4,,,1,2,2,www.tuadmissions.in.th/admissions#tab-pane-30
10050210300701A,68e37f2d2ef4c36c489aba82,,รอบ 1 แฟ้มสะสมผลงาน Portfolio,portfolio,2026,30,2.75,0,1,1,2,www.tuadmissions.in.th/admissions#tab-pane-9
10050210300701A,68f7478e27b76be0eb0985cc,,,admission,2026,45,,0,1,1,2,www.tuadmissions.in.th/admissions#tab-pane-10
10050210300701A,A0062,,โครงการนักศึกษาผู้มีความสามารถดีเด่นทางการกีฬา,portfolio,2026,4,2,,1,2,2,www.tuadmissions.in.th/admissions#tab-pane-9
10050210300701A,A0062,,โครงการนักศึกษาผู้มีความสามารถดีเด่นทางการกีฬา,quota,2026,2,,,1,2,2,www.tuadmissions.in.th/admissions#tab-pane-30
10050210300701A,A6601,,โครงการรับนักเรียนผู้มีความสามารถดีเด่นด้านวิชาการ กลุ่ม สสวท.,portfolio,2026,4,3,0,1,2,2,www.tuadmissions.in.th/img/2025093010185240.pdf
10050210300701A,B0061,,โครงการรับนักเรียนจากโรงเรียนสาธิตแห่งมหาวิทยาลัยธรรมศาสตร์,quota,2026,1,3,0,1,2,2,www.tuadmissions.in.th/admissions#tab-pane-30
10050210300701A,D0045,,โครงการธรรมศาสตร์ช้างเผือกพื้นที่กรุงเทพมหานคร,quota,2026,1,,,1,2,2,www.tuadmissions.in.th/admissions#tab-pane-30
10050210300701A,D0049,,โครงการรับนักเรียนพลเมืองจิตอาสา,quota,2026,1,,,1,1,1,www.tuadmissions.in.th/admissions#tab-pane-30
10050210300701A,D0052,,โครงการธรรมศาสตร์ช้างเผือกพื้นที่ 51 จังหวัด,quota,2026,4,,,1,2,2,www.tuadmissions.in.th/admissions#tab-pane-30
10050210300701A,D0053,,โครงการนักเรียนสามจังหวัดชายแดนภาคใต้,quota,2026,9,,,1,2,2,www.tuadmissions.in.th/admissions#tab-pane-30
10050210300701A,D0054,,โครงการส่งเสริมนักเรียนเรียนดีภาคกลาง,quota,2026,4,,,1,2,2,www.tuadmissions.in.th/admissions#tab-pane-30
10050210301001B,68e37f2d2ef4c36c489aba8a,,รอบ 1 แฟ้มสะสมผลงาน Portfolio,portfolio,2026,35,2.75,0,1,1,1,www.tuadmissions.in.th/admissions#tab-pane-9
10050210301001B,68f7478e27b76be0eb0985d4,,,admission,2026,27,,0,1,1,1,www.tuadmissions.in.th/admissions#tab-pane-10
10050210301001B,B0060,,โครงการโควตาพื้นที่คณะวิศวกรรมศาสตร์ หลักสูตรวิศวกรรมศาสตรบัณฑิต,quota,2026,10,2.75,0,1,1,1,www.tuadmissions.in.th
10050210301001B,B0061,,โครงการรับนักเรียนจากโรงเรียนสาธิตแห่งมหาวิทยาลัยธรรมศาสตร์,quota,2026,1,3,,1,2,2,www.tuadmissions.in.th/admissions#tab-pane-30
10050210301601A,68e37f2d2ef4c36c489aba84,,รอบ 1 แฟ้มสะสมผลงาน Portfolio,portfolio,2026,30,2.75,0,1,1,2,www.tuadmissions.in.th/admissions#tab-pane-9
10050210301601A,68f7478e27b76be0eb0985ce,,,admission,2026,55,,0,1,1,2,www.tuadmissions.in.th/admissions#tab-pane-10
10050210301601A,A0062,,โครงการนักศึกษาผู้มีความสามารถดีเด่นทางการกีฬา,portfolio,2026,4,2,,1,2,2,www.tuadmissions.in.th/admissions#tab-pane-9
10050210301601A,A0062,,โครงการนักศึกษาผู้มีความสามารถดีเด่นทางการกีฬา,quota,2026,2,,,1,2,2,www.tuadmissions.in.th/admissions#tab-pane-30
10050210301601A,A6601,,โครงการรับนักเรียนผู้มีความสามารถดีเด่นด้านวิชาการ กลุ่ม สสวท.,portfolio,2026,4,3,0,1,2,2,www.tuadmissions.in.th/img/2025093010185240.pdf
10050210301601A,B0061,,โครงการรับนักเรียนจากโรงเรียนสาธิตแห่งมหาวิทยาลัยธรรมศาสตร์,quota,2026,1,3,0,1,2,2,www.tuadmissions.in.th/admissions#tab-pane-30
10050210301601A,D0045,,โครงการธรรมศาสตร์ช้างเผือกพื้นที่กรุงเทพมหานคร,quota,2026,1,,,1,2,2,www.tuadmissions.in.th/admissions#tab-pane-30
10050210301601A,D0049,,โครงการรับนักเรียนพลเมืองจิตอาสา,quota,2026,1,,,1,1,1,www.tuadmissions.in.th/admissions#tab-pane-30
10050210301601A,D0052,,โครงการธรรมศาสตร์ช้างเผือกพื้นที่ 51 จังหวัด,quota,2026,4,,,1,2,2,www.tuadmissions.in.th/admissions#tab-pane-30
10050210301601A,D0053,,โครงการนักเรียนสามจังหวัดชายแดนภาคใต้,quota,2026,9,,,1,2,2,www.tuadmissions.in.th/admissions#tab-pane-30
10050210301601A,D0054,,โครงการส่งเสริมนักเรียนเรียนดีภาคกลาง,quota,2026,4,,,1,2,2,www.tuadmissions.in.th/admissions#tab-pane-30
10050210301601B,68e37f2d2ef4c36c489aba8c,,รอบ 1 แฟ้มสะสมผลงาน Portfolio,portfolio,2026,35,2.75,0,1,1,1,www.tuadmissions.in.th/admissions#tab-pane-9
10050210301601B,68f7478e27b76be0eb0985d6,,,admission,2026,40,,0,1,1,1,www.tuadmissions.in.th/admissions#tab-pane-10
10050210301601B,B0060,,โครงการโควตาพื้นที่คณะวิศวกรรมศาสตร์ หลักสูตรวิศวกรรมศาสตรบัณฑิต,quota,2026,10,2.75,0,1,1,1,www.tuadmissions.in.th
10050210301601B,B0061,,โครงการรับนักเรียนจากโรงเรียนสาธิตแห่งมหาวิทยาลัยธรรมศาสตร์,quota,2026,1,3,,1,2,2,www.tuadmissions.in.th/admissions#tab-pane-30
10050210302101A,68e37f2d2ef4c36c489aba86,,รอบ 1 แฟ้มสะสมผลงาน Portfolio,portfolio,2026,30,2.75,0,1,1,2,www.tuadmissions.in.th/admissions#tab-pane-9
10050210302101A,68f7478e27b76be0eb0985d0,,,admission,2026,50,,0,1,1,2,www.tuadmissions.in.th/admissions#tab-pane-10
10050210302101A,A0062,,โครงการนักศึกษาผู้มีความสามารถดีเด่นทางการกีฬา,portfolio,2026,4,2,,1,2,2,www.tuadmissions.in.th/admissions#tab-pane-9
10050210302101A,A0062,,โครงการนักศึกษาผู้มีความสามารถดีเด่นทางการกีฬา,quota,2026,2,,,1,2,2,www.tuadmissions.in.th/admissions#tab-pane-30
10050210302101A,A6601,,โครงการรับนักเรียนผู้มีความสามารถดีเด่นด้านวิชาการ กลุ่ม สสวท.,portfolio,2026,4,3,0,1,2,2,www.tuadmissions.in.th/img/2025093010185240.pdf
10050210302101A,B0061,,โครงการรับนักเรียนจากโรงเรียนสาธิตแห่งมหาวิทยาลัยธรรมศาสตร์,quota,2026,1,3,0,1,2,2,www.tuadmissions.in.th/admissions#tab-pane-30
10050210302101A,D0045,,โครงการธรรมศาสตร์ช้างเผือกพื้นที่กรุงเทพมหานคร,quota,2026,1,,,1,2,2,www.tuadmissions.in.th/admissions#tab-pane-30
10050210302101A,D0049,,โครงการรับนักเรียนพลเมืองจิตอาสา,quota,2026,1,,,1,1,1,www.tuadmissions.in.th/admissions#tab-pane-30
10050210302101A,D0052,,โครงการธรรมศาสตร์ช้างเผือกพื้นที่ 51 จังหวัด,quota,2026,5,,,1,2,2,www.tuadmissions.in.th/admissions#tab-pane-30
10050210302101A,D0053,,โครงการนักเรียนสามจังหวัดชายแดนภาคใต้,quota,2026,9,,,1,2,2,www.tuadmissions.in.th/admissions#tab-pane-30
10050210302101A,D0054,,โครงการส่งเสริมนักเรียนเรียนดีภาคกลาง,quota,2026,4,,,1,2,2,www.tuadmissions.in.th/admissions#tab-pane-30
10050210302101B,68e37f2d2ef4c36c489aba8e,,รอบ 1 แฟ้มสะสมผลงาน Portfolio,portfolio,2026,35,2.75,0,1,1,1,www.tuadmissions.in.th/admissions#tab-pane-9
10050210302101B,68f7478e27b76be0eb0985d8,,,admission,2026,40,,0,1,1,1,www.tuadmissions.in.th/admissions#tab-pane-10
10050210302101B,B0060,,โครงการโควตาพื้นที่คณะวิศวกรรมศาสตร์ หลักสูตรวิศวกรรมศาสตรบัณฑิต,quota,2026,10,2.75,0,1,1,1,www.tuadmissions.in.th
10050210302101B,B0061,,โครงการรับนักเรียนจากโรงเรียนสาธิตแห่งมหาวิทยาลัยธรรมศาสตร์,quota,2026,1,3,,1,2,2,www.tuadmissions.in.th/admissions#tab-pane-30
10050210303501A,68e37f2d2ef4c36c489aba88,,รอบ 1 แฟ้มสะสมผลงาน Portfolio,portfolio,2026,30,2.75,0,1,1,2,www.tuadmissions.in.th/admissions#tab-pane-9
10050210303501A,68f7478e27b76be0eb0985d2,,,admission,2026,50,,0,1,1,2,www.tuadmissions.in.th/admissions#tab-pane-10
10050210303501A,A0062,,โครงการนักศึกษาผู้มีความสามารถดีเด่นทางการกีฬา,portfolio,2026,4,2,,1,2,2,www.tuadmissions.in.th/admissions#tab-pane-9
10050210303501A,A0062,,โครงการนักศึกษาผู้มีความสามารถดีเด่นทางการกีฬา,quota,2026,2,,,1,2,2,www.tuadmissions.in.th/admissions#tab-pane-30
10050210303501A,A6601,,โครงการรับนักเรียนผู้มีความสามารถดีเด่นด้านวิชาการ กลุ่ม สสวท.,portfolio,2026,4,3,0,1,2,2,www.tuadmissions.in.th/img/2025093010185240.pdf
10050210303501A,B0061,,โครงการรับนักเรียนจากโรงเรียนสาธิตแห่งมหาวิทยาลัยธรรมศาสตร์,quota,2026,1,3,0,1,2,2,www.tuadmissions.in.th/admissions#tab-pane-30
10050210303501A,D0045,,โครงการธรรมศาสตร์ช้างเผือกพื้นที่กรุงเทพมหานคร,quota,2026,1,,,1,2,2,www.tuadmissions.in.th/admissions#tab-pane-30
10050210303501A,D0049,,โครงการรับนักเรียนพลเมืองจิตอาสา,quota,2026,1,,,1,1,1,www.tuadmissions.in.th/admissions#tab-pane-30
10050210303501A,D0052,,โครงการธรรมศาสตร์ช้างเผือกพื้นที่ 51 จังหวัด,quota,2026,4,,,1,2,2,www.tuadmissions.in.th/admissions#tab-pane-30
10050210303501A,D0053,,โครงการนักเรียนสามจังหวัดชายแดนภาคใต้,quota,2026,9,,,1,2,2,www.tuadmissions.in.th/admissions#tab-pane-30
10050210303501A,D0054,,โครงการส่งเสริมนักเรียนเรียนดีภาคกลาง,quota,2026,4,,,1,2,2,www.tuadmissions.in.th/admissions#tab-pane-30
10050211100101A,68e37f2d2ef4c36c489aba92,,รอบ 1 แฟ้มสะสมผลงาน Portfolio,portfolio,2026,10,3,,1,1,2,www.tuadmissions.in.th/admissions#tab-pane-9
10050211100101A,B0061,,โครงการรับนักเรียนจากโรงเรียนสาธิตแห่งมหาวิทยาลัยธรรมศาสตร์,quota,2026,4,3,,1,2,2,www.tuadmissions.in.th/admissions#tab-pane-30
10050211100101A,D1059,,โครงการผลิตแพทย์เพื่อชาวชนบทศูนย์แพทยศาสตรศึกษาชั้นคลินิกรพ.พุทธโสธร,quota,2026,28,,,1,1,2,www.tuadmissions.in.th
10050211100101A,D2059,,โครงการผลิตแพทย์เพื่อชาวชนบทศูนย์แพทยศาสตรศึกษาชั้นคลินิกรพ.ชุมพรเขตรอุดมศักดิ์,quota,2026,15,,,1,1,2,www.tuadmissions.in.th
10050211100101A,D3059,,โครงการผลิตแพทย์เพื่อชาวชนบทศูนย์แพทยศาสตรศึกษาชั้นคลินิกรพ.สุราษฎร์ธานี,quota,2026,30,,,1,1,2,www.tuadmissions.in.th
10050211100101A,D4059,,โครงการผลิตแพทย์เพื่อชาวชนบทศูนย์แพทยศาสตรศึกษาชั้นคลินิกรพ.สระบุรี,quota,2026,32,,,1,1,2,www.tuadmissions.in.th
10050211100101A,D5059,,โครงการผลิตแพทย์เพื่อชาวชนบทศูนย์แพทยศาสตรศึกษาชั้นคลินิกรพ.พระนครศรีอยุธยา,quota,2026,20,,,1,1,2,www.tuadmissions.in.th
10050211100101D,68f7478927b76be0eb098082,,,portfolio,2026,30,,,1,1,2,www.cicm.tu.ac.th
10050211100101D,68f7478927b76be0eb098086,,,quota,2026,1,,,1,1,2,www.cicm.tu.ac.th
10050211110801A,68f7478c27b76be0eb0982e7,,,quota,2026,14,,,1,1,2,www.tuadmissions.in.th/admissions#tab-pane-30
10050211110801A,68f7478e27b76be0eb0985de,,,admission,2026,25,,0,1,2,2,www.tuadmissions.in.th/admissions#tab-pane-10
10050211110801A,B0061,,โครงการรับนักเรียนจากโรงเรียนสาธิตแห่งมหาวิทยาลัยธรรมศาสตร์,quota,2026,1,3,0,1,2,2,www.tuadmissions.in.th/admissions#tab-pane-30
10050211110801A,D0049,,โครงการรับนักเรียนพลเมืองจิตอาสา,quota,2026,5,,,1,1,1,www.tuadmissions.in.th/admissions#tab-pane-30
10050211110801A,D0054,,โครงการส่งเสริมนักเรียนเรียนดีภาคกลาง,quota,2026,1,,,1,2,2,www.tuadmissions.in.th/admissions#tab-pane-30
10050212110101A,68f7478c27b76be0eb0982eb,,,quota,2026,10,,,1,2,2,www.tuadmissions.in.th/admissions#tab-pane-30
10050212110101A,68f7478e27b76be0eb0985e2,,,admission,2026,65,3,0,1,2,2,www.tuadmissions.in.th/admissions#tab-pane-10
10050212110101A,A6601,,โครงการรับนักเรียนผู้มีความสามารถดีเด่นด้านวิชาการ กลุ่ม สสวท.,portfolio,2026,1,3,0,1,2,2,www.tuadmissions.in.th/img/2025093010185240.pdf
10050212110101A,B0061,,โครงการรับนักเรียนจากโรงเรียนสาธิตแห่งมหาวิทยาลัยธรรมศาสตร์,quota,2026,2,3,,1,2,2,www.tuadmissions.in.th/admissions#tab-pane-30
10050212111301A,68e37f2d2ef4c36c489aba94,,รอบ 1 แฟ้มสะสมผลงาน Portfolio,portfolio,2026,20,3,0,1,2,2,www.tuadmissions.in.th/admissions#tab-pane-9
10050212111301A,68f7478c27b76be0eb0982ed,,,quota,2026,20,,,1,2,2,www.tuadmissions.in.th/admissions#tab-pane-30
10050212111301A,68f7478e27b76be0eb0985e4,,,admission,2026,60,3,0,1,2,2,www.tuadmissions.in.th/admissions#tab-pane-10
10050212111301A,A6601,,โครงการรับนักเรียนผู้มีความสามารถดีเด่นด้านวิชาการ กลุ่ม สสวท.,portfolio,2026,1,3,0,1,2,2,www.tuadmissions.in.th/img/2025093010185240.pdf
10050212111301A,B0061,,โครงการรับนักเรียนจากโรงเรียนสาธิตแห่งมหาวิทยาลัยธรรมศาสตร์,quota,2026,2,3,0,1,2,2,www.tuadmissions.in.th/admissions#tab-pane-30
10050212111301A,D0045,,โครงการธรรมศาสตร์ช้างเผือกพื้นที่กรุงเทพมหานคร,quota,2026,1,,,1,2,2,www.tuadmissions.in.th/admissions#tab-pane-30
10050212111301A,D0052,,โครงการธรรมศาสตร์ช้างเผือกพื้นที่ 51 จังหวัด,quota,2026,5,,,1,2,2,www.tuadmissions.in.th/admissions#tab-pane-30
10050212111301A,D0053,,โครงการนักเรียนสามจังหวัดชายแดนภาคใต้,quota,2026,9,,,1,2,2,www.tuadmissions.in.th/admissions#tab-pane-30
10050212111301A,D0054,,โครงการส่งเสริมนักเรียนเรียนดีภาคกลาง,quota,2026,1,,,1,2,2,www.tuadmissions.in.th/admissions#tab-pane-30
10050212111901B,68f7478c27b76be0eb0982e9,,,quota,2026,6,,,1,2,2,www.tuadmissions.in.th/admissions#tab-pane-30
10050212111901B,68f7478e27b76be0eb0985e6,,,admission,2026,45,3.25,0,1,2,2,www.tuadmissions.in.th/admissions#tab-pane-10
10050212112001A,68e37f2d2ef4c36c489aba96,,รอบ 1 แฟ้มสะสมผลงาน Portfolio,portfolio,2026,20,2.5,0,1,2,2,www.tuadmissions.in.th/admissions#tab-pane-9
10050212112001A,68f7478e27b76be0eb0985e8,,,admission,2026,35,2.75,0,1,2,2,www.tuadmissions.in.th/admissions#tab-pane-10
10050212112001A,A0062,,โครงการนักศึกษาผู้มีความสามารถดีเด่นทางการกีฬา,quota,2026,2,,,1,2,2,www.tuadmissions.in.th/admissions#tab-pane-30
10050212112001A,B0061,,โครงการรับนักเรียนจากโรงเรียนสาธิตแห่งมหาวิทยาลัยธรรมศาสตร์,quota,2026,1,3,0,1,2,2,www.tuadmissions.in.th/admissions#tab-pane-30
10050212112001B,68e37f2d2ef4c36c489aba98,,รอบ 1 แฟ้มสะสมผลงาน Portfolio,portfolio,2026,150,2,0,1,1,1,www.tuadmissions.in.th/admissions#tab-pane-9
10050212112001B,68f7478e27b76be0eb0985ea,,,admission,2026,75,2.5,0,1,1,1,www.tuadmissions.in.th/admissions#tab-pane-10
10050212112001B,A0062,,โครงการนักศึกษาผู้มีความสามารถดีเด่นทางการกีฬา,quota,2026,8,,,1,1,1,www.tuadmissions.in.th/admissions#tab-pane-30
10050212112001B,D0051,,โครงการรับนักศึกษาพิการ,quota,2026,1,,,1,1,1,www.tuadmissions.in.th/admissions#tab-pane-30
10050212112002B,68e37f2d2ef4c36c489aba9a,,รอบ 1 แฟ้มสะสมผลงาน Portfolio,portfolio,2026,70,2.5,0,1,1,1,www.tuadmissions.in.th/admissions#tab-pane-9
10050212112002B,68f7478e27b76be0eb0985ec,,,admission,2026,120,2.5,0,1,2,2,www.tuadmissions.in.th/admissions#tab-pane-10
10050212112002B,A0062,,โครงการนักศึกษาผู้มีความสามารถดีเด่นทางการกีฬา,quota,2026,5,,,1,1,1,www.tuadmissions.in.th/admissions#tab-pane-30
10050212112002B,D0051,,โครงการรับนักศึกษาพิการ,quota,2026,1,,,1,1,1,www.tuadmissions.in.th/admissions#tab-pane-30
10050213120101A,A6601,,โครงการรับนักเรียนผู้มีความสามารถดีเด่นด้านวิชาการ กลุ่ม สสวท.,portfolio,2026,1,3,0,1,2,2,www.tuadmissions.in.th/img/2025093010185240.pdf
10050213120101A,B0061,,โครงการรับนักเรียนจากโรงเรียนสาธิตแห่งมหาวิทยาลัยธรรมศาสตร์,quota,2026,1,3,,1,2,2,www.tuadmissions.in.th/admissions#tab-pane-30
10050213120101C,68f7478927b76be0eb098084,,,portfolio,2026,19,,,1,1,2,www.cicm.tu.ac.th
10050213120101C,68f7478927b76be0eb098088,,,quota,2026,1,,,1,1,2,www.cicm.tu.ac.th
10050214111701A,68e37f2d2ef4c36c489aba9c,,รอบ 1 แฟ้มสะสมผลงาน Portfolio,portfolio,2026,40,3,0,1,2,2,www.tuadmissions.in.th/admissions#tab-pane-9
10050214111701A,68f7478e27b76be0eb0985ee,,,admission,2026,85,3,0,1,2,2,www.tuadmissions.in.th/admissions#tab-pane-10
10050214111701A,A0062,,โครงการนักศึกษาผู้มีความสามารถดีเด่นทางการกีฬา,quota,2026,2,,,1,2,2,www.tuadmissions.in.th/admissions#tab-pane-30
10050214111701A,A6601,,โครงการรับนักเรียนผู้มีความสามารถดีเด่นด้านวิชาการ กลุ่ม สสวท.,portfolio,2026,1,3,0,1,2,2,www.tuadmissions.in.th/img/2025093010185240.pdf
10050214111701A,B0061,,โครงการรับนักเรียนจากโรงเรียนสาธิตแห่งมหาวิทยาลัยธรรมศาสตร์,quota,2026,2,3,,1,2,2,www.tuadmissions.in.th/admissions#tab-pane-30
10050214111701A,D0045,,โครงการธรรมศาสตร์ช้างเผือกพื้นที่กรุงเทพมหานคร,quota,2026,1,,,1,2,2,www.tuadmissions.in.th/admissions#tab-pane-30
10050214111701A,D0049,,โครงการรับนักเรียนพลเมืองจิตอาสา,quota,2026,2,,,1,1,1,www.tuadmissions.in.th/admissions#tab-pane-30
10050214111701A,D0052,,โครงการธรรมศาสตร์ช้างเผือกพื้นที่ 51 จังหวัด,quota,2026,7,,,1,2,2,www.tuadmissions.in.th/admissions#tab-pane-30
10050214111701A,D0053,,โครงการนักเรียนสามจังหวัดชายแดนภาคใต้,quota,2026,9,,,1,2,2,www.tuadmissions.in.th/admissions#tab-pane-30
10050214111701A,D0054,,โครงการส่งเสริมนักเรียนเรียนดีภาคกลาง,quota,2026,1,,,1,2,2,www.tuadmissions.in.th/admissions#tab-pane-30
10050214111701A,D0055,,โครงการจัดส่งนักศึกษาจังหวัดชายแดนภาคใต้,quota,2026,1,,,1,2,2,
10050215800101A,68e37f2d2ef4c36c489aba9e,A,รอบ 1 แฟ้มสะสมผลงาน Portfolio,portfolio,2026,10,3,0,1,1,1,www.tuadmissions.in.th/admissions#tab-pane-9
10050215800101A,68e37f2d2ef4c36c489abaa0,B,รอบ 1 แฟ้มสะสมผลงาน Portfolio,portfolio,2026,20,3,0,1,1,1,www.tuadmissions.in.th/admissions#tab-pane-9
10050215800101A,A0062,A,โครงการนักศึกษาผู้มีความสามารถดีเด่นทางการกีฬา,quota,2026,2,,,1,1,1,www.tuadmissions.in.th/admissions#tab-pane-30
10050215800101A,A0062,B,โครงการนักศึกษาผู้มีความสามารถดีเด่นทางการกีฬา,quota,2026,2,,,1,1,1,www.tuadmissions.in.th/admissions#tab-pane-30
10050215800101A,B0061,A,โครงการรับนักเรียนจากโรงเรียนสาธิตแห่งมหาวิทยาลัยธรรมศาสตร์,quota,2026,1,3,0,1,2,2,www.tuadmissions.in.th/admissions#tab-pane-30
10050215800101A,B0061,B,โครงการรับนักเรียนจากโรงเรียนสาธิตแห่งมหาวิทยาลัยธรรมศาสตร์,quota,2026,1,3,0,1,2,2,www.tuadmissions.in.th/admissions#tab-pane-30
10050215800101A,D0045,A,โครงการธรรมศาสตร์ช้างเผือกพื้นที่กรุงเทพมหานคร,quota,2026,1,,,1,2,2,www.tuadmissions.in.th/admissions#tab-pane-30
10050215800101A,D0045,B,โครงการธรรมศาสตร์ช้างเผือกพื้นที่กรุงเทพมหานคร,quota,2026,1,,,1,2,2,www.tuadmissions.in.th/admissions#tab-pane-30
10050215800101A,D0051,A,โครงการรับนักศึกษาพิการ,quota,2026,1,,,1,1,1,www.tuadmissions.in.th/admissions#tab-pane-30
10050215800101A,D0051,B,โครงการรับนักศึกษาพิการ,quota,2026,1,,,1,1,1,www.tuadmissions.in.th/admissions#tab-pane-30
10050215800101A,D0052,A,โครงการธรรมศาสตร์ช้างเผือกพื้นที่ 51 จังหวัด,quota,2026,3,,,1,2,2,www.tuadmissions.in.th/admissions#tab-pane-30
10050215800101A,D0052,B,โครงการธรรมศาสตร์ช้างเผือกพื้นที่ 51 จังหวัด,quota,2026,3,,,1,2,2,www.tuadmissions.in.th/admissions#tab-pane-30
10050215800101A,D0053,A,โครงการนักเรียนสามจังหวัดชายแดนภาคใต้,quota,2026,9,,,1,2,2,www.tuadmissions.in.th/admissions#tab-pane-30
10050215800101A,D0053,B,โครงการนักเรียนสามจังหวัดชายแดนภาคใต้,quota,2026,9,,,1,2,2,www.tuadmissions.in.th/admissions#tab-pane-30
10050215800101A,D0054,A,โครงการส่งเสริมนักเรียนเรียนดีภาคกลาง,quota,2026,1,,,1,2,2,www.tuadmissions.in.th/admissions#tab-pane-30
10050215800101A,D0054,B,โครงการส่งเสริมนักเรียนเรียนดีภาคกลาง,quota,2026,1,,,1,2,2,www.tuadmissions.in.th/admissions#tab-pane-30
10050215800101A,T3011,A,เกณฑ์คัดเลือกรูปแบบ TGAT+TPAT+A-Level,admission,2026,30,,0,1,1,1,www.tuadmissions.in.th/admissions#tab-pane-10
10050215800101A,T3011,B,เกณฑ์คัดเลือกรูปแบบ TGAT+TPAT+A-Level,admission,2026,5,2.5,0,1,1,1,www.tuadmissions.in.th/admissions#tab-pane-10
10050215800101A,T3012,A,เกณฑ์คัดเลือกรูปแบบ TGAT+วิชาเฉพาะ มธ.,admission,2026,10,2.5,0,1,1,1,www.tuadmissions.in.th/admissions#tab-pane-10
10050215800101A,T3012,B,เกณฑ์คัดเลือกรูปแบบ TGAT+วิชาเฉพาะ มธ.,admission,2026,17,2.5,0,1,1,1,www.tuadmissions.in.th/admissions#tab-pane-10
10050215800401A,68e37f2d2ef4c36c489abaa2,,รอบ 1 แฟ้มสะสมผลงาน Portfolio,portfolio,2026,40,2.75,0,1,1,2,www.tuadmissions.in.th/admissions#tab-pane-9
10050215800401A,A0062,,โครงการนักศึกษาผู้มีความสามารถดีเด่นทางการกีฬา,quota,2026,2,,,1,1,1,www.tuadmissions.in.th/admissions#tab-pane-30
10050215800401A,B0061,,โครงการรับนักเรียนจากโรงเรียนสาธิตแห่งมหาวิทยาลัยธรรมศาสตร์,quota,2026,1,3,0,1,2,2,www.tuadmissions.in.th/admissions#tab-pane-30
10050215800401A,D0045,,โครงการธรรมศาสตร์ช้างเผือกพื้นที่กรุงเทพมหานคร,quota,2026,1,,,1,2,2,www.tuadmissions.in.th/admissions#tab-pane-30
10050215800401A,D0049,,โครงการรับนักเรียนพลเมืองจิตอาสา,quota,2026,3,,,1,1,1,www.tuadmissions.in.th/admissions#tab-pane-30
10050215800401A,D0052,,โครงการธรรมศาสตร์ช้างเผือกพื้นที่ 51 จังหวัด,quota,2026,2,,,1,2,2,www.tuadmissions.in.th/admissions#tab-pane-30
10050215800401A,D0053,,โครงการนักเรียนสามจังหวัดชายแดนภาคใต้,quota,2026,9,,,1,2,2,www.tuadmissions.in.th/admissions#tab-pane-30
10050215800401A,D0054,,โครงการส่งเสริมนักเรียนเรียนดีภาคกลาง,quota,2026,1,,,1,2,2,www.tuadmissions.in.th/admissions#tab-pane-30
10050215800501B,68e37f2d2ef4c36c489abaa6,,รอบ 1 แฟ้มสะสมผลงาน Portfolio,portfolio,2026,50,2.75,0,1,1,1,www.tuadmissions.in.th/admissions#tab-pane-9
10050215800501B,68f7478e27b76be0eb0985fa,,,admission,2026,42,,0,1,1,2,www.tuadmissions.in.th/admissions#tab-pane-10
10050216400301B,68e37f2d2ef4c36c489abaae,,รอบ 1 แฟ้มสะสมผลงาน Portfolio,portfolio,2026,20,2.75,0,1,1,2,www.tuadmissions.in.th/admissions#tab-pane-9
10050216400301B,68f7478c27b76be0eb0982f5,,,quota,2026,9,,,1,2,2,www.tuadmissions.in.th/admissions#tab-pane-30
10050216400301B,68f7478e27b76be0eb098608,,,admission,2026,26,2.75,0,1,1,1,www.tuadmissions.in.th/admissions#tab-pane-10
10050216400301B,A0062,,โครงการนักศึกษาผู้มีความสามารถดีเด่นทางการกีฬา,quota,2026,2,,,1,2,2,www.tuadmissions.in.th/admissions#tab-pane-30
10050216400301B,A6601,,โครงการรับนักเรียนผู้มีความสามารถดีเด่นด้านวิชาการ กลุ่ม สสวท.,portfolio,2026,1,3,0,1,2,2,www.tuadmissions.in.th/img/2025093010185240.pdf
10050216400301B,B0061,,โครงการรับนักเรียนจากโรงเรียนสาธิตแห่งมหาวิทยาลัยธรรมศาสตร์,quota,2026,5,3,0,1,2,2,www.tuadmissions.in.th/admissions#tab-pane-30
10050216400301B,D0049,,โครงการรับนักเรียนพลเมืองจิตอาสา,quota,2026,3,,,1,1,1,www.tuadmissions.in.th/admissions#tab-pane-30
10050216400401B,68e37f2d2ef4c36c489abaac,,รอบ 1 แฟ้มสะสมผลงาน Portfolio,portfolio,2026,15,3.5,0,1,2,2,www.tuadmissions.in.th/admissions#tab-pane-9
10050216400401B,68f7478c27b76be0eb0982f3,,,quota,2026,9,,,1,2,2,www.tuadmissions.in.th/admissions#tab-pane-30
10050216400401B,68f7478e27b76be0eb098606,,,admission,2026,50,2.75,0,1,2,2,www.tuadmissions.in.th/admissions#tab-pane-10
10050216400401B,A0062,,โครงการนักศึกษาผู้มีความสามารถดีเด่นทางการกีฬา,quota,2026,2,,,1,2,2,www.tuadmissions.in.th/admissions#tab-pane-30
10050216400401B,A6601,,โครงการรับนักเรียนผู้มีความสามารถดีเด่นด้านวิชาการ กลุ่ม สสวท.,portfolio,2026,1,3,0,1,2,2,www.tuadmissions.in.th/img/2025093010185240.pdf
10050216400401B,B0061,,โครงการรับนักเรียนจากโรงเรียนสาธิตแห่งมหาวิทยาลัยธรรมศาสตร์,quota,2026,5,3,0,1,2,2,www.tuadmissions.in.th/admissions#tab-pane-30
10050216400401B,D0049,,โครงการรับนักเรียนพลเมืองจิตอาสา,quota,2026,3,,,1,1,1,www.tuadmissions.in.th/admissions#tab-pane-30
10050216400401B,D0051,,โครงการรับนักศึกษาพิการ,quota,2026,2,,,1,1,1,www.tuadmissions.in.th/admissions#tab-pane-30
10050216400401B,D0054,,โครงการส่งเสริมนักเรียนเรียนดีภาคกลาง,quota,2026,3,,,1,2,2,www.tuadmissions.in.th/admissions#tab-pane-30
10050216400501B,68e37f2d2ef4c36c489abaa8,,รอบ 1 แฟ้มสะสมผลงาน Portfolio,portfolio,2026,60,2.75,0,1,2,2,www.tuadmissions.in.th/admissions#tab-pane-9
10050216400501B,68f7478c27b76be0eb0982ef,,,quota,2026,10,,,1,2,2,www.tuadmissions.in.th/admissions#tab-pane-30
10050216400501B,68f7478e27b76be0eb098602,,,admission,2026,58,2.75,0,1,2,2,www.tuadmissions.in.th/admissions#tab-pane-10
10050216400501B,A0062,,โครงการนักศึกษาผู้มีความสามารถดีเด่นทางการกีฬา,quota,2026,2,,,1,2,2,www.tuadmissions.in.th/admissions#tab-pane-30
10050216400501B,A6601,,โครงการรับนักเรียนผู้มีความสามารถดีเด่นด้านวิชาการ กลุ่ม สสวท.,portfolio,2026,1,3,0,1,2,2,www.tuadmissions.in.th/img/2025093010185240.pdf
10050216400501B,B0061,,โครงการรับนักเรียนจากโรงเรียนสาธิตแห่งมหาวิทยาลัยธรรมศาสตร์,quota,2026,5,3,0,1,2,2,www.tuadmissions.in.th/admissions#tab-pane-30
10050216400501B,D0049,,โครงการรับนักเรียนพลเมืองจิตอาสา,quota,2026,3,,,1,1,1,www.tuadmissions.in.th/admissions#tab-pane-30
10050216400502B,68e37f2d2ef4c36c489abab0,,รอบ 1 แฟ้มสะสมผลงาน Portfolio,portfolio,2026,32,2.75,0,1,2,2,www.tuadmissions.in.th/admissions#tab-pane-9
10050216400502B,68f7478c27b76be0eb0982f7,,,quota,2026,2,,,1,2,2,www.tuadmissions.in.th/admissions#tab-pane-30
10050216400502B,68f7478e27b76be0eb09860a,,,admission,2026,20,2.75,0,1,2,2,www.tuadmissions.in.th/admissions#tab-pane-10
10050216400502B,A0062,,โครงการนักศึกษาผู้มีความสามารถดีเด่นทางการกีฬา,quota,2026,2,,,1,2,2,www.tuadmissions.in.th/admissions#tab-pane-30
10050216400502B,A6601,,โครงการรับนักเรียนผู้มีความสามารถดีเด่นด้านวิชาการ กลุ่ม สสวท.,portfolio,2026,1,3,0,1,2,2,www.tuadmissions.in.th/img/2025093010185240.pdf
10050216400502B,B0061,,โครงการรับนักเรียนจากโรงเรียนสาธิตแห่งมหาวิทยาลัยธรรมศาสตร์,quota,2026,5,3,0,1,2,2,www.tuadmissions.in.th/admissions#tab-pane-30
10050216400502B,D0049,,โครงการรับนักเรียนพลเมืองจิตอาสา,quota,2026,3,,,1,1,1,www.tuadmissions.in.th/admissions#tab-pane-30
10050216400701B,68e37f2d2ef4c36c489abaaa,,รอบ 1 แฟ้มสะสมผลงาน Portfolio,portfolio,2026,30,2.75,0,1,2,2,www.tuadmissions.in.th/admissions#tab-pane-9
10050216400701B,68f7478c27b76be0eb0982f1,,,quota,2026,4,,,1,2,2,www.tuadmissions.in.th/admissions#tab-pane-30
10050216400701B,68f7478e27b76be0eb098604,,,admission,2026,20,2.75,0,1,1,2,www.tuadmissions.in.th/admissions#tab-pane-10
10050216400701B,A0062,,โครงการนักศึกษาผู้มีความสามารถดีเด่นทางการกีฬา,quota,2026,2,,,1,2,2,www.tuadmissions.in.th/admissions#tab-pane-30
10050216400701B,A6601,,โครงการรับนักเรียนผู้มีความสามารถดีเด่นด้านวิชาการ กลุ่ม สสวท.,portfolio,2026,1,3,0,1,2,2,www.tuadmissions.in.th/img/2025093010185240.pdf
10050216400701B,B0061,,โครงการรับนักเรียนจากโรงเรียนสาธิตแห่งมหาวิทยาลัยธรรมศาสตร์,quota,2026,5,3,0,1,2,2,www.tuadmissions.in.th/admissions#tab-pane-30
10050216400701B,D0049,,โครงการรับนักเรียนพลเมืองจิตอาสา,quota,2026,3,,,1,1,1,www.tuadmissions.in.th/admissions#tab-pane-30
10050216610201E,68e37f2d2ef4c36c489abab2,,รอบ 1 แฟ้มสะสมผลงาน Portfolio,portfolio,2026,30,2.5,0,1,1,2,www.tuadmissions.in.th/admissions#tab-pane-9
10050216610201E,68f7478e27b76be0eb09860c,,,admission,2026,35,2.5,0,1,2,2,www.tuadmissions.in.th/admissions#tab-pane-10
10050216610201E,B0061,,โครงการรับนักเรียนจากโรงเรียนสาธิตแห่งมหาวิทยาลัยธรรมศาสตร์,quota,2026,1,3,0,1,2,2,www.tuadmissions.in.th/admissions#tab-pane-30
10050216610201E,P0001,,Inter Port 1,portfolio,2026,55,,,1,1,2,www.tds.tu.ac.th
10050216610201E,P0002,,Inter Port 2,quota,2026,1,,,1,1,2,www.tds.tu.ac.th
10050217112501A,A0062,,โครงการนักศึกษาผู้มีความสามารถดีเด่นทางการกีฬา,quota,2026,3,,,1,2,2,www.tuadmissions.in.th/admissions#tab-pane-30
10050217112501A,D0045,,โครงการธรรมศาสตร์ช้างเผือกพื้นที่กรุงเทพมหานคร,quota,2026,1,,,1,2,2,www.tuadmissions.in.th/admissions#tab-pane-30
10050217112501A,D0051,,โครงการรับนักศึกษาพิการ,quota,2026,2,,,1,1,1,www.tuadmissions.in.th/admissions#tab-pane-30
10050217112501A,D0052,,โครงการธรรมศาสตร์ช้างเผือกพื้นที่ 51 จังหวัด,quota,2026,1,,,1,2,2,www.tuadmissions.in.th/admissions#tab-pane-30
10050217112501A,D0053,,โครงการนักเรียนสามจังหวัดชายแดนภาคใต้,quota,2026,9,,,1,2,2,www.tuadmissions.in.th/admissions#tab-pane-30
10050217112701A,68e37f2d2ef4c36c489abab4,,รอบ 1 แฟ้มสะสมผลงาน Portfolio,portfolio,2026,10,2.75,0,1,2,2,www.tuadmissions.in.th/admissions#tab-pane-9
10050217112701A,68f7478e27b76be0eb09860e,,,admission,2026,70,2.75,0,1,2,2,www.tuadmissions.in.th/admissions#tab-pane-10
10050217112701A,A0062,,โครงการนักศึกษาผู้มีความสามารถดีเด่นทางการกีฬา,quota,2026,3,,,1,2,2,www.tuadmissions.in.th/admissions#tab-pane-30
10050217112701A,A6601,,โครงการรับนักเรียนผู้มีความสามารถดีเด่นด้านวิชาการ กลุ่ม สสวท.,portfolio,2026,1,3,0,1,2,2,www.tuadmissions.in.th/img/2025093010185240.pdf
10050217112701A,B0061,,โครงการรับนักเรียนจากโรงเรียนสาธิตแห่งมหาวิทยาลัยธรรมศาสตร์,quota,2026,1,3,,1,2,2,www.tuadmissions.in.th/admissions#tab-pane-30
10050217112701A,D0045,,โครงการธรรมศาสตร์ช้างเผือกพื้นที่กรุงเทพมหานคร,quota,2026,1,,,1,2,2,www.tuadmissions.in.th/admissions#tab-pane-30
10050217112701A,D0049,,โครงการรับนักเรียนพลเมืองจิตอาสา,quota,2026,3,,,1,1,1,www.tuadmissions.in.th/admissions#tab-pane-30
10050217112701A,D0051,,โครงการรับนักศึกษาพิการ,quota,2026,2,,,1,1,1,www.tuadmissions.in.th/admissions#tab-pane-30
10050217112701A,D0052,,โครงการธรรมศาสตร์ช้างเผือกพื้นที่ 51 จังหวัด,quota,2026,4,,,1,2,2,www.tuadmissions.in.th/admissions#tab-pane-30
10050217112701A,D0053,,โครงการนักเรียนสามจังหวัดชายแดนภาคใต้,quota,2026,9,,,1,2,2,www.tuadmissions.in.th/admissions#tab-pane-30
10050217112701A,D0054,,โครงการส่งเสริมนักเรียนเรียนดีภาคกลาง,quota,2026,2,,,1,2,2,www.tuadmissions.in.th/admissions#tab-pane-30
10050217112702A,68e37f2d2ef4c36c489abab6,,รอบ 1 แฟ้มสะสมผลงาน Portfolio,portfolio,2026,10,2.75,0,1,2,2,www.tuadmissions.in.th/admissions#tab-pane-9
10050217112702A,68f7478e27b76be0eb098610,,,admission,2026,60,2.75,0,1,2,2,www.tuadmissions.in.th/admissions#tab-pane-10
10050217112702A,A0062,,โครงการนักศึกษาผู้มีความสามารถดีเด่นทางการกีฬา,quota,2026,3,,,1,2,2,www.tuadmissions.in.th/admissions#tab-pane-30
10050217112702A,A6601,,โครงการรับนักเรียนผู้มีความสามารถดีเด่นด้านวิชาการ กลุ่ม สสวท.,portfolio,2026,1,3,0,1,2,2,www.tuadmissions.in.th/img/2025093010185240.pdf
10050217112702A,B0061,,โครงการรับนักเรียนจากโรงเรียนสาธิตแห่งมหาวิทยาลัยธรรมศาสตร์,quota,2026,1,3,,1,2,2,www.tuadmissions.in.th/admissions#tab-pane-30
10050217112702A,D0045,,โครงการธรรมศาสตร์ช้างเผือกพื้นที่กรุงเทพมหานคร,quota,2026,1,,,1,2,2,www.tuadmissions.in.th/admissions#tab-pane-30
10050217112702A,D0049,,โครงการรับนักเรียนพลเมืองจิตอาสา,quota,2026,3,,,1,1,1,www.tuadmissions.in.th/admissions#tab-pane-30
10050217112702A,D0051,,โครงการรับนักศึกษาพิการ,quota,2026,2,,,1,1,1,www.tuadmissions.in.th/admissions#tab-pane-30
10050217112702A,D0052,,โครงการธรรมศาสตร์ช้างเผือกพื้นที่ 51 จังหวัด,quota,2026,2,,,1,2,2,www.tuadmissions.in.th/admissions#tab-pane-30
10050217112702A,D0053,,โครงการนักเรียนสามจังหวัดชายแดนภาคใต้,quota,2026,9,,,1,2,2,www.tuadmissions.in.th/admissions#tab-pane-30
10050217112702A,D0054,,โครงการส่งเสริมนักเรียนเรียนดีภาคกลาง,quota,2026,2,,,1,2,2,www.tuadmissions.in.th/admissions#tab-pane-30
10050218130101A,68e37f2d2ef4c36c489ababe,,รอบ 1 แฟ้มสะสมผลงาน Portfolio,portfolio,2026,30,3.5,0,1,2,2,www.tuadmissions.in.th/admissions#tab-pane-9
10050218130101A,68f7478e27b76be0eb098618,,,admission,2026,80,,0,1,2,2,www.tuadmissions.in.th/admissions#tab-pane-10
10050218130101A,A6601,,โครงการรับนักเรียนผู้มีความสามารถดีเด่นด้านวิชาการ กลุ่ม สสวท.,portfolio,2026,1,3,0,1,2,2,www.tuadmissions.in.th/img/2025093010185240.pdf
10050218130101A,B0061,,โครงการรับนักเรียนจากโรงเรียนสาธิตแห่งมหาวิทยาลัยธรรมศาสตร์,quota,2026,2,3,0,1,2,2,www.tuadmissions.in.th/admissions#tab-pane-30
10050218130101A,D0049,,โครงการรับนักเรียนพลเมืองจิตอาสา,quota,2026,1,,,1,1,1,www.tuadmissions.in.th/admissions#tab-pane-30
10050218130101A,D0051,,โครงการรับนักศึกษาพิการ,quota,2026,1,,,1,1,1,www.tuadmissions.in.th/admissions#tab-pane-30
10050218130101A,D0054,,โครงการส่งเสริมนักเรียนเรียนดีภาคกลาง,quota,2026,1,,,1,2,2,www.tuadmissions.in.th/admissions#tab-pane-30
10050219903601A,68e37f2d2ef4c36c489abac0,,รอบ 1 แฟ้มสะสมผลงาน Portfolio,portfolio,2026,65,3,0,1,1,1,www.tuadmissions.in.th/admissions#tab-pane-9
10050219903601A,68f7478e27b76be0eb09861a,,,admission,2026,14,3,0,1,1,1,www.tuadmissions.in.th/admissions#tab-pane-10
10050219903601A,A0062,,โครงการนักศึกษาผู้มีความสามารถดีเด่นทางการกีฬา,portfolio,2026,1,2,,1,1,1,www.tuadmissions.in.th/admissions#tab-pane-9
10050219903601A,A0062,,โครงการนักศึกษาผู้มีความสามารถดีเด่นทางการกีฬา,quota,2026,1,,,1,1,1,www.tuadmissions.in.th/admissions#tab-pane-30
10050219903601A,B0061,,โครงการรับนักเรียนจากโรงเรียนสาธิตแห่งมหาวิทยาลัยธรรมศาสตร์,quota,2026,1,3,0,1,2,2,www.tuadmissions.in.th/admissions#tab-pane-30
10050219903601A,D0049,,โครงการรับนักเรียนพลเมืองจิตอาสา,quota,2026,2,,,1,1,1,www.tuadmissions.in.th/admissions#tab-pane-30
10050219903601A,D0051,,โครงการรับนักศึกษาพิการ,quota,2026,1,,,1,1,1,www.tuadmissions.in.th/admissions#tab-pane-30
10050219903601A,D0054,,โครงการส่งเสริมนักเรียนเรียนดีภาคกลาง,quota,2026,1,,,1,2,2,www.tuadmissions.in.th/admissions#tab-pane-30
10050219903601B,T3049,,เกณฑ์คัดเลือกรูปแบบ A-Level 5 วิชา,admission,2026,25,2.5,0,1,1,1,www.tuadmissions.in.th/admissions#tab-pane-10
10050219903601B,T3050,,เกณฑ์คัดเลือกรูปแบบ A-Level 4 วิชา,admission,2026,25,2.5,0,1,1,1,www.tuadmissions.in.th/admissions#tab-pane-10
10050219903601B,T3051,,เกณฑ์คัดเลือกรูปแบบ TGAT,admission,2026,25,2.5,0,1,1,1,www.tuadmissions.in.th/admissions#tab-pane-10
10050222300001E,68f7478e27b76be0eb098622,,,admission,2026,120,2,0,1,1,1,www.tuadmissions.in.th/admissions#tab-pane-10
10050222300001E,A0062,,โครงการนักศึกษาผู้มีความสามารถดีเด่นทางการกีฬา,quota,2026,1,,,1,1,2,www.tuadmissions.in.th/admissions#tab-pane-30
10050222300001E,A6601,,โครงการรับนักเรียนผู้มีความสามารถดีเด่นด้านวิชาการ กลุ่ม สสวท.,portfolio,2026,4,3,0,1,2,2,www.tuadmissions.in.th/img/2025093010185240.pdf
10050222300001E,D0049,,โครงการรับนักเรียนพลเมืองจิตอาสา,quota,2026,8,,,1,1,1,www.tuadmissions.in.th/admissions#tab-pane-30
10050222300001E,D0054,,โครงการส่งเสริมนักเรียนเรียนดีภาคกลาง,quota,2026,10,,,1,2,2,www.tuadmissions.in.th/admissions#tab-pane-30
10050222300001E,P0001,,Inter Port 1,portfolio,2026,105,,,1,1,1,admissions.siit.tu.ac.th
10050222300001E,P0002,,Inter Port 2,quota,2026,10,,,1,1,1,admissions.siit.tu.ac.th
10050222300501E,68f7478e27b76be0eb098624,,,admission,2026,15,2,0,1,1,1,www.tuadmissions.in.th/admissions#tab-pane-10
10050222300501E,A0062,,โครงการนักศึกษาผู้มีความสามารถดีเด่นทางการกีฬา,quota,2026,1,,,1,1,2,www.tuadmissions.in.th/admissions#tab-pane-30
10050222300501E,A6601,,โครงการรับนักเรียนผู้มีความสามารถดีเด่นด้านวิชาการ กลุ่ม สสวท.,portfolio,2026,4,3,0,1,2,2,www.tuadmissions.in.th/img/2025093010185240.pdf
10050222300501E,D0049,,โครงการรับนักเรียนพลเมืองจิตอาสา,quota,2026,8,,,1,1,1,www.tuadmissions.in.th/admissions#tab-pane-30
10050222300501E,D0051,,โครงการรับนักศึกษาพิการ,quota,2026,1,,,1,1,1,www.tuadmissions.in.th/admissions#tab-pane-30
10050222300501E,D0054,,โครงการส่งเสริมนักเรียนเรียนดีภาคกลาง,quota,2026,10,,,1,2,2,www.tuadmissions.in.th/admissions#tab-pane-30
10050222300501E,P0001,,Inter Port 1,portfolio,2026,155,,,1,1,1,admissions.siit.tu.ac.th
10050222300501E,P0002,,Inter Port 2,quota,2026,20,,,1,1,1,admissions.siit.tu.ac.th
10050222300601E,68f7478e27b76be0eb09862e,,,admission,2026,15,2,0,1,1,1,www.tuadmissions.in.th/admissions#tab-pane-10
10050222300601E,P0001,,Inter Port 1,portfolio,2026,18,,,1,1,1,admissions.siit.tu.ac.th
10050222300601E,P0002,,Inter Port 2,quota,2026,3,,,1,1,1,admissions.siit.tu.ac.th
10050222300701E,68f7478e27b76be0eb09862c,,,admission,2026,10,2,0,1,1,1,www.tuadmissions.in.th/admissions#tab-pane-10
10050222300701E,P0001,,Inter Port 1,portfolio,2026,18,,,1,1,1,admissions.siit.tu.ac.th
10050222300701E,P0002,,Inter Port 2,quota,2026,3,,,1,1,1,admissions.siit.tu.ac.th
10050222301601E,68f7478e27b76be0eb098628,,,admission,2026,10,2,0,1,1,1,www.tuadmissions.in.th/admissions#tab-pane-10
10050222301601E,P0001,,Inter Port 1,portfolio,2026,18,,,1,1,1,admissions.siit.tu.ac.th
10050222301601E,P0002,,Inter Port 2,quota,2026,3,,,1,1,1,admissions.siit.tu.ac.th
10050222302101E,68f7478e27b76be0eb09862a,,,admission,2026,15,2,0,1,1,1,www.tuadmissions.in.th/admissions#tab-pane-10
10050222302101E,P0001,,Inter Port 1,portfolio,2026,18,,,1,1,1,admissions.siit.tu.ac.th
10050222302101E,P0002,,Inter Port 2,quota,2026,3,,,1,1,1,admissions.siit.tu.ac.th
10050222303501E,68f7478e27b76be0eb098630,,,admission,2026,10,2,0,1,1,1,www.tuadmissions.in.th/admissions#tab-pane-10
10050222303501E,P0001,,Inter Port 1,portfolio,2026,18,,,1,1,1,admissions.siit.tu.ac.th
10050222303501E,P0002,,Inter Port 2,quota,2026,3,,,1,1,1,admissions.siit.tu.ac.th
10050222610801E,68f7478e27b76be0eb098626,,,admission,2026,45,2,0,1,1,1,www.tuadmissions.in.th/admissions#tab-pane-10
10050222610801E,A0062,,โครงการนักศึกษาผู้มีความสามารถดีเด่นทางการกีฬา,quota,2026,1,,,1,1,2,www.tuadmissions.in.th/admissions#tab-pane-30
10050222610801E,A6601,,โครงการรับนักเรียนผู้มีความสามารถดีเด่นด้านวิชาการ กลุ่ม สสวท.,portfolio,2026,4,3,0,1,2,2,www.tuadmissions.in.th/img/2025093010185240.pdf
10050222610801E,D0049,,โครงการรับนักเรียนพลเมืองจิตอาสา,quota,2026,8,,,1,1,1,www.tuadmissions.in.th/admissions#tab-pane-30
10050222610801E,D0051,,โครงการรับนักศึกษาพิการ,quota,2026,1,,,1,1,1,www.tuadmissions.in.th/admissions#tab-pane-30
10050222610801E,D0054,,โครงการส่งเสริมนักเรียนเรียนดีภาคกลาง,quota,2026,10,,,1,2,2,www.tuadmissions.in.th/admissions#tab-pane-30
10050222610801E,P0001,,Inter Port 1,portfolio,2026,65,,,1,1,1,admissions.siit.tu.ac.th
10050222610801E,P0002,,Inter Port 2,quota,2026,5,,,1,1,1,admissions.siit.tu.ac.th
10050224213501B,69895c5b2abcc68153565f43,,,portfolio,2026,20,,,1,1,1,www.tuadmissions.in.th/admissions#tab-pane-30
10050224213501B,69c5f8e844c5cde102c4f545,,,quota,2026,15,2.75,,1,1,1,www.tuadmissions.in.th/admissions#tab-pane-30
10050224213501B,B0061,,โครงการรับนักเรียนจากโรงเรียนสาธิตแห่งมหาวิทยาลัยธรรมศาสตร์,quota,2026,5,3,0,1,2,2,www.tuadmissions.in.th/admissions#tab-pane-30
10050224213501B,T3052,,เกณฑ์คัดเลือกรูปแบบ A-Level,admission,2026,25,2.5,0,1,1,1,www.tuadmissions.in.th/admissions#tab-pane-10
10050224213501B,T3053,,เกณฑ์คัดเลือกรูปแบบ TGAT,admission,2026,25,2.5,0,1,1,1,www.tuadmissions.in.th/admissions#tab-pane-10
10050224220301B,68e37f2d2ef4c36c489abac8,,รอบ 1 แฟ้มสะสมผลงาน Portfolio,portfolio,2026,30,,0,1,1,1,www.tuadmissions.in.th/admissions#tab-pane-9
10050224220301B,68f7478e27b76be0eb098638,,,admission,2026,35,,0,1,1,1,www.tuadmissions.in.th/admissions#tab-pane-10
10050224903601B,68e37f2d2ef4c36c489abaca,,รอบ 1 แฟ้มสะสมผลงาน Portfolio,portfolio,2026,80,,0,1,1,1,www.tuadmissions.in.th/admissions#tab-pane-9
10050224903601B,68f7478c27b76be0eb098303,,,quota,2026,9,,,1,1,1,www.tuadmissions.in.th/admissions#tab-pane-30
10050224903601B,D0049,,โครงการรับนักเรียนพลเมืองจิตอาสา,quota,2026,1,,,1,1,1,www.tuadmissions.in.th/admissions#tab-pane-30
10050224903601B,T3052,,เกณฑ์คัดเลือกรูปแบบ A-Level,admission,2026,40,,0,1,1,1,www.tuadmissions.in.th/admissions#tab-pane-10
10050224903601B,T3053,,เกณฑ์คัดเลือกรูปแบบ TGAT,admission,2026,20,,0,1,1,1,www.tuadmissions.in.th/admissions#tab-pane-10
10050228900301E,B0061,,โครงการรับนักเรียนจากโรงเรียนสาธิตแห่งมหาวิทยาลัยธรรมศาสตร์,quota,2026,1,3,,1,2,2,www.tuadmissions.in.th/admissions#tab-pane-30
10050228900301E,D0054,,โครงการส่งเสริมนักเรียนเรียนดีภาคกลาง,quota,2026,2,,,1,2,2,www.tuadmissions.in.th/admissions#tab-pane-30
10050228900301E,P0001,,Inter Port 1,portfolio,2026,20,,,1,1,2,www.sgs.tu.ac.th
10050228900301E,P0002,,Inter Port 2,quota,2026,10,,,1,1,2,www.sgs.tu.ac.th
10050229100101G,P0001,,Inter Port 1,portfolio,2026,31,,,1,1,2,www.cicm.tu.ac.th
10050229100101G,P0002,,Inter Port 2,quota,2026,1,,,1,1,2,www.cicm.tu.ac.th
10050229110501E,68f7478e27b76be0eb09864a,,,admission,2026,14,2.5,0,1,1,2,www.tuadmissions.in.th/admissions#tab-pane-10
10050229110501E,B0061,,โครงการรับนักเรียนจากโรงเรียนสาธิตแห่งมหาวิทยาลัยธรรมศาสตร์,quota,2026,1,3,0,1,2,2,www.tuadmissions.in.th/admissions#tab-pane-30
10050229110501E,D0054,,โครงการส่งเสริมนักเรียนเรียนดีภาคกลาง,quota,2026,1,,,1,2,2,www.tuadmissions.in.th/admissions#tab-pane-30
10050229110501E,P0001,,Inter Port 1,portfolio,2026,14,,,1,1,2,www.cicm.tu.ac.th
10050229110501E,P0002,,Inter Port 2,quota,2026,5,,,1,1,2,www.cicm.tu.ac.th
10050229111501E,68f7478e27b76be0eb09864c,,,admission,2026,15,2.5,0,1,1,2,www.tuadmissions.in.th/admissions#tab-pane-10
10050229111501E,B0061,,โครงการรับนักเรียนจากโรงเรียนสาธิตแห่งมหาวิทยาลัยธรรมศาสตร์,quota,2026,1,3,0,1,2,2,www.tuadmissions.in.th/admissions#tab-pane-30
10050229111501E,D0054,,โครงการส่งเสริมนักเรียนเรียนดีภาคกลาง,quota,2026,1,,,1,2,2,www.tuadmissions.in.th/admissions#tab-pane-30
10050229111501E,P0001,,Inter Port 1,portfolio,2026,20,,,1,1,2,www.cicm.tu.ac.th
10050229111501E,P0002,,Inter Port 2,quota,2026,1,,,1,1,2,www.cicm.tu.ac.th
10050229113001E,68f7478e27b76be0eb09864e,,,admission,2026,10,2.5,0,1,1,2,www.tuadmissions.in.th/admissions#tab-pane-10
10050229113001E,B0061,,โครงการรับนักเรียนจากโรงเรียนสาธิตแห่งมหาวิทยาลัยธรรมศาสตร์,quota,2026,1,3,0,1,2,2,www.tuadmissions.in.th/admissions#tab-pane-30
10050229113001E,D0054,,โครงการส่งเสริมนักเรียนเรียนดีภาคกลาง,quota,2026,1,,,1,2,2,www.tuadmissions.in.th/admissions#tab-pane-30
10050229113001E,P0001,,Inter Port 1,portfolio,2026,14,,,1,1,2,www.cicm.tu.ac.th
10050229113001E,P0002,,Inter Port 2,quota,2026,5,,,1,1,2,www.cicm.tu.ac.th
10050230903601B,68e37f2d2ef4c36c489abad0,,รอบ 1 แฟ้มสะสมผลงาน Portfolio,portfolio,2026,10,2.75,0,1,1,1,www.tuadmissions.in.th/admissions#tab-pane-9
10050230903601B,B0061,,โครงการรับนักเรียนจากโรงเรียนสาธิตแห่งมหาวิทยาลัยธรรมศาสตร์,quota,2026,2,3,0,1,2,2,www.tuadmissions.in.th/admissions#tab-pane-30
10050230903601B,D0049,,โครงการรับนักเรียนพลเมืองจิตอาสา,quota,2026,3,,,1,1,1,www.tuadmissions.in.th/admissions#tab-pane-30
10050230903601B,D0051,,โครงการรับนักศึกษาพิการ,quota,2026,1,,,1,1,1,www.tuadmissions.in.th/admissions#tab-pane-30
10050230903601B,D0054,,โครงการส่งเสริมนักเรียนเรียนดีภาคกลาง,quota,2026,1,,,1,2,2,www.tuadmissions.in.th/admissions#tab-pane-30
10050230903601B,T3025,,เกณฑ์คัดเลือกรูปแบบ TGAT+A-Level วิชาคณิตศาสตร์ประยุกต์ 1,admission,2026,55,2.5,0,1,1,1,www.tuadmissions.in.th/admissions#tab-pane-10
10050230903601B,T3026,,เกณฑ์คัดเลือกรูปแบบ TGAT+A-Level วิชาคณิตศาสตร์ประยุกต์ 2,admission,2026,60,2.5,0,1,1,1,www.tuadmissions.in.th/admissions#tab-pane-10
10050310302001B,68e37f2d2ef4c36c489aba90,,รอบ 1 แฟ้มสะสมผลงาน Portfolio,portfolio,2026,30,2.75,0,1,1,1,www.tuadmissions.in.th/admissions#tab-pane-9
10050310302001B,68f7478c27b76be0eb0982e5,,,quota,2026,9,,,1,1,1,www.tuadmissions.in.th/admissions#tab-pane-30
10050310302001B,68f7478e27b76be0eb0985da,,,admission,2026,40,,0,1,1,1,www.tuadmissions.in.th/admissions#tab-pane-10
10050310302001B,B0061,,โครงการรับนักเรียนจากโรงเรียนสาธิตแห่งมหาวิทยาลัยธรรมศาสตร์,quota,2026,1,3,,1,2,2,www.tuadmissions.in.th/admissions#tab-pane-30
10050401901001A,68f7478c27b76be0eb0982df,,,quota,2026,50,,,1,1,1,www.tuadmissions.in.th/admissions#tab-pane-30
10050401901001A,D0052,,โครงการธรรมศาสตร์ช้างเผือกพื้นที่ 51 จังหวัด,quota,2026,12,,,1,2,2,www.tuadmissions.in.th/admissions#tab-pane-30
10050401901001A,D0053,,โครงการนักเรียนสามจังหวัดชายแดนภาคใต้,quota,2026,9,,,1,2,2,www.tuadmissions.in.th/admissions#tab-pane-30
10050401901001A,T3005,,เกณฑ์คัดเลือกรูปแบบ TGAT+A-level คณิต 1,admission,2026,24,,0,1,1,1,www.tuadmissions.in.th/admissions#tab-pane-10
10050401901001A,T3006,,เกณฑ์คัดเลือกรูปแบบ TGAT+A-level จีน,admission,2026,24,,0,1,1,1,www.tuadmissions.in.th/admissions#tab-pane-10
10050401901001A,T3007,,เกณฑ์คัดเลือกรูปแบบ TGAT+A-level ญี่ปุ่น,admission,2026,17,,0,1,1,1,www.tuadmissions.in.th/admissions#tab-pane-10
10050401901001A,T3008,,เกณฑ์คัดเลือกรูปแบบ TGAT+A-level ฝรั่งเศส,admission,2026,24,,0,1,1,1,www.tuadmissions.in.th/admissions#tab-pane-10
10050401901001A,T3009,,เกณฑ์คัดเลือกรูปแบบ TGAT+A-level เยอรมัน,admission,2026,12,,0,1,1,1,www.tuadmissions.in.th/admissions#tab-pane-10
10050401901001A,T3034,,เกณฑ์คัดเลือกรูปแบบ TGAT+A-level คณิต 2,admission,2026,110,,0,1,1,1,www.tuadmissions.in.th/admissions#tab-pane-10
10050401901001A,T3035,,เกณฑ์คัดเลือกรูปแบบ TGAT+A-level เกาหลี,admission,2026,6,,0,1,1,1,www.tuadmissions.in.th/admissions#tab-pane-10
10050405903701A,68e37f2d2ef4c36c489aba38,,รอบ 1 แฟ้มสะสมผลงาน Portfolio,portfolio,2026,35,2.5,0,1,2,2,www.tuadmissions.in.th/admissions#tab-pane-9
10050405903701A,68f7478c27b76be0eb0982e1,,,quota,2026,30,,,1,2,2,www.tuadmissions.in.th/admissions#tab-pane-30
10050405903701A,B0061,,โครงการรับนักเรียนจากโรงเรียนสาธิตแห่งมหาวิทยาลัยธรรมศาสตร์,quota,2026,3,3,0,1,2,2,www.tuadmissions.in.th/admissions#tab-pane-30
10050405903701A,D0049,,โครงการรับนักเรียนพลเมืองจิตอาสา,quota,2026,1,,,1,1,1,www.tuadmissions.in.th/admissions#tab-pane-30
10050405903701A,D0052,,โครงการธรรมศาสตร์ช้างเผือกพื้นที่ 51 จังหวัด,quota,2026,8,,,1,2,2,www.tuadmissions.in.th/admissions#tab-pane-30
10050405903701A,D0053,,โครงการนักเรียนสามจังหวัดชายแดนภาคใต้,quota,2026,9,,,1,2,2,www.tuadmissions.in.th/admissions#tab-pane-30
10050405903701A,T3004,,เกณฑ์คัดเลือกรูปแบบ TGAT+A-Level,admission,2026,90,,0,1,2,1,www.tuadmissions.in.th/admissions#tab-pane-10
10050405903701A,T3012,,เกณฑ์คัดเลือกรูปแบบ TGAT+วิชาเฉพาะ มธ.,admission,2026,100,,0,1,2,1,www.tuadmissions.in.th/admissions#tab-pane-10
10050409220201A,68e37f2d2ef4c36c489aba7c,,รอบ 1 แฟ้มสะสมผลงาน Portfolio,portfolio,2026,15,,0,1,1,1,www.tuadmissions.in.th/admissions#tab-pane-9
10050409220201A,68f7478c27b76be0eb0982e3,,,quota,2026,10,,,1,1,1,www.tuadmissions.in.th/admissions#tab-pane-30
10050409220201A,B0061,,โครงการรับนักเรียนจากโรงเรียนสาธิตแห่งมหาวิทยาลัยธรรมศาสตร์,quota,2026,16,3,0,1,2,2,www.tuadmissions.in.th/admissions#tab-pane-30
10050409220201A,D0045,,โครงการธรรมศาสตร์ช้างเผือกพื้นที่กรุงเทพมหานคร,quota,2026,1,,,1,2,2,www.tuadmissions.in.th/admissions#tab-pane-30
10050409220201A,T3025,,เกณฑ์คัดเลือกรูปแบบ TGAT+A-Level วิชาคณิตศาสตร์ประยุกต์ 1,admission,2026,24,,0,1,1,1,www.tuadmissions.in.th/admissions#tab-pane-10
10050409220201A,T3026,,เกณฑ์คัดเลือกรูปแบบ TGAT+A-Level วิชาคณิตศาสตร์ประยุกต์ 2,admission,2026,24,,0,1,1,1,www.tuadmissions.in.th/admissions#tab-pane-10
10050409220201A,T3027,,เกณฑ์คัดเลือกรูปแบบคะแนน GED,admission,2026,24,,0,2,2,2,www.tuadmissions.in.th/admissions#tab-pane-10
10050409220201A,T3028,,เกณฑ์คัดเลือกรูปแบบคะแนน V-NET,admission,2026,24,,0,1,1,1,www.tuadmissions.in.th/admissions#tab-pane-10
10050411110801A,68f7478e27b76be0eb0985e0,,,admission,2026,30,,0,1,2,2,www.tuadmissions.in.th/admissions#tab-pane-10
10050411110801A,69969d57253ac4be9eed2286,,,quota,2026,15,,,1,1,2,www.tuadmissions.in.th/admissions#tab-pane-30
10050415800101A,68e37f2d2ef4c36c489abaa4,,รอบ 1 แฟ้มสะสมผลงาน Portfolio,portfolio,2026,15,,0,1,1,1,www.tuadmissions.in.th/admissions#tab-pane-9
10050415800101A,68f7478c27b76be0eb0982ff,,,quota,2026,5,,,1,1,1,www.tuadmissions.in.th/admissions#tab-pane-30
10050415800101A,T3001,,รูปแบบที่ 1 A-Level,admission,2026,45,,0,1,1,1,www.tuadmissions.in.th/admissions#tab-pane-10
10050415800101A,T3020,,รูปแบบที่ 2 TPAT2+A-Level,admission,2026,45,,0,1,1,1,www.tuadmissions.in.th/admissions#tab-pane-10
10050415800101A,T3024,,รูปแบบที่ 3  TPAT21,admission,2026,45,,0,1,1,1,www.tuadmissions.in.th/admissions#tab-pane-10
10050417112701A,68e37f2d2ef4c36c489abab8,,รอบ 1 แฟ้มสะสมผลงาน Portfolio,portfolio,2026,15,2.75,0,1,2,2,www.tuadmissions.in.th/admissions#tab-pane-9
10050417112701A,68f7478c27b76be0eb0982f9,,,quota,2026,10,,,1,2,2,www.tuadmissions.in.th/admissions#tab-pane-30
10050417112701A,68f7478e27b76be0eb098612,,,admission,2026,20,2.75,0,1,2,2,www.tuadmissions.in.th/admissions#tab-pane-10
10050417112701A,B0061,,โครงการรับนักเรียนจากโรงเรียนสาธิตแห่งมหาวิทยาลัยธรรมศาสตร์,quota,2026,1,3,,1,2,2,www.tuadmissions.in.th/admissions#tab-pane-30
10050417112701A,D0049,,โครงการรับนักเรียนพลเมืองจิตอาสา,quota,2026,2,,,1,1,1,www.tuadmissions.in.th/admissions#tab-pane-30
10050417112701A,D0052,,โครงการธรรมศาสตร์ช้างเผือกพื้นที่ 51 จังหวัด,quota,2026,4,,,1,2,2,www.tuadmissions.in.th/admissions#tab-pane-30
10050417112701A,D0053,,โครงการนักเรียนสามจังหวัดชายแดนภาคใต้,quota,2026,9,,,1,2,2,www.tuadmissions.in.th/admissions#tab-pane-30
10050417112702A,68e37f2d2ef4c36c489ababa,,รอบ 1 แฟ้มสะสมผลงาน Portfolio,portfolio,2026,15,2.75,0,1,2,2,www.tuadmissions.in.th/admissions#tab-pane-9
10050417112702A,68f7478c27b76be0eb0982fb,,,quota,2026,10,,,1,2,2,www.tuadmissions.in.th/admissions#tab-pane-30
10050417112702A,68f7478e27b76be0eb098614,,,admission,2026,40,2.75,0,1,2,2,www.tuadmissions.in.th/admissions#tab-pane-10
10050417112702A,B0061,,โครงการรับนักเรียนจากโรงเรียนสาธิตแห่งมหาวิทยาลัยธรรมศาสตร์,quota,2026,1,3,,1,2,2,www.tuadmissions.in.th/admissions#tab-pane-30
10050417112702A,D0049,,โครงการรับนักเรียนพลเมืองจิตอาสา,quota,2026,2,,,1,1,1,www.tuadmissions.in.th/admissions#tab-pane-30
10050417112702A,D0052,,โครงการธรรมศาสตร์ช้างเผือกพื้นที่ 51 จังหวัด,quota,2026,2,,,1,2,2,www.tuadmissions.in.th/admissions#tab-pane-30
10050417112702A,D0053,,โครงการนักเรียนสามจังหวัดชายแดนภาคใต้,quota,2026,9,,,1,2,2,www.tuadmissions.in.th/admissions#tab-pane-30
10050417112703A,68e37f2d2ef4c36c489ababc,,รอบ 1 แฟ้มสะสมผลงาน Portfolio,portfolio,2026,15,2.75,0,1,2,2,www.tuadmissions.in.th/admissions#tab-pane-9
10050417112703A,68f7478c27b76be0eb0982fd,,,quota,2026,15,,,1,2,2,www.tuadmissions.in.th/admissions#tab-pane-30
10050417112703A,68f7478e27b76be0eb098616,,,admission,2026,10,2.75,0,1,2,2,www.tuadmissions.in.th/admissions#tab-pane-10
10050417112703A,B0061,,โครงการรับนักเรียนจากโรงเรียนสาธิตแห่งมหาวิทยาลัยธรรมศาสตร์,quota,2026,1,3,,1,2,2,www.tuadmissions.in.th/admissions#tab-pane-30
10050417112703A,D0052,,โครงการธรรมศาสตร์ช้างเผือกพื้นที่ 51 จังหวัด,quota,2026,2,,,1,2,2,www.tuadmissions.in.th/admissions#tab-pane-30
10050417112703A,D0053,,โครงการนักเรียนสามจังหวัดชายแดนภาคใต้,quota,2026,9,,,1,2,2,www.tuadmissions.in.th/admissions#tab-pane-30
10050424903601A,68e37f2d2ef4c36c489abacc,,รอบ 1 แฟ้มสะสมผลงาน Portfolio,portfolio,2026,50,2,0,1,1,1,www.tuadmissions.in.th/admissions#tab-pane-9
10050424903601A,68f7478c27b76be0eb098305,,,quota,2026,30,,,1,1,1,www.tuadmissions.in.th/admissions#tab-pane-30
10050424903601A,68f7478e27b76be0eb098642,,,admission,2026,94,2,0,1,1,1,www.tuadmissions.in.th/admissions#tab-pane-10
10050424903601A,B0061,,โครงการรับนักเรียนจากโรงเรียนสาธิตแห่งมหาวิทยาลัยธรรมศาสตร์,quota,2026,2,3,0,1,2,2,www.tuadmissions.in.th/admissions#tab-pane-30
10050424903601A,D0049,,โครงการรับนักเรียนพลเมืองจิตอาสา,quota,2026,1,,,1,1,1,www.tuadmissions.in.th/admissions#tab-pane-30
10050424903601A,D0052,,โครงการธรรมศาสตร์ช้างเผือกพื้นที่ 51 จังหวัด,quota,2026,9,,,1,2,2,www.tuadmissions.in.th/admissions#tab-pane-30
10050424903601A,D0053,,โครงการนักเรียนสามจังหวัดชายแดนภาคใต้,quota,2026,9,,,1,2,2,www.tuadmissions.in.th/admissions#tab-pane-30
10050424903601B,68e37f2d2ef4c36c489abace,,รอบ 1 แฟ้มสะสมผลงาน Portfolio,portfolio,2026,20,2.75,0,1,1,1,www.tuadmissions.in.th/admissions#tab-pane-9
10050424903601B,68f7478c27b76be0eb098301,,,quota,2026,5,,,1,1,1,www.tuadmissions.in.th/admissions#tab-pane-30
10050424903601B,68f7478e27b76be0eb098644,,,admission,2026,35,2.5,0,1,1,1,www.tuadmissions.in.th/admissions#tab-pane-10
10060101100101A,A1001,,โครงการความเป็นเลิศด้านวิชาการ,portfolio,2026,90,3.5,,1,1,2,https://www.sieduit.org/education/
10060101100101A,A1002,,โครงการความเป็นเลิศด้านภาษาอังกฤษ,portfolio,2026,40,3.5,,1,1,2,https://www.sieduit.org/education/
10060101100101A,A1003,,โครงการรับบุคคลจบปริญญาตรี,portfolio,2026,10,3.25,,1,1,2,https://www.sieduit.org/education/
10060101110201A,68ef2a0e64cc1de047883454,,,portfolio,2026,12,3.5,,1,2,2,https://www2.si.mahidol.ac.th/sspo/
10060101110201A,68f6f8e227b76be0eb0877c1,,,admission,2026,12,,0,1,1,1,https://drive.google.com/drive/folders/1RAWq75oyTA9wqrm5TGGpg1bYb3c_Z8of?usp=sharing
10060101110201A,B2001,,โครงการพิเศษ โครงการสายใยกายอุปกรณ์และวีรชนรั้วแห่งชาติไทย,quota,2026,2,3,,1,1,1,https://drive.google.com/drive/folders/1RAWq75oyTA9wqrm5TGGpg1bYb3c_Z8of?usp=sharing
10060101110801A,68ef2a0e64cc1de047883456,,,portfolio,2026,36,3.5,,1,2,2,https://www.si.mahidol.ac.th/th/department/thaimed/course1_detail.asp?id=26
10060101110801A,68f6f8e227b76be0eb0877c3,,,admission,2026,26,,0,1,1,2,
10060101110801A,B2002,,โครงการพื้นที่,quota,2026,19,3,,1,1,2,https://www.si.mahidol.ac.th/th/department/thaimed/course1_detail.asp?id=26
10060101110801A,B2003,,โครงการความเป็นเลิศด้านวิชาการ,quota,2026,5,3,,1,1,2,https://www.si.mahidol.ac.th/th/department/thaimed/course1_detail.asp?id=26
10060101110801A,B2004,,โครงการความเป็๋นเลิศด้านภาษา,quota,2026,5,3,,1,1,2,https://www.si.mahidol.ac.th/th/department/thaimed/course1_detail.asp?id=26
10060101110801A,B2005,,โครงการรับบุคคลจบปริญญาตรี,quota,2026,2,3,,1,1,2,https://www.si.mahidol.ac.th/th/department/thaimed/course1_detail.asp?id=26
10060101111401A,68ef2a0e64cc1de047883458,,,portfolio,2026,18,3,,1,2,2,https://www.facebook.com/sietmu
10060101111401A,68f6f8e127b76be0eb0876ab,,,quota,2026,13,3,,1,2,2,รายละเอียด วันเวลาสถานที่ การสอบสัมภาษณ์ ส่งไปทางe-mail ผู้สมัคร
10060101111401A,68f6f8e227b76be0eb0877c5,,,admission,2026,8,3,0,1,2,2,รายละเอียด วันเวลาสถานที่ การสอบสัมภาษณ์ ส่งไปทางe-mail ผู้สมัคร
10060102100101A,A1004,,โครงการหลักสูตรแพทยศาสตรบัณฑิต,portfolio,2026,30,3.5,,1,1,2,https://www.rama.mahidol.ac.th/meded/th/Register
10060102100101A,A1005,,โครงการหลักสูตรแแพทยศาสตรบัณฑิต-วิศวกรรมศาสตรมหาบัณฑิต,portfolio,2026,20,3.5,,1,1,2,https://www.rama.mahidol.ac.th/meded/th/Register
10060102100101A,A1006,,โครการหลักสูตรแแพทยศาสตรบัณฑิต-การจัดการมหาบัณฑิต,portfolio,2026,20,3.5,,1,1,2,https://www.rama.mahidol.ac.th/meded/th/Register
10060102111001A,68ef2a0e64cc1de047883462,A,แก้ไขการได้ยิน,portfolio,2026,5,3,,1,2,2,https://www.rama.mahidol.ac.th/commdis/
10060102111001A,68ef2a0e64cc1de047883464,B,แก้ไขการพูด,portfolio,2026,5,3,,1,2,2,https://www.rama.mahidol.ac.th/commdis/
10060102111001A,68f6f8e227b76be0eb0877c9,A,,admission,2026,12,3,0,1,2,2,"ข้อมูลเพิ่มเติม https://www.rama.mahidol.ac.th/commdis
หัวข้อ “การศึกษา” >> การสมัครเข้าศึกษาในหลักสูตรวิทยาศาสตรบัณฑิต สาขาวิชาความผิดปกติของการสื่อความหมาย"
10060102111001A,68f6f8e227b76be0eb0877cb,B,,admission,2026,8,3,0,1,2,2,"ข้อมูลเพิ่มเติม https://www.rama.mahidol.ac.th/commdis
หัวข้อ “การศึกษา” >> การสมัครเข้าศึกษาในหลักสูตรวิทยาศาสตรบัณฑิต สาขาวิชาความผิดปกติของการสื่อความหมาย"
10060102111001A,B2009,A,โครงการสนับสนุนทุน (โครงการทุนจากต้นสังกัด),quota,2026,5,3,,1,2,2,ข้อมูลเพิ่มเติม https://www.rama.mahidol.ac.th/commdis หัวข้อ “การศึกษา” >> การสมัครเข้าศึกษาในหลักสูตรวิทยาศาสตรบัณฑิต สาขาวิชาความผิดปกติของการสื่อความหมาย รับสมัครอายุไม่เกิน 30 ปี
10060102111001A,B2010,B,โครงการสนับสนุนทุน (โครงการทุนจากต้นสังกัด),quota,2026,6,3,,1,2,2,ข้อมูลเพิ่มเติม https://www.rama.mahidol.ac.th/commdis หัวข้อ “การศึกษา” >> การสมัครเข้าศึกษาในหลักสูตรวิทยาศาสตรบัณฑิต สาขาวิชาความผิดปกติของการสื่อความหมาย รับสมัครอายุไม่เกิน 30 ปี
10060102111601A,A1007,,โครงการ Portfolio,portfolio,2026,15,3,,1,1,2,https://www.rama.mahidol.ac.th/er/th/education/RamaMedic
10060102111601A,A1008,,โครงการ วิทยาศาสตร์การกีฬา (Dual-degree 5 ปี),portfolio,2026,5,3.25,,1,1,2,https://www.rama.mahidol.ac.th/er/th/education/RamaMedic
10060102111601A,B2011,,โครงการนักเรียนความสามารถพิเศษทางฉุกเฉินการแพทย์,quota,2026,19,3,,1,2,2,https://www.rama.mahidol.ac.th/er/
10060102111601A,B2012,,โครงการพัฒนาเจ้าพนักงานฉุกเฉินการแพทย์,quota,2026,19,2.75,,2,2,1,https://www.rama.mahidol.ac.th/er/
10060102111601A,B2143,,โครงการพิเศษ (2 ปริญญา ฉุกเฉินการแพทย์-วิทยาศาสตร์การกีฬา),quota,2026,2,3.25,,2,2,1,https://www.rama.mahidol.ac.th/er/
10060102111601A,C3001,,,admission,2026,7,3,0,1,2,2,https://www.rama.mahidol.ac.th/er/
10060102111701A,68ef2a0e64cc1de047883460,,,portfolio,2026,120,3,,1,2,2,https://www.rama.mahidol.ac.th/nursing/rans/newstudent
10060102111701A,68f6f8e227b76be0eb0877c7,,,admission,2026,86,2.75,0,1,2,2,link รายละเอียด วันเวลาสถานที่ การสอบสัมภาษณ์
10060102111701A,B2006,,โครงการพื้นที่เพิ่อสถาบันการแพทย์จักรีนฤบดินทร์,quota,2026,50,2.75,,1,2,2,link รายละเอียด วันเวลาสถานที่ การสอบสัมภาษณ์
10060102111701A,B2007,,โครงการทุนศูนย์การแพทย์กาญจนาภิเษก,quota,2026,20,2.75,,1,2,2,link รายละเอียด วันเวลาสถานที่ การสอบสัมภาษณ์
10060102111701A,B2008,,โครงการ Accelerated Project,quota,2026,20,2.5,,1,2,2,link รายละเอียด วันเวลาสถานที่ การสอบสัมภาษณ์
10060102111701A,B2132,,โครงการจัดส่งนักศึกษาจังหวัดชายแดนภาคใต้,quota,2026,1,2.75,,1,2,2,link รายละเอียด วันเวลาสถานที่ การสอบสัมภาษณ์
10060102700701B,A1009,,โครงการผู้มีความบกพร่องทางการได้ยิน,portfolio,2026,10,2.5,,1,1,1,https://www.facebook.com/profile.php?id=100057208489672
10060102700701B,A1010,,โครงการผู้ที่มีการได้ยิน,portfolio,2026,10,2.5,,1,1,1,https://www.facebook.com/profile.php?id=100057208489672
10060102700701B,B2013,,โครงการนักเรียนที่มีความบกพร่องทางการได้ยิน,quota,2026,5,2.5,,1,1,1,https://tcas.mahidol.ac.th
10060102700701B,B2014,,โครงการ MOU (โครงการโรงเรียนเครือข่ายฝึกประสบการณ์วิชาขีพ (ผู้มีความบกพร่องทางการได้ยิน)),quota,2026,5,2.5,,1,1,1,https://tcas.mahidol.ac.th
10060102700701B,B2015,,โครงการผู้ที่มีการได้ยิน,quota,2026,4,2.5,,1,1,1,https://tcas.mahidol.ac.th
10060102700701B,C3002,,โครงการผู้ที่มีการได้ยิน,admission,2026,1,2.5,0,1,1,1,https://tcas.mahidol.ac.th
10060103130101A,68ef2a0e64cc1de047883472,,,portfolio,2026,20,3.5,,1,1,2,https://pharmacy.mahidol.ac.th/admissions
10060103130101A,B2016,,โครงการMOU,quota,2026,20,,,1,2,2,https://tcas.mahidol.ac.th/# และ https://pharmacy.mahidol.ac.th/admissions/main.php
10060103130101A,B2017,,โครงการพื้นที่,quota,2026,20,,,1,2,2,https://tcas.mahidol.ac.th/# และ https://pharmacy.mahidol.ac.th/admissions/main.php
10060103130101E,69490362df3e81fe3706eba8,,,portfolio,2026,30,,,1,1,2,https://pharmacy.mahidol.ac.th/admissions
10060103130101E,69f315a37d0ee2c5b7fb4439,,,quota,2026,30,,,1,1,2,https://pharmacy.mahidol.ac.th/admissions
10060104120101A,68ef2a0e64cc1de04788346e,,,portfolio,2026,3,3.5,,1,2,2,https://dt.mahidol.ac.th
10060104120101E,69490362df3e81fe3706eba5,,,portfolio,2026,30,,,1,1,2,https://dt.mahidol.ac.th
10060104120101E,69f315a37d0ee2c5b7fb4434,,,quota,2026,30,,,1,1,2,https://dt.mahidol.ac.th
10060105112101E,68ef2a0e64cc1de047883488,,,portfolio,2026,35,3,,1,1,2,https://sim.sc.mahidol.ac.th/prospective-students/admission-requirement/
10060105112101E,68f6f8e227b76be0eb0877df,,,admission,2026,10,2.75,0,1,1,2,https://sim.sc.mahidol.ac.th/admission-timeline/ และ https://tcas.mahidol.ac.th/
10060105112101E,B2039,,โครงการ MOU (โรงเรียนเครือข่าย),quota,2026,15,3,,1,1,2,https://sim.sc.mahidol.ac.th/admission-timeline/ และ https://tcas.mahidol.ac.th/
10060105112101E,B2126,,โครงการรับตรงโดยคณะ,quota,2026,15,3,,1,1,2,https://sim.sc.mahidol.ac.th/admission-timeline/ และ https://tcas.mahidol.ac.th/
10060105210001A,68f6f8e227b76be0eb0877d1,,,admission,2026,60,2.75,0,1,1,2,http://science.mahidol.ac.th/th/TCAS.php
10060105210001A,A1011,,โครงการสนับสนุนทุน (ทุน Alpha),portfolio,2026,10,2.75,,1,1,2,https://science.mahidol.ac.th/alpha/about/
10060105210001A,A1012,,โครงการสนับสนุนทุน (ทุน พสวท.),portfolio,2026,20,3,,1,2,2,https://science.mahidol.ac.th/th/tcas.php
10060105210001A,A1013,,โครงการ Portfolio (ไม่แยกสาขา),portfolio,2026,30,2.75,,1,1,2,https://science.mahidol.ac.th/th/tcas.php
10060105210001A,B2018,,โครงการ MOU (ห้องเรียนวิทยาศาสตร์) (รับร่วมกัน),quota,2026,50,2.75,,1,1,2,http://science.mahidol.ac.th/th/TCAS.php
10060105210001A,B2019,,โครงการ MOU (โรงเรียนเครือข่าย) (รับร่วมกัน),quota,2026,50,2.75,,1,1,1,http://science.mahidol.ac.th/th/TCAS.php
10060105210001A,B2020,,โครงการพื้นที่ (รับร่วมกัน),quota,2026,50,2.75,,1,1,2,http://science.mahidol.ac.th/th/TCAS.php
10060105210001A,B2135,,โครงการจัดส่งนักศึกษาจังหวัดชายแดนภาคใต้,quota,2026,1,2.75,,1,1,2,http://science.mahidol.ac.th/th/TCAS.php
10060105210301A,68f6f8e227b76be0eb0877d3,,,admission,2026,15,2.75,0,1,1,2,http://science.mahidol.ac.th/th/TCAS.php
10060105210301A,A1014,,สาขาวิชาคณิตศาสตร์,portfolio,2026,20,2.75,,1,1,2,https://science.mahidol.ac.th/th/tcas.php
10060105210301A,B2021,,โครงการพิเศษ (ห้องเรียนวิทยาศาสตร์),quota,2026,20,2.75,,1,1,2,http://science.mahidol.ac.th/th/TCAS.php
10060105210301A,B2022,,โครงการ MOU (โรงเรียนเครือข่าย),quota,2026,20,2.75,,1,1,1,http://science.mahidol.ac.th/th/TCAS.php
10060105210301A,B2023,,โครงการพื้นที่,quota,2026,20,2.75,,1,1,2,http://science.mahidol.ac.th/th/TCAS.php
10060105210301E,68ef2a0e64cc1de047883494,,,portfolio,2026,60,3,,1,1,2,https://mathematics.sc.mahidol.ac.th/
10060105210301E,B2047,,โครงการโรงเรียนเครือข่าย,quota,2026,30,3,,1,1,2,https://mathematics.sc.mahidol.ac.th/ และ https://tcas.mahidol.ac.th/
10060105210301E,B2048,,โครงการเรียนดี,quota,2026,30,2.75,,1,1,2,https://mathematics.sc.mahidol.ac.th/ และ https://tcas.mahidol.ac.th/
10060105210301E,B2049,,โครงการห้องเรียนพิเศษวิทยาศาสตร์ คณิตศาสตร์ เทคโนโลยีและสิ่งแวดล้อม,quota,2026,30,2.75,,1,1,2,https://mathematics.sc.mahidol.ac.th/ และ https://tcas.mahidol.ac.th/
10060105210301E,C3005,,โครงการ-Math-1,admission,2026,40,2.75,0,1,1,2,https://mathematics.sc.mahidol.ac.th/ และ https://tcas.mahidol.ac.th/
10060105210301E,C3006,,โครงการ-Math-2,admission,2026,10,2.75,0,1,1,2,https://mathematics.sc.mahidol.ac.th/ และ https://tcas.mahidol.ac.th/
10060105210302E,68ef2a0e64cc1de047883492,,,portfolio,2026,60,3,,1,1,2,https://mathematics.sc.mahidol.ac.th/
10060105210302E,B2044,,โครงการโรงเรียนเครือข่าย,quota,2026,30,3,,1,1,2,https://mathematics.sc.mahidol.ac.th/ และ https://tcas.mahidol.ac.th/
10060105210302E,B2045,,โครงการเรียนดี,quota,2026,30,2.75,,1,1,2,https://mathematics.sc.mahidol.ac.th/ และ https://tcas.mahidol.ac.th/
10060105210302E,B2046,,โครงการห้องเรียนพิเศษวิทยาศาสตร์ คณิตศาสตร์ เทคโนโลยีและสิ่งแวดล้อม,quota,2026,30,2.75,,1,1,2,https://mathematics.sc.mahidol.ac.th/ และ https://tcas.mahidol.ac.th/
10060105210302E,C3003,,โครงการ-Math-1,admission,2026,40,2.75,0,1,1,2,https://mathematics.sc.mahidol.ac.th/ และ https://tcas.mahidol.ac.th/
10060105210302E,C3004,,โครงการ-Math-2,admission,2026,10,2.75,0,1,1,2,https://mathematics.sc.mahidol.ac.th/ และ https://tcas.mahidol.ac.th/
10060105210401A,68f6f8e227b76be0eb0877d9,,,admission,2026,10,2.75,0,1,1,2,http://science.mahidol.ac.th/th/TCAS.php
10060105210401A,A1017,,สาขาวิชาเคมี,portfolio,2026,20,2.75,,1,1,2,https://science.mahidol.ac.th/th/tcas.php
10060105210401A,B2030,,โครงการ MOU (ห้องเรียนวิทยาศาสตร์) (รับร่วมกัน),quota,2026,15,2.75,,1,1,2,http://science.mahidol.ac.th/th/TCAS.php
10060105210401A,B2031,,โครงการ MOU (โรงเรียนเครือข่าย) (รับร่วมกัน),quota,2026,15,2.75,,1,1,1,http://science.mahidol.ac.th/th/TCAS.php
10060105210401A,B2032,,โครงการพื้นที่ (รับร่วมกัน),quota,2026,15,2.75,,1,1,2,http://science.mahidol.ac.th/th/TCAS.php
10060105210401E,68ef2a0e64cc1de047883490,,,portfolio,2026,60,2.75,,1,1,2,https://sim.sc.mahidol.ac.th/prospective-students/admission-requirement/
10060105210401E,68f6f8e227b76be0eb0877e7,,,admission,2026,40,2.5,,1,1,2,https://sim.sc.mahidol.ac.th/admission-timeline/ และ https://tcas.mahidol.ac.th/
10060105210401E,B2043,,โครงการ MOU (โรงเรียนเครือข่าย),quota,2026,40,2.75,,1,1,2,https://sim.sc.mahidol.ac.th/admission-timeline/ และ https://tcas.mahidol.ac.th/
10060105210401E,B2129,,โครงการรับตรงโดยคณะ,quota,2026,30,2.75,,1,1,2,https://sim.sc.mahidol.ac.th/admission-timeline/ และ https://tcas.mahidol.ac.th/
10060105210701A,68f6f8e227b76be0eb0877dd,,,admission,2026,10,2.75,0,1,1,2,http://science.mahidol.ac.th/th/TCAS.php
10060105210701A,A1019,,สาขาวิชาชีววิทยา,portfolio,2026,20,2.75,,1,1,2,https://science.mahidol.ac.th/th/tcas.php
10060105210701A,B2036,,โครงการพิเศษ (ห้องเรียนวิทยาศาสตร์),quota,2026,15,2.75,,1,1,2,http://science.mahidol.ac.th/th/TCAS.php
10060105210701A,B2037,,โครงการ MOU (โรงเรียนเครือข่าย),quota,2026,15,2.75,,1,1,1,http://science.mahidol.ac.th/th/TCAS.php
10060105210701A,B2038,,โครงการพื้นที่,quota,2026,15,2.75,,1,1,2,http://science.mahidol.ac.th/th/TCAS.php
10060105210701E,68ef2a0e64cc1de04788348a,,,portfolio,2026,60,2.7,,1,1,2,https://sim.sc.mahidol.ac.th/prospective-students/admission-requirement/
10060105210701E,68f6f8e227b76be0eb0877e1,,,admission,2026,30,2,0,1,1,2,https://sim.sc.mahidol.ac.th/admission-timeline/ และ https://tcas.mahidol.ac.th/
10060105210701E,B2040,,โครงการ MOU (โรงเรียนเครือข่าย),quota,2026,30,2.5,,1,1,2,https://sim.sc.mahidol.ac.th/admission-timeline/ และ https://tcas.mahidol.ac.th/
10060105210701E,B2127,,โครงการรับตรงโดยคณะ,quota,2026,30,2.5,,1,1,2,https://sim.sc.mahidol.ac.th/admission-timeline/ และ https://tcas.mahidol.ac.th/
10060105211201A,68f6f8e227b76be0eb0877db,,,admission,2026,10,2.75,0,1,1,2,http://science.mahidol.ac.th/th/TCAS.php
10060105211201A,A1018,,สาขาวิชาเทคโนโลยีชีวภาพ,portfolio,2026,20,2.75,,1,1,2,https://science.mahidol.ac.th/th/tcas.php
10060105211201A,B2033,,โครงการ MOU (ห้องเรียนวิทยาศาสตร์) (รับร่วมกัน),quota,2026,15,2.75,,1,1,2,http://science.mahidol.ac.th/th/TCAS.php
10060105211201A,B2034,,โครงการ MOU (โรงเรียนเครือข่าย) (รับร่วมกัน),quota,2026,15,2.75,,1,1,1,http://science.mahidol.ac.th/th/TCAS.php
10060105211201A,B2035,,โครงการพื้นที่ (รับร่วมกัน),quota,2026,15,2.75,,1,1,2,http://science.mahidol.ac.th/th/TCAS.php
10060105212401E,68ef2a0e64cc1de04788348e,,,portfolio,2026,60,2.7,,1,1,2,https://sim.sc.mahidol.ac.th/prospective-students/admission-requirement/
10060105212401E,68f6f8e227b76be0eb0877e5,,,admission,2026,40,2,0,1,1,2,https://sim.sc.mahidol.ac.th/admission-timeline/ และ https://tcas.mahidol.ac.th/
10060105212401E,B2042,,โครงการ MOU (โรงเรียนเครือข่าย),quota,2026,30,2.7,,1,1,2,https://sim.sc.mahidol.ac.th/admission-timeline/ และ https://tcas.mahidol.ac.th/
10060105212401E,B2128,,โครงการรับตรงโดยคณะ,quota,2026,30,2.7,,1,1,2,https://sim.sc.mahidol.ac.th/admission-timeline/ และ https://tcas.mahidol.ac.th/
10060105212501A,68f6f8e227b76be0eb0877d5,,,admission,2026,20,2.75,0,1,1,2,http://science.mahidol.ac.th/th/TCAS.php
10060105212501A,A1015,,สาขาวิชาพฤกษศาสตร์,portfolio,2026,20,2.75,,1,1,2,https://science.mahidol.ac.th/th/tcas.php
10060105212501A,B2024,,โครงการพิเศษ (ห้องเรียนวิทยาศาสตร์),quota,2026,20,2.75,,1,1,2,http://science.mahidol.ac.th/th/TCAS.php
10060105212501A,B2025,,โครงการ MOU (โรงเรียนเครือข่าย),quota,2026,20,2.75,,1,1,1,http://science.mahidol.ac.th/th/TCAS.php
10060105212501A,B2026,,โครงการพื้นที่,quota,2026,20,2.75,,1,1,2,http://science.mahidol.ac.th/th/TCAS.php
10060105212701A,68f6f8e227b76be0eb0877d7,,,admission,2026,20,2.75,0,1,1,2,http://science.mahidol.ac.th/th/TCAS.php
10060105212701A,A1016,,สาขาวิชาฟิสิกส์,portfolio,2026,20,2.75,,1,1,2,https://science.mahidol.ac.th/th/tcas.php
10060105212701A,B2027,,โครงการพิเศษ (ห้องเรียนวิทยาศาสตร์),quota,2026,20,2.75,,1,1,2,http://science.mahidol.ac.th/th/TCAS.php
10060105212701A,B2028,,โครงการ MOU (โรงเรียนเครือข่าย),quota,2026,20,2.75,,1,1,1,http://science.mahidol.ac.th/th/TCAS.php
10060105212701A,B2029,,โครงการพื้นที่,quota,2026,20,2.75,,1,1,2,http://science.mahidol.ac.th/th/TCAS.php
10060105212801E,68ef2a0e64cc1de04788348c,,,portfolio,2026,40,2.7,,1,1,2,https://sim.sc.mahidol.ac.th/prospective-students/admission-requirement/
10060105212801E,68f6f8e227b76be0eb0877e3,,,admission,2026,40,2,0,1,1,2,https://sim.sc.mahidol.ac.th/admission-timeline/ และ https://tcas.mahidol.ac.th/
10060105212801E,B2041,,โครงการ MOU (โรงเรียนเครือข่าย),quota,2026,20,2.7,,1,1,2,https://sim.sc.mahidol.ac.th/admission-timeline/ และ https://tcas.mahidol.ac.th/
10060106111301A,68ef2a0e64cc1de047883496,,,portfolio,2026,30,3.5,,1,2,2,https://mt.mahidol.ac.th/
10060106111301A,68f6f8e227b76be0eb0877f1,,,admission,2026,54,2.5,0,1,2,2,https://mt.mahidol.ac.th/home-th/tcas/
10060106111301A,B2050,,โครงการพื้นที่,quota,2026,21,3,,1,2,2,https://mt.mahidol.ac.th/home-th/tcas/
10060106111301A,B2051,,โครงการ MOU,quota,2026,10,3.5,,1,2,2,https://mt.mahidol.ac.th/home-th/tcas/
10060106111301A,B2052,,โครงการ OBEC,quota,2026,10,3.5,,1,2,2,https://mt.mahidol.ac.th/home-th/tcas/
10060106111901A,68ef2a0e64cc1de047883498,,,portfolio,2026,10,3.5,,1,2,2,https://mt.mahidol.ac.th/
10060106111901A,68f6f8e227b76be0eb0877f3,,,admission,2026,25,2.75,0,1,2,2,https://mt.mahidol.ac.th/home-th/tcas/
10060106111901A,B2053,,โครงการพื้นที่,quota,2026,8,3,,1,2,2,https://mt.mahidol.ac.th/home-th/tcas/
10060106111901A,B2054,,โครงการ MOU,quota,2026,5,3,,1,2,2,https://mt.mahidol.ac.th/home-th/tcas/
10060106111901A,B2055,,โครงการสนับสนุน (ทุนหลักสูตร วท.บ. สาขารังสีเทคนิค),quota,2026,2,3,,1,2,2,https://mt.mahidol.ac.th/home-th/tcas/
10060107111803A,68ef2a0e64cc1de04788349c,,,portfolio,2026,10,3,,1,1,2,https://www.ph.mahidol.ac.th/ed/
10060107111803A,68f6f8e227b76be0eb087715,,โครงการพื้นที่,quota,2026,30,3,,1,1,2,www.ph.mahidol.ac.th/ed/
10060107111803A,68f6f8e227b76be0eb0877f7,,,admission,2026,60,3,0,1,1,2,http://www.ph.mahidol.ac.th/ed/
10060107112701A,68ef2a0e64cc1de04788349a,,,portfolio,2026,20,3,,1,1,2,https://www.ph.mahidol.ac.th/ed/
10060107112701A,68f6f8e227b76be0eb087713,,โครงการพื้นที่,quota,2026,40,3,,1,1,2,www.ph.mahidol.ac.th/ed/
10060107112701A,68f6f8e227b76be0eb0877f5,,,admission,2026,40,3,0,1,1,2,http://www.ph.mahidol.ac.th/ed/
10060107112701A,B2134,,โครงการจัดส่งนักศึกษาจังหวัดชายแดนภาคใต้,quota,2026,2,3,,1,1,2,www.ph.mahidol.ac.th/ed
10060107112702A,68ef2a0e64cc1de0478834a0,,,portfolio,2026,10,3.5,,1,1,2,https://www.ph.mahidol.ac.th/ed/
10060107112702A,68f6f8e227b76be0eb087719,,โครงการพื้นที่,quota,2026,25,3,,1,1,2,www.ph.mahidol.ac.th/ed/
10060107112702A,68f6f8e227b76be0eb0877fb,,,admission,2026,40,2.5,0,1,1,2,http://www.ph.mahidol.ac.th/ed/
10060107112704A,68ef2a0e64cc1de04788349e,,,portfolio,2026,20,3,,1,1,2,https://www.ph.mahidol.ac.th/ed/
10060107112704A,68f6f8e227b76be0eb087717,,โครงการพื้นที่,quota,2026,10,3,,1,1,2,www.ph.mahidol.ac.th/ed/
10060107112704A,68f6f8e227b76be0eb0877f9,,,admission,2026,50,2.5,0,1,1,2,http://www.ph.mahidol.ac.th/ed/
10060108111701A,68f6f8e227b76be0eb0877fd,,,admission,2026,150,3,0,1,2,2,https://ns.mahidol.ac.th/nurse_th/index.html
10060108111701A,A1020,,โครงการ Portfolio,portfolio,2026,130,3,,1,2,2,https://ns.mahidol.ac.th/nurse_th/index.html
10060108111701A,A1021,,โครงการพิเศษ(โครงการ 2 ภาษา),portfolio,2026,40,3,,1,2,2,https://ns.mahidol.ac.th/nurse_th/index.html
10060108111701A,B2056,,โครงการ MOU (โครงการพยาบาลวิชาชีพเพื่อศูนย์การแพทย์กาญจนาภิเษก),quota,2026,10,3,,1,2,2,https://ns.mahidol.ac.th/nurse_th/index.html
10060108111701A,B2057,,โครงการ MOU (โครงการพยาบาลวิชาชีพเพื่อคณะเวชศาสตร์เขตร้อน),quota,2026,4,3,,1,2,2,https://ns.mahidol.ac.th/nurse_th/index.html
10060108111701A,B2058,,โครงการพิเศษ (โครงการพยาบาลเพื่อศูนย์เวชศาสตร์ผู้สูงอายุ (จังหวัดสมุทรสาคร)),quota,2026,5,3,,1,2,2,https://ns.mahidol.ac.th/nurse_th/index.html
10060108111701A,B2059,,โครงการพิเศษ (โครงการพัฒนาผู้ช่วยพยาบาลที่ปฏิบัติงานในมหาวิทยาลัยมหิดล),quota,2026,10,3,,1,2,2,https://ns.mahidol.ac.th/nurse_th/index.html
10060108111701A,B2060,,โครงการพิเศษ (รับผู้สำเร็จการศึกษาระดับปริญญาตรี),quota,2026,10,3,,1,2,2,https://ns.mahidol.ac.th/nurse_th/index.html
10060108111701A,B2142,,โครงการพื้นที่,quota,2026,20,3,,1,2,2,https://ns.mahidol.ac.th/nurse_th/index.html
10060108111701A,B2144,,โครงการพื้นที่,quota,2026,60,3,,1,2,2,https://ns.mahidol.ac.th/nurse_th/index.html
10060109110101A,68f6f8e227b76be0eb0877ff,,,admission,2026,32,3,0,1,2,2,link รายละเอียด วันเวลาสถานที่ การสอบสัมภาษณ์
10060109110101A,A1022,,โครงการ Portfolio,portfolio,2026,22,3,,1,2,2,https://pt.mahidol.ac.th/thai/pr/tcas_69/
10060109110101A,A1023,,โครงการพิเศษ (โครงการ New Track),portfolio,2026,3,3,,1,2,2,https://pt.mahidol.ac.th/thai/pr/tcas_69/
10060109110101A,B2061,,โครงการพื้นที่,quota,2026,35,3,,1,2,2,link รายละเอียด วันเวลาสถานที่ การสอบสัมภาษณ์
10060109110101A,B2062,,โครงการ MOU (โครงการโรงเรียนเครือข่าย),quota,2026,5,3,,1,2,2,link รายละเอียด วันเวลาสถานที่ การสอบสัมภาษณ์
10060109110101A,B2136,,โครงการจัดส่งนักศึกษาจังหวัดชายแดนภาคใต้,quota,2026,1,3,,1,2,2,link รายละเอียด วันเวลาสถานที่ การสอบสัมภาษณ์
10060109110901A,68ef2a0e64cc1de0478834aa,,,portfolio,2026,10,3,,1,2,2,https://pt.mahidol.ac.th/thai/pr/tcas_69/
10060109110901A,68f6f8e227b76be0eb087801,,,admission,2026,18,2.75,0,1,2,2,link รายละเอียด วันเวลาสถานที่ การสอบสัมภาษณ์
10060109110901A,B2063,,โครงการพื้นที่,quota,2026,10,3,,1,2,2,link รายละเอียด วันเวลาสถานที่ การสอบสัมภาษณ์
10060109110901A,B2064,,โครงการโรงเรียนเครือข่าย,quota,2026,5,3,,1,2,2,link รายละเอียด วันเวลาสถานที่ การสอบสัมภาษณ์
10060110140101A,68ef2a0e64cc1de0478834c0,,,portfolio,2026,10,3.5,,1,1,2,https://vs.mahidol.ac.th/th/bachelor-degree.html
10060110140101A,B2074,,โควต้าพื้นที่,quota,2026,8,3,,1,1,2,https://vs.mahidol.ac.th/th/bachelor-degree.html
10060110140101A,B2075,,โครงการพัฒนาสัตวแพทย์,quota,2026,2,3,,1,1,2,https://vs.mahidol.ac.th/th/bachelor-degree.html
10060111210102E,68ef2a0e64cc1de0478834c6,,,portfolio,2026,20,2.75,,1,1,2,https://en.mahidol.ac.th/curriculum/bsc/nm
10060111210102E,B2071,,โครงการโรงเรียนเครือข่าย (จำนวนรับร่วม),quota,2026,30,2.5,,1,1,2,https://en.mahidol.ac.th/curriculum/bsc/nm
10060111210102E,B2072,,โครงการพื้นที่ (จำนวนรับร่วม),quota,2026,30,2.5,,1,1,2,https://en.mahidol.ac.th/curriculum/bsc/nm
10060111210102E,B2073,,โครงการพื้นที่ (จำนวนรับร่วม) ใช้แต่คะแนน GED,quota,2026,30,,,1,1,2,https://en.mahidol.ac.th/curriculum/bsc/nm
10060111210102E,B2130,,โครงการรับตรงโดยคณะ,quota,2026,30,2.5,,1,1,2,https://en.mahidol.ac.th/curriculum/bsc/nm
10060111210102E,C3009,,Admission กลุ่มที่ 1 ใช้คะแนน A-Level,admission,2026,15,2.5,0,1,1,2,https://en.mahidol.ac.th/curriculum/bsc/nm
10060111210102E,C3010,,Admission กลุ่มที่ 2 ใช้คะแนน TGAT และ TPAT3,admission,2026,20,2.5,,1,1,2,https://en.mahidol.ac.th/curriculum/bsc/nm
10060111210102E,C3011,,Admission กลุ่มที่ 3 ใช้คะแนน GED,admission,2026,5,,,1,1,2,https://en.mahidol.ac.th/curriculum/bsc/nm
10060111213101A,68f6f8e227b76be0eb087817,,,admission,2026,60,3,0,1,1,2,รายละเอียดทางเว็บไซต์ https://en.mahidol.ac.th และเว็บไซต์ tcas.mahidol.ac.th
10060111213101A,A1024,,โรงเรียนเครือข่าย (จำนวนรับร่วม),portfolio,2026,60,3.25,,1,1,2,https://en.mahidol.ac.th/bsc-information
10060111213101A,A1025,,โรงเรียนทั่วประเทศ (จำนวนรับร่วม),portfolio,2026,60,3.25,,1,1,2,https://en.mahidol.ac.th/bsc-information
10060111213101A,B2067,,โครงการโรงเรียนเครือข่าย,quota,2026,30,3,,1,1,2,รายละเอียดทางเว็บไซต์ https://en.mahidol.ac.th และเว็บไซต์ tcas.mahidol.ac.th
10060111213101A,B2068,,โครงการพื้นที่,quota,2026,30,3,,1,1,2,รายละเอียดทางเว็บไซต์ https://en.mahidol.ac.th และเว็บไซต์ tcas.mahidol.ac.th
10060111213101A,B2069,,โครงการวิชาการ,quota,2026,30,3,,1,1,2,รายละเอียดทางเว็บไซต์ https://en.mahidol.ac.th และเว็บไซต์ tcas.mahidol.ac.th
10060111213101A,B2070,,โครงการสนับสนุนทุน (ทุน ODOS),quota,2026,2,3,,1,1,2,รายละเอียดทางเว็บไซต์ https://en.mahidol.ac.th และเว็บไซต์ tcas.mahidol.ac.th
10060112300501A,68ef2a0e64cc1de0478834ba,,,portfolio,2026,15,3,,1,1,2,https://www.eg.mahidol.ac.th/egmu/education/admissions/bachelor-programs.html
10060112300501A,68f6f8e227b76be0eb087739,,,quota,2026,25,3.75,,1,1,2,https://www.eg.mahidol.ac.th/egmu/education/admissions/bachelor-programs.html
10060112300501A,68f6f8e227b76be0eb087811,,,admission,2026,20,3,0,1,2,2,https://www.eg.mahidol.ac.th/egmu/education/admissions/bachelor-programs.html
10060112300601A,68ef2a0e64cc1de0478834b0,,,portfolio,2026,40,3.25,,1,1,2,https://www.eg.mahidol.ac.th/egmu/education/admissions/bachelor-programs.html
10060112300601A,68f6f8e227b76be0eb08772f,,,quota,2026,20,3.25,,1,1,2,https://www.eg.mahidol.ac.th/egmu/education/admissions/bachelor-programs.html
10060112300601A,68f6f8e227b76be0eb087807,,,admission,2026,10,3,0,1,1,2,https://www.eg.mahidol.ac.th/egmu/education/admissions/bachelor-programs.html
10060112300601E,A1026,,โครงการรับนักศึกษา (กลุ่ม GPA ฟิสิกส์),portfolio,2026,25,3,,1,1,2,https://www.eg.mahidol.ac.th/egmu/education/admissions/bachelor-programs.html
10060112300601E,A1027,,โครงการรับนักศึกษา (กลุ่ม GPA เคมี),portfolio,2026,25,3,,1,1,2,https://www.eg.mahidol.ac.th/egmu/education/admissions/bachelor-programs.html
10060112300601E,B2065,,กลุ่ม GPA ฟิสิกส์,quota,2026,10,3,,1,1,2,https://www.eg.mahidol.ac.th/egmu/education/admissions/bachelor-programs.html
10060112300601E,B2066,,กลุ่ม GPA เคมี,quota,2026,10,3,,1,1,2,https://www.eg.mahidol.ac.th/egmu/education/admissions/bachelor-programs.html
10060112300601E,C3007,,โครงการกลุ่ม GPA ฟิสิกส์,admission,2026,20,3,0,1,1,2,https://www.eg.mahidol.ac.th/egmu/education/admissions/bachelor-programs.html
10060112300601E,C3008,,โครงการกลุ่ม GPA เคมี,admission,2026,5,3,0,1,1,2,https://www.eg.mahidol.ac.th/egmu/education/admissions/bachelor-programs.html
10060112300701A,68ef2a0e64cc1de0478834ac,,,portfolio,2026,15,3,,1,1,2,https://www.eg.mahidol.ac.th/egmu/education/admissions/bachelor-programs.html
10060112300701A,68f6f8e227b76be0eb08772d,,,quota,2026,35,3,,1,1,2,https://www.eg.mahidol.ac.th/egmu/education/admissions/bachelor-programs.html
10060112300701A,68f6f8e227b76be0eb087803,,,admission,2026,16,3,0,1,1,2,https://www.eg.mahidol.ac.th/egmu/education/admissions/bachelor-programs.html
10060112300901E,68ef2a0e64cc1de0478834ae,,,portfolio,2026,40,3.25,,1,2,2,https://www.eg.mahidol.ac.th/egmu/education/admissions/bachelor-programs.html
10060112300901E,68f6f8e227b76be0eb087805,,,admission,2026,5,3.25,0,1,1,2,https://www.eg.mahidol.ac.th/egmu/education/admissions/bachelor-programs.html
10060112301601A,68ef2a0e64cc1de0478834bc,,,portfolio,2026,10,3.25,,1,1,2,https://www.eg.mahidol.ac.th/egmu/education/admissions/bachelor-programs.html
10060112301601A,68f6f8e227b76be0eb08773b,,,quota,2026,10,2.75,,1,1,2,https://www.eg.mahidol.ac.th/egmu/education/admissions/bachelor-programs.html
10060112301601A,68f6f8e227b76be0eb087813,,,admission,2026,40,2.5,0,1,1,1,https://www.eg.mahidol.ac.th/egmu/education/admissions/bachelor-programs.html
10060112302101A,68ef2a0e64cc1de0478834be,,,portfolio,2026,25,3,,1,1,2,https://www.eg.mahidol.ac.th/egmu/education/admissions/bachelor-programs.html
10060112302101A,68f6f8e227b76be0eb08773d,,,quota,2026,35,3,,1,1,2,https://www.eg.mahidol.ac.th/egmu/education/admissions/bachelor-programs.html
10060112302101A,68f6f8e227b76be0eb087815,,,admission,2026,25,,0,1,1,2,https://www.eg.mahidol.ac.th/egmu/education/admissions/bachelor-programs.html
10060112303501A,68ef2a0e64cc1de0478834b6,,,portfolio,2026,25,3,,1,1,2,https://www.eg.mahidol.ac.th/egmu/education/admissions/bachelor-programs.html
10060112303501A,68f6f8e227b76be0eb087735,,,quota,2026,20,3,,1,1,2,https://www.eg.mahidol.ac.th/egmu/education/admissions/bachelor-programs.html
10060112303501A,68f6f8e227b76be0eb08780d,,,admission,2026,30,3,0,1,1,2,https://www.eg.mahidol.ac.th/egmu/education/admissions/bachelor-programs.html
10060112303501E,68ef2a0e64cc1de0478834b8,,,portfolio,2026,30,3,,1,1,2,https://www.eg.mahidol.ac.th/egmu/education/admissions/bachelor-programs.html
10060112303501E,68f6f8e227b76be0eb087737,,,quota,2026,10,3,,1,1,2,https://www.eg.mahidol.ac.th/egmu/education/admissions/bachelor-programs.html
10060112303501E,68f6f8e227b76be0eb08780f,,,admission,2026,10,3,0,1,1,2,https://www.eg.mahidol.ac.th/egmu/education/admissions/bachelor-programs.html
10060113901801E,68ef2a0e64cc1de0478834e0,,,portfolio,2026,30,2.75,,1,1,1,https://la.mahidol.ac.th/th/prospective-students/
10060113901801E,68f6f8e227b76be0eb087823,,,admission,2026,5,2.75,0,1,1,2,
10060113901801E,B2079,,โครงการพื้นที่ (นครปฐม กาญจนบุรี สุพรรณบุรี ราชบุรี เพชรบุรี  สมุทรสาคร สมุทรสงคราม กรุงเทพฯ นนทบุรี และอยุธยา),quota,2026,5,2.75,,1,1,1,
10060113901801E,B2080,,โครงการ MOU,quota,2026,3,2.75,,1,1,1,
10060113902001A,68ef2a0e64cc1de0478834de,,,portfolio,2026,60,3,,1,1,1,https://la.mahidol.ac.th/th/prospective-students/
10060113902001A,68f6f8e227b76be0eb087821,,,admission,2026,47,3,0,1,1,2,
10060113902001A,B2078,,โครงการรับนักศึกษาพิเศษ (พิการ),quota,2026,5,3,,1,1,1,
10060113902501A,68ef2a0e64cc1de0478834dc,,,portfolio,2026,60,3.25,,1,1,1,https://la.mahidol.ac.th/th/prospective-students/
10060113902501A,68f6f8e227b76be0eb08781f,,,admission,2026,45,3,0,1,1,2,
10060113902501A,B2076,,โครงการรับนักศึกษาพิเศษ (พิการ),quota,2026,2,3,,1,1,1,
10060113902501A,B2077,,โครงการโรงเรียนนานาชาติ,quota,2026,5,3.25,,2,1,2,
10060114112401A,68ef2a0e64cc1de0478834e8,,,portfolio,2026,20,3,,1,2,2,https://www.facebook.com/MUMedicalRec
10060114112401A,68f6f8e327b76be0eb087825,,,admission,2026,30,2.75,0,1,2,2,https://drive.google.com/drive/folders/1v3eBOJZRg07z6nfP1UAX-0C4DDvf_U2I?usp=sharing
10060114112401A,B2081,,โครงการพื้นที่,quota,2026,40,2.75,,1,2,2,https://drive.google.com/drive/folders/1YAHSVtcPKlhnx3UuGN9Sg4VOcMjAL5PF?usp=sharing
10060114901001A,68ef2a0e64cc1de0478834ea,,,portfolio,2026,30,3.25,,1,2,2,https://drive.google.com/file/d/1Evc_SUZdt_z8hoaIvzlHVyYaZq6z8V-X/view?usp=drive_link
10060114901001A,B2129,,โครงการพื้นที่กรุงเทพ-ปริมณฑล (เลือกสอบวิชาคณิต 1),quota,2026,18,2.5,,1,1,1,
10060114901001A,B2130,,โครงการพื้นที่กรุงเทพ-ปริมณฑล (เลือกสอบวิชาคณิต 2),quota,2026,18,2.5,,1,1,1,
10060114901001A,B2131,,โครงการพื้นที่กรุงเทพ-ปริมณฑล (เลือกสอบวิชาวิทยาศาสตร์ประยุกต์),quota,2026,18,2.5,,1,1,1,
10060114901001A,B2132,,โครงการพื้นที่กรุงเทพ-ปริมณฑล (เลือกสอบวิชาฟิสิกส์),quota,2026,18,2.5,,1,1,1,
10060114901001A,B2133,,โครงการพื้นที่กรุงเทพ-ปริมณฑล (เลือกสอบวิชาเคมี),quota,2026,18,2.5,,1,1,1,
10060114901001A,B2134,,โครงการพื้นที่กรุงเทพ-ปริมณฑล (เลือกสอบวิชาชีววิทยา),quota,2026,18,2.5,,1,1,1,
10060114901001A,B2135,,โครงการพื้นที่กรุงเทพ-ปริมณฑล (เลือกสอบวิชาภาษาฝรั่งเศส),quota,2026,18,2.5,,1,1,1,
10060114901001A,B2136,,โครงการพื้นที่กรุงเทพ-ปริมณฑล (เลือกสอบวิชาภาษาเยอรมัน),quota,2026,18,2.5,,1,1,1,
10060114901001A,B2137,,โครงการพื้นที่กรุงเทพ-ปริมณฑล (เลือกสอบวิชาภาษาญี่ปุ่น),quota,2026,18,2.5,,1,1,1,
10060114901001A,B2138,,โครงการพื้นที่กรุงเทพ-ปริมณฑล (เลือกสอบวิชาภาษาเกาหลี),quota,2026,18,2.5,,1,1,1,
10060114901001A,B2139,,โครงการพื้นที่กรุงเทพ-ปริมณฑล (เลือกสอบวิชาภาษาจีน),quota,2026,18,2.5,,1,1,1,
10060114901001A,B2140,,โครงการพื้นที่กรุงเทพ-ปริมณฑล (เลือกสอบวิชาภาษาบาลี),quota,2026,18,2.5,,1,1,1,
10060114901001A,B2141,,โครงการพื้นที่กรุงเทพ-ปริมณฑล (เลือกสอบวิชาภาษาสเปน),quota,2026,18,2.5,,1,1,1,
10060114901001A,B2142,,โครงการพื้นที่วิทยาเขต,quota,2026,18,2.5,,1,1,1,
10060114901001A,C3019,,เลือกสอบวิชาคณิต 1,admission,2026,45,2.5,0,1,1,1,https://drive.google.com/file/d/16cZs7iO6wGcDWhau3Ov_WLtJRW683A-Y/view?usp=drive_link
10060114901001A,C3020,,เลือกสอบวิชาคณิต 2,admission,2026,45,2.5,0,1,1,1,https://drive.google.com/file/d/16cZs7iO6wGcDWhau3Ov_WLtJRW683A-Y/view?usp=drive_link
10060114901001A,C3021,,เลือกสอบวิชาวิทยาศาสตร์ประยุกต์,admission,2026,45,2.5,0,1,1,1,https://drive.google.com/file/d/16cZs7iO6wGcDWhau3Ov_WLtJRW683A-Y/view?usp=drive_link
10060114901001A,C3022,,เลือกสอบวิชาฟิสิกส์,admission,2026,45,2.5,0,1,1,1,https://drive.google.com/file/d/16cZs7iO6wGcDWhau3Ov_WLtJRW683A-Y/view?usp=drive_link
10060114901001A,C3023,,เลือกสอบวิชาเคมี,admission,2026,45,2.5,0,1,1,1,https://drive.google.com/file/d/16cZs7iO6wGcDWhau3Ov_WLtJRW683A-Y/view?usp=drive_link
10060114901001A,C3024,,เลือกสอบวิชาชีววิทยา,admission,2026,45,2.5,0,1,1,1,https://drive.google.com/file/d/16cZs7iO6wGcDWhau3Ov_WLtJRW683A-Y/view?usp=drive_link
10060114901001A,C3025,,เลือกสอบวิชาภาษาฝรั่งเศส,admission,2026,45,2.5,0,1,1,1,https://drive.google.com/file/d/16cZs7iO6wGcDWhau3Ov_WLtJRW683A-Y/view?usp=drive_link
10060114901001A,C3026,,เลือกสอบวิชาภาษาเยอรมัน,admission,2026,45,2.5,0,1,1,1,https://drive.google.com/file/d/16cZs7iO6wGcDWhau3Ov_WLtJRW683A-Y/view?usp=drive_link
10060114901001A,C3027,,เลือกสอบวิชาภาษาญี่ปุ่น,admission,2026,45,2.5,0,1,1,1,https://drive.google.com/file/d/16cZs7iO6wGcDWhau3Ov_WLtJRW683A-Y/view?usp=drive_link
10060114901001A,C3028,,เลือกสอบวิชาภาษาเกาหลี,admission,2026,45,2.5,0,1,1,1,https://drive.google.com/file/d/16cZs7iO6wGcDWhau3Ov_WLtJRW683A-Y/view?usp=drive_link
10060114901001A,C3029,,เลือกสอบวิชาภาษาจีน,admission,2026,45,2.5,0,1,1,1,https://drive.google.com/file/d/16cZs7iO6wGcDWhau3Ov_WLtJRW683A-Y/view?usp=drive_link
10060114901001A,C3030,,เลือกสอบวิชาภาษาบาลี,admission,2026,45,2.5,0,1,1,1,https://drive.google.com/file/d/16cZs7iO6wGcDWhau3Ov_WLtJRW683A-Y/view?usp=drive_link
10060114901001A,C3031,,เลือกสอบวิชาภาษาสเปน,admission,2026,45,2.5,0,1,1,1,https://drive.google.com/file/d/16cZs7iO6wGcDWhau3Ov_WLtJRW683A-Y/view?usp=drive_link
10060115220101E,68ef2a0e64cc1de0478834fa,,,portfolio,2026,60,2.5,,1,1,2,www.ict.mahidol.ac.th
10060115220101E,68f6f8e227b76be0eb087761,,,quota,2026,15,3,,1,1,2,
10060115220101E,C3016,,กลุ่ม TGAT-TPAT3,admission,2026,25,2.5,0,1,1,2,
10060115220101E,C3017,,กลุ่ม A_level,admission,2026,25,2.5,0,1,1,2,
10060115220301A,68f6f8e127b76be0eb08769f,,,portfolio,2026,60,2.5,,1,2,1,www.ict.mahidol.ac.th
10060115220301A,B2084,,โครงการสายสามัญ,quota,2026,20,3,,1,2,2,
10060115220301A,B2085,,โครงการสายอาชีวศึกษา,quota,2026,20,3,,2,2,1,
10060115220301A,C3015,,กลุ่ม A_level,admission,2026,15,2.5,0,1,2,2,
10060115220301A,C3018,,กลุ่ม TGAT-TPAT3,admission,2026,15,2.5,0,1,2,2,
10060116901501A,68f6f8e327b76be0eb087833,,,admission,2026,100,2.75,0,1,1,1,https://crs.mahidol.ac.th/crs/
10060116901501A,A1028,,โครงการรับนักศึกษาแบบ portfolio,portfolio,2026,110,2.75,,1,1,2,https://crs.mahidol.ac.th/crs/
10060116901501A,A1029,,โครงการพิเศษ (โครงการรับพระภิกษุ สามเณร) (รับร่วมกัน),portfolio,2026,110,,,1,1,1,https://crs.mahidol.ac.th/crs/
10060116901501A,A1030,,โครงการพิเศษ(โครงการรับบุคคลทั่วไปที่สนใจและมีผลงานโดดเด่นด้านศาสน),portfolio,2026,110,,,2,2,1,https://crs.mahidol.ac.th/crs/
10060116901501A,B2089,,โครงการพื้นที่,quota,2026,100,2.75,,1,1,2,https://crs.mahidol.ac.th/crs/
10060116901501A,B2090,,โครงการพิเศษ (โครงการรับพระภิกษุ สามเณร จากโรงเรียนหลักสูตรแกนกลาง/โรงเรียนพระปริยัติธรรมแผนกสามัญศึกษา),quota,2026,100,2.75,,1,2,2,https://crs.mahidol.ac.th/crs/
10060116901501A,B2091,,โครงการพิเศษ (โครงการรับพระภิกษุ สามเณร เปรียญธรรม 5 ประโยค),quota,2026,100,,,2,2,2,https://crs.mahidol.ac.th/crs/
10060116901501A,B2092,,โครงการพิเศษ (โครงการรับนักศึกษาเพื่อขยายโอกาสทางการศึกษา),quota,2026,100,2.75,,1,2,2,https://crs.mahidol.ac.th/crs/
10060117112001A,68ef2a0e64cc1de0478834c8,,,portfolio,2026,10,,,1,1,2,https://ss.mahidol.ac.th/th/index.php/th/about-us-th-3/bsc-th#tab
10060117112001A,68f6f8e327b76be0eb08782d,,,admission,2026,35,,0,1,1,2,https://ss.mahidol.ac.th/
10060117112001A,B2086,,โควต้านักกีฬา,quota,2026,20,,,1,1,2,https://ss.mahidol.ac.th/
10060117112002A,68ef2a0e64cc1de0478834ca,A,,portfolio,2026,10,,,1,1,2,https://ss.mahidol.ac.th/th/index.php/th/about-us-th-3/ba-th/ba-sp-th
10060117112002A,68ef2a0e64cc1de0478834cc,B,,portfolio,2026,10,,,1,1,2,https://ss.mahidol.ac.th/th/index.php/th/about-us-th-3/ba-th/ba-sp-th-2
10060117112002A,68f6f8e327b76be0eb08782f,A,,admission,2026,30,,0,1,1,2,https://ss.mahidol.ac.th/
10060117112002A,68f6f8e327b76be0eb087831,B,,admission,2026,5,,0,1,1,2,https://ss.mahidol.ac.th/
10060117112002A,B2087,A,โควต้านักกีฬา (การออกกำลังกาย),quota,2026,20,,,1,1,2,https://ss.mahidol.ac.th/
10060117112002A,B2088,B,โควต้านักกีฬา (ฟุตบอล),quota,2026,30,,,1,1,2,https://ss.mahidol.ac.th/
10060219210701A,68ef2a0e64cc1de0478834d0,,,portfolio,2026,15,2.5,,1,1,1,https://ka.mahidol.ac.th/th/
10060219210701A,68f6f8e327b76be0eb087837,,,admission,2026,30,2.5,0,1,1,1,รายละเอียดสัมภาษณ์ ที่ https://ka.mahidol.ac.th/th/
10060219210701A,B2095,,โครงการพื้นที่,quota,2026,10,2.5,,1,1,1,รายละเอียดสัมภาษณ์ ที่ https://ka.mahidol.ac.th/th/
10060219210701A,B2096,,โครงการ MOU,quota,2026,10,2.5,,1,1,1,รายละเอียดสัมภาษณ์ ที่ https://ka.mahidol.ac.th/th/
10060219210701A,B2144,,โครงการสำนักงานเขตพื้นที่การศึกษามัธยมศึกษากาญจนบุรี,quota,2026,10,2.5,,1,1,1,รายละเอียดสัมภาษณ์ ที่ https://ka.mahidol.ac.th/th/
10060219211001A,68ef2a0e64cc1de0478834ce,,,portfolio,2026,25,3.25,,1,1,2,https://ka.mahidol.ac.th/th/
10060219211001A,68f6f8e327b76be0eb087835,,,admission,2026,40,,0,1,1,1,รายละเอียดสัมภาษณ์ ที่ https://ka.mahidol.ac.th/th/
10060219211001A,B2093,,โครงการพื้นที่,quota,2026,30,2.75,,1,1,1,รายละเอียดสัมภาษณ์ ที่ https://ka.mahidol.ac.th/th/
10060219211001A,B2094,,โครงการ MOU,quota,2026,30,2.75,,1,1,1,รายละเอียดสัมภาษณ์ ที่ https://ka.mahidol.ac.th/th/
10060219211001A,B2143,,โครงการสำนักงานเขตพื้นที่การศึกษามัธยมศึกษากาญจนบุรี,quota,2026,30,2.75,,1,1,1,รายละเอียดสัมภาษณ์ ที่ https://ka.mahidol.ac.th/th/
10060219212301A,68ef2a0e64cc1de0478834d4,,,portfolio,2026,30,2.5,,1,1,1,https://ka.mahidol.ac.th/th/
10060219212301A,68f6f8e327b76be0eb08783b,,,admission,2026,20,2.5,0,1,1,1,รายละเอียดสัมภาษณ์ ที่ https://ka.mahidol.ac.th/th/
10060219212301A,B2100,,โครงการพื้นที่,quota,2026,25,2.5,,1,1,1,รายละเอียดสัมภาษณ์ ที่ https://ka.mahidol.ac.th/th/
10060219212301A,B2101,,โครงการ MOU,quota,2026,25,2.5,,1,1,1,รายละเอียดสัมภาษณ์ ที่ https://ka.mahidol.ac.th/th/
10060219212301A,B2102,,โครงการโรงเรียนศูนย์ สอวน. วิทยาศาสตร์โลกและอวกาศ (Teso),quota,2026,25,2.5,,1,1,1,รายละเอียดสัมภาษณ์ ที่ https://ka.mahidol.ac.th/th/
10060219212301A,B2146,,โครงการสำนักงานเขตพื้นที่การศึกษามัธยมศึกษากาญจนบุรี,quota,2026,25,2.5,,1,1,1,รายละเอียดสัมภาษณ์ ที่ https://ka.mahidol.ac.th/th/
10060219302801A,68ef2a0e64cc1de0478834da,,,portfolio,2026,40,2.5,,1,1,2,https://ka.mahidol.ac.th/th/
10060219302801A,68f6f8e327b76be0eb087843,,,admission,2026,30,2.75,0,1,1,2,รายละเอียดสัมภาษณ์ ที่ https://ka.mahidol.ac.th/th/
10060219302801A,B2107,,โครงการพื้นที่,quota,2026,30,2.5,,1,1,2,รายละเอียดสัมภาษณ์ ที่ https://ka.mahidol.ac.th/th/
10060219302801A,B2108,,โครงการ MOU,quota,2026,30,2.5,,1,1,2,รายละเอียดสัมภาษณ์ ที่ https://ka.mahidol.ac.th/th/
10060219302801A,B2149,,โครงการสำนักงานเขตพื้นที่การศึกษามัธยมศึกษากาญจนบุรี,quota,2026,30,2.5,,1,1,2,รายละเอียดสัมภาษณ์ ที่ https://ka.mahidol.ac.th/th/
10060219500201A,68ef2a0e64cc1de0478834d2,,,portfolio,2026,40,2.25,,1,1,1,https://ka.mahidol.ac.th/th/
10060219500201A,68f6f8e327b76be0eb087839,,,admission,2026,60,2.5,0,1,1,1,รายละเอียดสัมภาษณ์ ที่ https://ka.mahidol.ac.th/th/
10060219500201A,B2097,,โครงการพื้นที่,quota,2026,30,2.25,,1,1,1,รายละเอียดสัมภาษณ์ ที่ https://ka.mahidol.ac.th/th/
10060219500201A,B2098,,โครงการเกษตรอุปการะ,quota,2026,30,2.25,,1,1,1,รายละเอียดสัมภาษณ์ ที่ https://ka.mahidol.ac.th/th/
10060219500201A,B2099,,โครงการ MOU,quota,2026,30,2.25,,1,1,1,รายละเอียดสัมภาษณ์ ที่ https://ka.mahidol.ac.th/th/
10060219500201A,B2145,,โครงการสำนักงานเขตพื้นที่การศึกษามัธยมศึกษากาญจนบุรี,quota,2026,30,2.25,,1,1,1,รายละเอียดสัมภาษณ์ ที่ https://ka.mahidol.ac.th/th/
10060219610501A,68ef2a0e64cc1de0478834d8,,,portfolio,2026,15,3.5,,1,1,1,https://ka.mahidol.ac.th/th/
10060219610501A,68f6f8e327b76be0eb087841,,,admission,2026,45,2.75,0,1,1,1,รายละเอียดสัมภาษณ์ ที่ https://ka.mahidol.ac.th/th/
10060219610501A,B2105,,โครงการพื้นที่,quota,2026,30,2.75,,1,1,1,รายละเอียดสัมภาษณ์ ที่ https://ka.mahidol.ac.th/th/
10060219610501A,B2106,,โครงการ MOU,quota,2026,30,2.75,,1,1,1,รายละเอียดสัมภาษณ์ ที่ https://ka.mahidol.ac.th/th/
10060219610501A,B2148,,โครงการสำนักงานเขตพื้นที่การศึกษามัธยมศึกษากาญจนบุรี,quota,2026,30,2.75,,1,1,1,รายละเอียดสัมภาษณ์ ที่ https://ka.mahidol.ac.th/th/
10060219610801A,68ef2a0e64cc1de0478834d6,,,portfolio,2026,20,3.5,,1,2,2,https://ka.mahidol.ac.th/th/
10060219610801A,B2103,,โครงการพื้นที่,quota,2026,30,2,,1,2,2,รายละเอียดสัมภาษณ์ ที่ https://ka.mahidol.ac.th/th/
10060219610801A,B2104,,โครงการ MOU,quota,2026,30,2,,1,2,2,รายละเอียดสัมภาษณ์ ที่ https://ka.mahidol.ac.th/th/
10060219610801A,B2147,,โครงการสำนักงานเขตพื้นที่การศึกษามัธยมศึกษากาญจนบุรี,quota,2026,30,2,,1,2,2,รายละเอียดสัมภาษณ์ ที่ https://ka.mahidol.ac.th/th/
10060219610801A,C3013,,กลุ่มวิทย์คณิต,admission,2026,50,2.5,0,1,2,2,รายละเอียดสัมภาษณ์ ที่ https://ka.mahidol.ac.th/th/
10060219610801A,C3014,,กลุ่มศิลป์คำนวณ,admission,2026,50,2.5,0,1,2,2,รายละเอียดสัมภาษณ์ ที่ https://ka.mahidol.ac.th/th/
10060320111701A,B2113,,โครงการ MOU (โครงการทุนองค์การบริหารส่วนจังหวัดกาญจนบุรี),quota,2026,64,2.75,,1,2,2,link รายละเอียด วันเวลาสถานที่ การสอบสัมภาษณ์  ได้ที่ Link: https://www.facebook.com/NWNSNakhonsawan?ref=embed_page
10060320111701A,B2114,,โครงการ MOU (โครงการทุนโรงพยาบาลอุทัยธานี),quota,2026,64,2.75,,1,2,2,link รายละเอียด วันเวลาสถานที่ การสอบสัมภาษณ์  ได้ที่ Link: https://www.facebook.com/NWNSNakhonsawan?ref=embed_page
10060320111701A,B2115,,โครงการพื้นที่,quota,2026,64,2.75,,1,2,2,link รายละเอียด วันเวลาสถานที่ การสอบสัมภาษณ์  ได้ที่ Link: https://www.facebook.com/NWNSNakhonsawan?ref=embed_page
10060320112701A,68ef2a0e64cc1de0478834ec,,,portfolio,2026,25,3.25,,1,2,2,https://www.facebook.com/PublicHealthMUNA และ https://na.mahidol.ac.th/academic/tcasmuna
10060320112701A,68f6f8e227b76be0eb087795,,,quota,2026,10,3.25,,1,2,2,link รายละเอียด วันเวลาสถานที่ การสอบสัมภาษณ์ ได้ที่ Link: https://www.facebook.com/PublicHealthMUNA และ https://na.mahidol.ac.th/academic/tcasmuna
10060320112701A,68f6f8e327b76be0eb087845,,,admission,2026,40,3,0,1,2,2,link รายละเอียด วันเวลาสถานที่ การสอบสัมภาษณ์ ได้ที่ Link: https://www.facebook.com/PublicHealthMUNA และ https://na.mahidol.ac.th/academic/tcasmuna
10060320500201A,68ef2a0e64cc1de0478834f0,,,portfolio,2026,10,2.25,,1,2,1,https://www.facebook.com/PublicHealthMUNA และ https://na.mahidol.ac.th/academic/tcasmuna
10060320500201A,68f6f8e227b76be0eb08779f,,,quota,2026,30,2.5,,1,2,2,https://www.facebook.com/PublicHealthMUNA และ https://na.mahidol.ac.th/academic/tcasmuna
10060320500201A,68f6f8e327b76be0eb087849,,,admission,2026,45,2.5,0,1,2,2,Link: https://www.facebook.com/smartfarmer.muna และ https://na.mahidol.academic/tcasmuna/
10060320900301A,68ef2a0e64cc1de0478834ee,,,portfolio,2026,10,2.5,,1,1,1,https://www.facebook.com/PublicHealthMUNA และ https://na.mahidol.ac.th/academic/tcasmuna
10060320900301A,68f6f8e327b76be0eb087847,,,admission,2026,60,2.5,0,1,1,1,
10060320900301A,B2109,,โครงการพื้นที่ (จำนวนรับร่วม),quota,2026,5,2.5,,1,1,1,link รายละเอียด วันเวลาสถานที่ การสอบสัมภาษณ์  ได้ที่ Link: https://www.facebook.com/ECEP.MUNA และ https://na.mahidol.ac.th/academic/tcasmuna
10060320900301A,B2110,,โครงการผู้ปกครองเป็นนักธุรกิจหรือผู้ประกอบการ (จำนวนรับร่วม),quota,2026,5,2.5,,1,1,1,link รายละเอียด วันเวลาสถานที่ การสอบสัมภาษณ์  ได้ที่ Link: https://www.facebook.com/ECEP.MUNA และ https://na.mahidol.ac.th/academic/tcasmuna
10060320900301A,B2111,,โครงการแนะแนวหรือ Open House (จำนวนรับร่วม),quota,2026,5,2.5,,1,1,1,link รายละเอียด วันเวลาสถานที่ การสอบสัมภาษณ์  ได้ที่ Link: https://www.facebook.com/ECEP.MUNA และ https://na.mahidol.ac.th/academic/tcasmuna
10060320900301A,B2112,,โครงการผู้มีคะแนน GAT (จำนวนรับร่วม),quota,2026,5,2.5,,1,1,1,link รายละเอียด วันเวลาสถานที่ การสอบสัมภาษณ์  ได้ที่ Link: https://www.facebook.com/ECEP.MUNA และ https://na.mahidol.ac.th/academic/tcasmuna
10060421112101A,68ef2a0e64cc1de0478834f8,,,portfolio,2026,10,2.75,,1,2,2,https://am.mahidol.ac.th/
10060421112101A,68f6f8e327b76be0eb087851,,,admission,2026,30,2.75,0,1,2,2,จะแจ้งให้ทราบภายหลัง
10060421112101A,B2126,,โครงการพื้นที่,quota,2026,15,2.75,,1,2,2,จะแจ้งให้ทราบภายหลัง
10060421112101A,B2127,,โครงการพืเศษ (โครงการเรียนดี),quota,2026,15,3,,1,2,2,จะแจ้งให้ทราบภายหลัง
10060421112101A,B2128,,โครงการ MOU,quota,2026,5,2.75,,1,2,2,จะแจ้งให้ทราบภายหลัง
10060421112701A,68ef2a0e64cc1de0478834f2,,,portfolio,2026,40,2.75,,1,2,2,https://am.mahidol.ac.th/
10060421112701A,68f6f8e327b76be0eb08784b,,,admission,2026,20,3,0,1,2,2,จะแจ้งให้ทราบภายหลัง
10060421112701A,B2116,,โครงการพื้นที่,quota,2026,20,2.75,,1,2,2,จะแจ้งให้ทราบภายหลัง
10060421112701A,B2117,,โครงการพิเศษ (เรียนดี),quota,2026,20,3,,1,2,2,จะแจ้งให้ทราบภายหลัง
10060421112701A,B2133,,โครงการจัดส่งนักศึกษาจังหวัดชายแดนภาคใต้,quota,2026,1,2.75,,1,2,2,https://am.mahidol.ac.th/
10060421112701A,B2150,,โครงการพิเศษ (อาชีวศึกษา),quota,2026,5,2.5,,2,2,1,จะแจ้งให้ทราบภายหลัง
10060421500201A,68ef2a0e64cc1de0478834f4,,,portfolio,2026,40,2,,1,2,1,https://am.mahidol.ac.th/
10060421500201A,68f6f8e327b76be0eb08784d,,,admission,2026,40,2,0,1,2,1,จะแจ้งให้ทราบภายหลัง
10060421500201A,B2118,,โครงการพื้้นที่,quota,2026,40,2,,1,2,1,
10060421500201A,B2119,,โครงการ MOU โรงเรียนเครือข่าย,quota,2026,40,2,,1,2,2,
10060421500201A,B2120,,โครงการพิเศษ (เรียนดี),quota,2026,40,2,,1,2,2,
10060421500201A,B2121,,โครงการพิเศษ (กิจกรรมเด่น),quota,2026,40,2,,1,2,2,
10060421903503A,68ef2a0e64cc1de0478834f6,,,portfolio,2026,20,2,,1,1,1,https://am.mahidol.ac.th/
10060421903503A,68f6f8e327b76be0eb08784f,,,admission,2026,30,2,0,1,1,1,จะแจ้งให้ทราบภายหลัง
10060421903503A,B2122,,โครงการพื้นที่,quota,2026,40,2,,1,1,1,จะแจ้งให้ทราบภายหลัง
10060421903503A,B2123,,โครงการ MOU โรงเรียนเครือข่าย,quota,2026,40,2,,1,1,1,จะแจ้งให้ทราบภายหลัง
10060421903503A,B2124,,โครงการพิเศษ (โครงการเรียนดี),quota,2026,40,3,,1,1,1,จะแจ้งให้ทราบภายหลัง
10060421903503A,B2125,,โครงการพิเศษ (โครงการกิจกรรมเด่น),quota,2026,40,2,,1,1,1,จะแจ้งให้ทราบภายหลัง
10060522100101A,68f6f8e127b76be0eb0876ad,,,quota,2026,52,3,,1,2,2,
10090101702001A,A0001,,Admission,admission,2026,13,3,0,1,2,2,https://admission.swu.ac.th
10090101702001A,D0001,,โครงการผู้มีทักษะพิเศษ,portfolio,2026,10,3,0,1,2,2,https://admission.swu.ac.th
10090101702001A,D0001,,โครงการผู้มีทักษะพิเศษ,quota,2026,8,3,,1,2,2,https://admission.swu.ac.th
10090101702001A,D0003,,โครงการความร่วมมือโรงเรียนสาธิต มศว และโรงเรียนในเครือข่าย,quota,2026,2,3,,1,2,2,https://admission.swu.ac.th
10090101702001A,D0009,,โครงการโรงเรียนในเขตพื้นที่มหาวิทยาลัยและปริมณฑล,quota,2026,5,3,,1,2,2,https://admission.swu.ac.th
10090101702002A,A0018,,Admission (รับกลุ่ม แกนกลาง),admission,2026,16,3.25,0,1,2,2,https://admission.swu.ac.th
10090101702002A,A0019,,Admission (รับกลุ่ม นานาชาติ GED),admission,2026,16,3.25,0,2,1,2,https://admission.swu.ac.th
10090101702002A,D0001,,โครงการผู้มีทักษะพิเศษ,portfolio,2026,10,3.25,0,1,1,1,https://admission.swu.ac.th
10090101900701A,A0001,,Admission,admission,2026,55,2,0,1,1,1,https://admission.swu.ac.th
10090101900701A,D0001,,โครงการผู้มีทักษะพิเศษ,portfolio,2026,10,2.5,0,1,1,1,https://admission.swu.ac.th
10090101900701A,D0003,,โครงการความร่วมมือโรงเรียนสาธิต มศว และโรงเรียนในเครือข่าย,quota,2026,4,2,,1,2,2,https://admission.swu.ac.th
10090101900701A,D0004,,โครงการรับบุตรและคู่สมรสของทหาร ตำรวจตระเวนชายแดน,quota,2026,2,2,,1,1,1,https://admission.swu.ac.th
10090101900701A,D0009,,โครงการโรงเรียนในเขตพื้นที่มหาวิทยาลัยและปริมณฑล,quota,2026,20,2,,1,1,1,https://admission.swu.ac.th
10090101900701A,G0002,,โครงการผู้พิการ,portfolio,2026,2,2.5,0,1,1,1,https://admission.swu.ac.th
10090101900701A,G0008,,โครงการนักกีฬา,quota,2026,2,2,,1,1,1,https://admission.swu.ac.th
10090101900701B,A0001,,Admission,admission,2026,26,2,0,1,1,1,https://admission.swu.ac.th
10090101900701B,D0001,,โครงการผู้มีทักษะพิเศษ,portfolio,2026,10,2.5,0,1,1,1,https://admission.swu.ac.th
10090101900701B,D0003,,โครงการความร่วมมือโรงเรียนสาธิต มศว และโรงเรียนในเครือข่าย,quota,2026,5,2,,1,2,2,https://admission.swu.ac.th
10090101900701B,D0009,,โครงการโรงเรียนในเขตพื้นที่มหาวิทยาลัยและปริมณฑล,quota,2026,15,2,,1,1,1,https://admission.swu.ac.th
10090101901201A,A0002,,Admission (รับกลุ่ม แกนกลาง),admission,2026,44,2.5,0,1,2,2,https://admission.swu.ac.th
10090101901201A,A0003,,Admission (รับกลุ่ม นานาชาติ อาชีวะ กศน. GED),admission,2026,44,2.5,0,2,1,1,https://admission.swu.ac.th
10090101901201A,G0001,,โครงการเด็กดีมีที่เรียน,portfolio,2026,10,2.5,0,1,1,1,https://admission.swu.ac.th
10090101901201B,A0004,,Admission (รับกลุ่ม แกนกลาง),admission,2026,48,2.5,0,1,2,2,https://admission.swu.ac.th
10090101901201B,A0005,,Admission (รับกลุ่ม นานาชาติ อาชีวะ กศน. GED),admission,2026,48,2.5,0,2,1,1,https://admission.swu.ac.th
10090101901501A,A0001,,Admission,admission,2026,42,2.5,0,1,1,2,https://admission.swu.ac.th
10090101901501A,D0003,,โครงการความร่วมมือโรงเรียนสาธิต มศว และโรงเรียนในเครือข่าย,quota,2026,5,2.5,,1,2,2,https://admission.swu.ac.th
10090101901501A,D0009,,โครงการโรงเรียนในเขตพื้นที่มหาวิทยาลัยและปริมณฑล,quota,2026,15,2.5,,1,1,2,https://admission.swu.ac.th
10090101901501A,G0001,,โครงการเด็กดีมีที่เรียน,portfolio,2026,30,2.5,0,1,1,2,https://admission.swu.ac.th
10090101902001A,A0012,,Admission (รับกลุ่ม แกนกลาง),admission,2026,55,2.5,0,1,2,2,https://admission.swu.ac.th
10090101902001A,A0013,,Admission (รับกลุ่ม นานาชาติ อาชีวะ กศน.),admission,2026,55,2.5,0,2,1,1,https://admission.swu.ac.th
10090101902001A,D0004,,โครงการรับบุตรและคู่สมรสของทหาร ตำรวจตระเวนชายแดน,quota,2026,5,3,,1,2,1,https://admission.swu.ac.th
10090101902501E,A0001,,Admission,admission,2026,180,2.5,0,1,1,1,https://admission.swu.ac.th
10090101902501E,D0004,,โครงการรับบุตรและคู่สมรสของทหาร ตำรวจตระเวนชายแดน,quota,2026,5,,,1,1,1,https://admission.swu.ac.th
10090101902501E,D0009,,โครงการโรงเรียนในเขตพื้นที่มหาวิทยาลัยและปริมณฑล,quota,2026,25,2.5,,1,1,2,https://admission.swu.ac.th
10090101902501E,G0004,,โครงการรับนักเรียนเข้าศึกษาในหลักสูตรนานาชาติ,portfolio,2026,85,2.5,0,1,1,1,https://admission.swu.ac.th
10090101902502E,A0006,A,Admission-สาขาวิชาภาษาเพื่อการสื่อสาร (หลักสูตรนานาชาติ) วิชาเอกภาษาอังกฤษ - ภาษาฝรั่งเศส (รับกลุ่ม แกนกลาง),admission,2026,64,2.75,0,1,2,2,https://admission.swu.ac.th
10090101902502E,A0007,A,Admission-สาขาวิชาภาษาเพื่อการสื่อสาร (หลักสูตรนานาชาติ) วิชาเอกภาษาอังกฤษ - ภาษาฝรั่งเศส (รับกลุ่ม นานาชาติ),admission,2026,64,2.75,0,2,1,2,https://admission.swu.ac.th
10090101902502E,A0008,B,Admission-สาขาวิชาภาษาเพื่อการสื่อสาร (หลักสูตรนานาชาติ) วิชาเอกภาษาอังกฤษ - ภาษาเยอรมัน (รับกลุ่ม แกนกลาง),admission,2026,34,2.75,0,1,2,2,https://admission.swu.ac.th
10090101902502E,A0009,B,Admission-สาขาวิชาภาษาเพื่อการสื่อสาร (หลักสูตรนานาชาติ) วิชาเอกภาษาอังกฤษ - ภาษาเยอรมัน (รับกลุ่ม นานาชาติ,admission,2026,34,2.75,0,2,1,2,https://admission.swu.ac.th
10090101902502E,A0010,C,Admission-สาขาวิชาภาษาเพื่อการสื่อสาร (หลักสูตรนานาชาติ) วิชาเอกภาษาอังกฤษ - ภาษาจีน (รับกลุ่ม แกนกลาง),admission,2026,31,2.75,0,1,2,2,https://admission.swu.ac.th
10090101902502E,A0011,C,Admission-สาขาวิชาภาษาเพื่อการสื่อสาร (หลักสูตรนานาชาติ) วิชาเอกภาษาอังกฤษ - ภาษาจีน (รับกลุ่ม นานาชาติ),admission,2026,31,2.75,0,2,1,2,https://admission.swu.ac.th
10090101902502E,D0003,A,โครงการความร่วมมือโรงเรียนสาธิต มศว และโรงเรียนในเครือข่าย,quota,2026,5,2.75,,1,2,2,https://admission.swu.ac.th
10090101902502E,D0003,B,โครงการความร่วมมือโรงเรียนสาธิต มศว และโรงเรียนในเครือข่าย,quota,2026,3,2.75,,1,2,2,https://admission.swu.ac.th
10090101902502E,D0003,C,โครงการความร่วมมือโรงเรียนสาธิต มศว และโรงเรียนในเครือข่าย,quota,2026,3,2.75,,1,2,2,https://admission.swu.ac.th
10090101902502E,D0009,A,โครงการโรงเรียนในเขตพื้นที่มหาวิทยาลัยและปริมณฑล,quota,2026,5,2.75,,1,1,2,https://admission.swu.ac.th
10090101902502E,D0009,B,โครงการโรงเรียนในเขตพื้นที่มหาวิทยาลัยและปริมณฑล,quota,2026,3,2.75,,1,1,2,https://admission.swu.ac.th
10090101902502E,D0009,C,โครงการโรงเรียนในเขตพื้นที่มหาวิทยาลัยและปริมณฑล,quota,2026,3,2.75,,1,1,2,https://admission.swu.ac.th
10090101902502E,G0004,A,โครงการรับนักเรียนเข้าศึกษาในหลักสูตรนานาชาติ,portfolio,2026,10,2.75,0,1,1,2,https://admission.swu.ac.th
10090101902502E,G0004,B,โครงการรับนักเรียนเข้าศึกษาในหลักสูตรนานาชาติ,portfolio,2026,5,2.75,0,1,1,2,https://admission.swu.ac.th
10090101902502E,G0004,C,โครงการรับนักเรียนเข้าศึกษาในหลักสูตรนานาชาติ,portfolio,2026,5,2.75,0,1,1,2,https://admission.swu.ac.th
10090101902503A,A0014,,Admission (รับกลุ่ม แกนกลาง),admission,2026,59,3.25,0,1,2,2,https://admission.swu.ac.th
10090101902503A,A0015,,Admission (รับกลุ่ม นานาชาติ อาชีวะ กศน. GED),admission,2026,59,3.25,0,2,1,1,https://admission.swu.ac.th
10090101902503A,D0001,,โครงการผู้มีทักษะพิเศษ,portfolio,2026,50,3.25,0,1,1,1,https://admission.swu.ac.th
10090101902503B,A0016,,Admission (รับกลุ่ม แกนกลาง),admission,2026,29,3,0,1,2,2,https://admission.swu.ac.th
10090101902503B,A0017,,Admission (รับกลุ่ม นานาชาติ อาชีวะ กศน. GED),admission,2026,29,3,0,2,1,1,https://admission.swu.ac.th
10090101902503B,D0001,,โครงการผู้มีทักษะพิเศษ,portfolio,2026,15,3,0,1,1,1,https://admission.swu.ac.th
10090101902601A,A0001,,Admission,admission,2026,29,2.5,0,1,1,1,https://admission.swu.ac.th
10090101902601A,D0001,,โครงการผู้มีทักษะพิเศษ,portfolio,2026,15,2.5,0,1,1,1,https://admission.swu.ac.th
10090101902601A,D0001,,โครงการผู้มีทักษะพิเศษ,quota,2026,10,2.5,,1,1,1,https://admission.swu.ac.th
10090101902601A,D0003,,โครงการความร่วมมือโรงเรียนสาธิต มศว และโรงเรียนในเครือข่าย,quota,2026,2,2.5,,1,2,2,https://admission.swu.ac.th
10090101902601A,D0009,,โครงการโรงเรียนในเขตพื้นที่มหาวิทยาลัยและปริมณฑล,quota,2026,8,2.5,,1,1,1,https://admission.swu.ac.th
10090101902601A,G0001,,โครงการเด็กดีมีที่เรียน,portfolio,2026,5,2,0,1,1,1,https://admission.swu.ac.th
10090101902601B,A0001,,Admission,admission,2026,35,2.5,0,1,1,1,https://admission.swu.ac.th
10090101902601B,D0001,,โครงการผู้มีทักษะพิเศษ,portfolio,2026,5,2.5,0,1,1,1,https://admission.swu.ac.th
10090101902601B,D0001,,โครงการผู้มีทักษะพิเศษ,quota,2026,5,2.5,,1,1,1,https://admission.swu.ac.th
10090101902601B,D0009,,โครงการโรงเรียนในเขตพื้นที่มหาวิทยาลัยและปริมณฑล,quota,2026,5,2.5,,1,1,1,https://admission.swu.ac.th
10090101902601B,G0001,,โครงการเด็กดีมีที่เรียน,portfolio,2026,5,2,0,1,1,1,https://admission.swu.ac.th
10090101902801A,A0001,A,Admission-สาขาวิชาภาษาตะวันออก วิชาเอกภาษาจีน,admission,2026,50,2.5,0,1,1,1,https://admission.swu.ac.th
10090101902801A,A0001,B,Admission-สาขาวิชาภาษาตะวันออก วิชาเอกภาษาญี่ปุ่น,admission,2026,50,2.5,0,1,1,1,https://admission.swu.ac.th
10090101902801A,A0001,C,Admission-สาขาวิชาภาษาตะวันออก วิชาเอกภาษาเกาหลี,admission,2026,50,2.5,0,1,1,1,https://admission.swu.ac.th
10090101902801A,D0004,A,โครงการรับบุตรและคู่สมรสของทหาร ตำรวจตระเวนชายแดน,quota,2026,2,2,,1,1,1,https://admission.swu.ac.th
10090101902801A,D0004,B,โครงการรับบุตรและคู่สมรสของทหาร ตำรวจตระเวนชายแดน,quota,2026,2,2,,1,1,1,https://admission.swu.ac.th
10090101902801A,D0004,C,โครงการรับบุตรและคู่สมรสของทหาร ตำรวจตระเวนชายแดน,quota,2026,2,3.5,,1,1,1,https://admission.swu.ac.th
10090101903301A,A0001,,Admission,admission,2026,19,2.75,0,1,2,2,https://admission.swu.ac.th
10090101903301A,D0001,,โครงการผู้มีทักษะพิเศษ,portfolio,2026,25,2.75,0,1,2,2,https://admission.swu.ac.th
10090102210301A,A0020,,Admission (รับกลุ่ม แกนกลาง),admission,2026,40,,0,1,2,2,https://admission.swu.ac.th
10090102210301A,A0021,,Admission (รับกลุ่ม กศน.),admission,2026,40,,0,2,2,2,https://admission.swu.ac.th
10090102210301A,D0003,,โครงการความร่วมมือโรงเรียนสาธิต มศว และโรงเรียนในเครือข่าย,quota,2026,4,,,1,2,2,https://admission.swu.ac.th
10090102210301A,D0004,,โครงการรับบุตรและคู่สมรสของทหาร ตำรวจตระเวนชายแดน,quota,2026,2,,,1,2,2,https://admission.swu.ac.th
10090102210301A,D0009,,โครงการโรงเรียนในเขตพื้นที่มหาวิทยาลัยและปริมณฑล,quota,2026,5,,,1,2,2,https://admission.swu.ac.th
10090102210301A,G0001,,โครงการเด็กดีมีที่เรียน,portfolio,2026,20,,0,1,2,2,https://admission.swu.ac.th
10090102210301A,G0002,,โครงการผู้พิการ,quota,2026,1,,,1,2,2,https://admission.swu.ac.th
10090102210401A,A0022,,Admission (รับกลุ่ม แกนกลาง),admission,2026,77,2.75,0,1,2,2,https://admission.swu.ac.th
10090102210401A,A0023,,Admission (รับกลุ่ม นานาชาติ),admission,2026,77,2.75,0,2,1,2,https://admission.swu.ac.th
10090102210401A,D0001,,โครงการผู้มีทักษะพิเศษ,portfolio,2026,2,2.75,0,1,1,2,https://admission.swu.ac.th
10090102210401A,D0001,,โครงการผู้มีทักษะพิเศษ,quota,2026,1,2.75,,1,1,2,https://admission.swu.ac.th
10090102210401A,D0003,,โครงการความร่วมมือโรงเรียนสาธิต มศว และโรงเรียนในเครือข่าย,quota,2026,2,2.75,,1,2,2,https://admission.swu.ac.th
10090102210401A,D0009,,โครงการโรงเรียนในเขตพื้นที่มหาวิทยาลัยและปริมณฑล,quota,2026,5,2.75,,1,1,2,https://admission.swu.ac.th
10090102210401A,G0001,,โครงการเด็กดีมีที่เรียน,portfolio,2026,65,2.75,0,1,1,2,https://admission.swu.ac.th
10090102210501A,A0026,,Admission (รับกลุ่ม แกนกลาง),admission,2026,70,,0,1,2,2,https://admission.swu.ac.th
10090102210501A,A0027,,Admission (รับกลุ่ม นานาชาติ กศน. GED),admission,2026,70,,0,2,1,2,https://admission.swu.ac.th
10090102210501A,D0001,,โครงการผู้มีทักษะพิเศษ,portfolio,2026,2,3.25,0,1,1,2,https://admission.swu.ac.th
10090102210501A,D0003,,โครงการความร่วมมือโรงเรียนสาธิต มศว และโรงเรียนในเครือข่าย,quota,2026,2,3.25,,1,2,2,https://admission.swu.ac.th
10090102210501A,D0009,,โครงการโรงเรียนในเขตพื้นที่มหาวิทยาลัยและปริมณฑล,quota,2026,8,3.25,,1,1,2,https://admission.swu.ac.th
10090102210501A,G0001,,โครงการเด็กดีมีที่เรียน,portfolio,2026,38,3.25,0,1,1,2,https://admission.swu.ac.th
10090102210701A,A0001,,Admission,admission,2026,20,2,0,1,2,2,https://admission.swu.ac.th
10090102210701A,D0001,,โครงการผู้มีทักษะพิเศษ,quota,2026,2,3,,1,2,2,https://admission.swu.ac.th
10090102210701A,D0003,,โครงการความร่วมมือโรงเรียนสาธิต มศว และโรงเรียนในเครือข่าย,quota,2026,2,2,,1,2,2,https://admission.swu.ac.th
10090102210701A,D0009,,โครงการโรงเรียนในเขตพื้นที่มหาวิทยาลัยและปริมณฑล,quota,2026,4,2,,1,2,2,https://admission.swu.ac.th
10090102210701A,G0001,,โครงการเด็กดีมีที่เรียน,portfolio,2026,70,2.5,0,1,2,2,https://admission.swu.ac.th
10090102212701A,A0001,,Admission,admission,2026,55,2,0,1,2,2,https://admission.swu.ac.th
10090102212701A,D0001,,โครงการผู้มีทักษะพิเศษ,quota,2026,1,,,1,2,2,https://admission.swu.ac.th
10090102212701A,D0003,,โครงการความร่วมมือโรงเรียนสาธิต มศว และโรงเรียนในเครือข่าย,quota,2026,1,,,1,2,2,https://admission.swu.ac.th
10090102212701A,D0009,,โครงการโรงเรียนในเขตพื้นที่มหาวิทยาลัยและปริมณฑล,quota,2026,2,2,,1,2,2,https://admission.swu.ac.th
10090102212701A,G0001,,โครงการเด็กดีมีที่เรียน,portfolio,2026,50,,0,1,2,2,https://admission.swu.ac.th
10090102212801A,A0028,,Admission (รับกลุ่ม แกนกลาง),admission,2026,34,,0,1,2,2,https://admission.swu.ac.th
10090102212801A,A0029,,Admission (รับกลุ่ม นานาชาติ อาชีวะ กศน. GED),admission,2026,34,,0,2,1,1,https://admission.swu.ac.th
10090102212801A,D0003,,โครงการความร่วมมือโรงเรียนสาธิต มศว และโรงเรียนในเครือข่าย,quota,2026,2,2.5,,1,2,2,https://admission.swu.ac.th
10090102212801A,D0009,,โครงการโรงเรียนในเขตพื้นที่มหาวิทยาลัยและปริมณฑล,quota,2026,6,2.5,,1,1,1,https://admission.swu.ac.th
10090102212801A,G0001,,โครงการเด็กดีมีที่เรียน,portfolio,2026,20,2.5,0,1,1,1,https://admission.swu.ac.th
10090102213301A,A0001,,Admission,admission,2026,34,2.5,0,1,2,2,https://admission.swu.ac.th
10090102213301A,D0003,,โครงการความร่วมมือโรงเรียนสาธิต มศว และโรงเรียนในเครือข่าย,quota,2026,1,2.5,,1,2,2,https://admission.swu.ac.th
10090102213301A,D0004,,โครงการรับบุตรและคู่สมรสของทหาร ตำรวจตระเวนชายแดน,quota,2026,1,2.5,,1,2,2,https://admission.swu.ac.th
10090102213301A,D0009,,โครงการโรงเรียนในเขตพื้นที่มหาวิทยาลัยและปริมณฑล,quota,2026,8,2.5,,1,2,2,https://admission.swu.ac.th
10090102213301A,G0001,,โครงการเด็กดีมีที่เรียน,portfolio,2026,20,2.5,0,1,2,2,https://admission.swu.ac.th
10090102213301A,G0002,,โครงการผู้พิการ,quota,2026,1,2.5,,1,2,2,https://admission.swu.ac.th
10090102220201A,A0024,,Admission (รับกลุ่ม แกนกลาง),admission,2026,29,2.5,0,1,2,2,https://admission.swu.ac.th
10090102220201A,A0025,,Admission (รับกลุ่ม นานาชาติ อาชีวะ กศน. GED),admission,2026,29,2.5,0,2,1,1,https://admission.swu.ac.th
10090102220201A,D0001,,โครงการผู้มีทักษะพิเศษ,portfolio,2026,40,3,0,1,1,2,https://admission.swu.ac.th
10090102220201A,D0001,,โครงการผู้มีทักษะพิเศษ,quota,2026,3,3,,1,2,2,https://admission.swu.ac.th
10090102220201A,D0003,,โครงการความร่วมมือโรงเรียนสาธิต มศว และโรงเรียนในเครือข่าย,quota,2026,2,3,,1,2,2,https://admission.swu.ac.th
10090102220201A,D0004,,โครงการรับบุตรและคู่สมรสของทหาร ตำรวจตระเวนชายแดน,quota,2026,1,3,,1,2,2,https://admission.swu.ac.th
10090102220201A,D0009,,โครงการโรงเรียนในเขตพื้นที่มหาวิทยาลัยและปริมณฑล,quota,2026,3,3,,1,2,2,https://admission.swu.ac.th
10090102700801A,A0030,,Admission (รับกลุ่ม แกนกลาง),admission,2026,30,3,0,1,2,2,https://admission.swu.ac.th
10090102700801A,A0031,,Admission (รับกลุ่ม นานาชาติ อาชีวะ กศน.),admission,2026,30,3,0,2,1,1,https://admission.swu.ac.th
10090102700801A,G0001,,โครงการเด็กดีมีที่เรียน,portfolio,2026,20,3.5,0,1,1,1,https://admission.swu.ac.th
10090102701001A,A0032,,Admission (รับกลุ่ม แกนกลาง),admission,2026,21,2.75,0,1,2,2,https://admission.swu.ac.th
10090102701001A,A0033,,Admission (รับกลุ่ม นานาชาติ),admission,2026,21,2.75,0,2,1,2,https://admission.swu.ac.th
10090102701001A,D0001,,โครงการผู้มีทักษะพิเศษ,quota,2026,1,2.75,,1,1,2,https://admission.swu.ac.th
10090102701001A,D0004,,โครงการรับบุตรและคู่สมรสของทหาร ตำรวจตระเวนชายแดน,quota,2026,1,2.75,,1,1,2,https://admission.swu.ac.th
10090102701001A,G0001,,โครงการเด็กดีมีที่เรียน,portfolio,2026,20,2.75,0,1,1,2,https://admission.swu.ac.th
10090102701301A,A0034,,Admission (รับกลุ่ม แกนกลาง),admission,2026,17,2.75,0,1,2,2,https://admission.swu.ac.th
10090102701301A,A0035,,Admission (รับกลุ่ม กศน.),admission,2026,17,2.75,0,2,2,2,https://admission.swu.ac.th
10090102701301A,D0009,,โครงการโรงเรียนในเขตพื้นที่มหาวิทยาลัยและปริมณฑล,quota,2026,5,3,,1,2,2,https://admission.swu.ac.th
10090102701301A,G0001,,โครงการเด็กดีมีที่เรียน,portfolio,2026,20,3,0,1,2,2,https://admission.swu.ac.th
10090102701801A,A0036,,Admission (รับกลุ่ม แกนกลาง),admission,2026,19,2.75,0,1,2,2,https://admission.swu.ac.th
10090102701801A,A0037,,Admission (รับกลุ่ม นานาชาติ),admission,2026,19,2.75,0,2,1,2,https://admission.swu.ac.th
10090102701801A,D0001,,โครงการผู้มีทักษะพิเศษ,quota,2026,3,2.75,,1,1,2,https://admission.swu.ac.th
10090102701801A,G0001,,โครงการเด็กดีมีที่เรียน,portfolio,2026,22,2.75,0,1,1,2,https://admission.swu.ac.th
10090102703801A,A0001,,Admission,admission,2026,30,2.75,0,1,2,2,https://admission.swu.ac.th
10090103702701A,A0001,,Admission,admission,2026,59,2.75,0,1,2,2,https://admission.swu.ac.th
10090103702701A,D0004,,โครงการรับบุตรและคู่สมรสของทหาร ตำรวจตระเวนชายแดน,quota,2026,5,2.75,,1,2,2,https://admission.swu.ac.th
10090103901001A,A0001,,Admission,admission,2026,70,2.5,50,1,1,2,https://admission.swu.ac.th
10090103901001A,D0003,,โครงการความร่วมมือโรงเรียนสาธิต มศว และโรงเรียนในเครือข่าย,quota,2026,4,2.5,,1,2,2,https://admission.swu.ac.th
10090103901001A,D0004,,โครงการรับบุตรและคู่สมรสของทหาร ตำรวจตระเวนชายแดน,quota,2026,1,2.5,,1,2,2,https://admission.swu.ac.th
10090103901001A,G0001,,โครงการเด็กดีมีที่เรียน,portfolio,2026,24,2.5,0,1,1,2,https://admission.swu.ac.th
10090103901001A,G0002,,โครงการผู้พิการ,portfolio,2026,1,2.5,0,1,1,2,https://admission.swu.ac.th
10090103901001B,A0001,,Admission,admission,2026,35,2.5,50,1,1,2,https://admission.swu.ac.th
10090103901001B,D0003,,โครงการความร่วมมือโรงเรียนสาธิต มศว และโรงเรียนในเครือข่าย,quota,2026,4,2.5,,1,2,2,https://admission.swu.ac.th
10090103901001B,D0004,,โครงการรับบุตรและคู่สมรสของทหาร ตำรวจตระเวนชายแดน,quota,2026,1,2.5,,1,2,2,https://admission.swu.ac.th
10090103901001B,G0001,,โครงการเด็กดีมีที่เรียน,portfolio,2026,19,2.5,0,1,1,2,https://admission.swu.ac.th
10090103901001B,G0002,,โครงการผู้พิการ,portfolio,2026,1,2.5,0,1,1,2,https://admission.swu.ac.th
10090103901401A,A0001,,Admission,admission,2026,62,2,0,1,2,2,https://admission.swu.ac.th
10090103901401A,D0003,,โครงการความร่วมมือโรงเรียนสาธิต มศว และโรงเรียนในเครือข่าย,quota,2026,2,2,,1,2,2,https://admission.swu.ac.th
10090103901401A,D0009,,โครงการโรงเรียนในเขตพื้นที่มหาวิทยาลัยและปริมณฑล,quota,2026,5,2,,1,2,2,https://admission.swu.ac.th
10090103901401A,G0001,,โครงการเด็กดีมีที่เรียน,portfolio,2026,30,2.5,0,1,2,2,https://admission.swu.ac.th
10090103901401A,G0008,,โครงการนักกีฬา,quota,2026,3,2,,1,2,2,https://admission.swu.ac.th
10090103901401B,A0001,,Admission,admission,2026,42,2,0,1,2,2,https://admission.swu.ac.th
10090103901401B,D0003,,โครงการความร่วมมือโรงเรียนสาธิต มศว และโรงเรียนในเครือข่าย,quota,2026,2,2,,1,2,2,https://admission.swu.ac.th
10090103901401B,D0009,,โครงการโรงเรียนในเขตพื้นที่มหาวิทยาลัยและปริมณฑล,quota,2026,5,2,,1,2,2,https://admission.swu.ac.th
10090103901401B,G0001,,โครงการเด็กดีมีที่เรียน,portfolio,2026,20,2.5,0,1,2,2,https://admission.swu.ac.th
10090103901401B,G0008,,โครงการนักกีฬา,quota,2026,3,2,,1,2,2,https://admission.swu.ac.th
10090103903001A,A0038,,Admission (รับกลุ่ม แกนกลาง),admission,2026,82,2.75,0,1,2,2,https://admission.swu.ac.th
10090103903001A,A0039,,Admission (รับกลุ่ม นานาชาติ GED),admission,2026,82,2.75,0,2,1,2,https://admission.swu.ac.th
10090103903001A,D0001,,โครงการผู้มีทักษะพิเศษ,portfolio,2026,10,2.75,0,1,1,2,https://admission.swu.ac.th
10090103903001A,D0001,,โครงการผู้มีทักษะพิเศษ,quota,2026,10,2.75,,1,1,2,https://admission.swu.ac.th
10090103903001A,D0003,,โครงการความร่วมมือโรงเรียนสาธิต มศว และโรงเรียนในเครือข่าย,quota,2026,2,2.75,,1,2,2,https://admission.swu.ac.th
10090103903001A,D0009,,โครงการโรงเรียนในเขตพื้นที่มหาวิทยาลัยและปริมณฑล,quota,2026,2,2.75,,1,1,2,https://admission.swu.ac.th
10090103903001A,G0001,,โครงการเด็กดีมีที่เรียน,portfolio,2026,10,2.75,0,1,1,2,https://admission.swu.ac.th
10090103903001A,G0008,,โครงการนักกีฬา,quota,2026,2,2.5,,1,1,2,https://admission.swu.ac.th
10090103903001B,A0040,,Admission (รับกลุ่ม แกนกลาง),admission,2026,45,2.5,0,1,2,2,https://admission.swu.ac.th
10090103903001B,A0041,,Admission (รับกลุ่ม นานาชาติ GED),admission,2026,45,2.5,0,2,1,2,https://admission.swu.ac.th
10090103903001B,D0001,,โครงการผู้มีทักษะพิเศษ,portfolio,2026,5,2.75,0,1,1,2,https://admission.swu.ac.th
10090103903001B,D0001,,โครงการผู้มีทักษะพิเศษ,quota,2026,5,2.75,,1,1,2,https://admission.swu.ac.th
10090103903001B,D0003,,โครงการความร่วมมือโรงเรียนสาธิต มศว และโรงเรียนในเครือข่าย,quota,2026,1,2.75,,1,2,2,https://admission.swu.ac.th
10090103903001B,D0009,,โครงการโรงเรียนในเขตพื้นที่มหาวิทยาลัยและปริมณฑล,quota,2026,1,2.75,,1,1,2,https://admission.swu.ac.th
10090103903001B,G0001,,โครงการเด็กดีมีที่เรียน,portfolio,2026,5,2.75,0,1,1,2,https://admission.swu.ac.th
10090103903001B,G0008,,โครงการนักกีฬา,quota,2026,1,2.5,,1,1,2,https://admission.swu.ac.th
10090103903201A,A0001,A,Admission-หลักสูตรรัฐศาสตรบัณฑิต วิชาเอกการเมืองการปกครอง,admission,2026,69,2.5,0,1,2,2,https://admission.swu.ac.th
10090103903201A,A0001,B,Admission-หลักสูตรรัฐศาสตรบัณฑิต วิชาเอกรัฐประศาสนศาสตร์,admission,2026,68,2.5,0,1,2,2,https://admission.swu.ac.th
10090103903201A,A0001,C,Admission-หลักสูตรรัฐศาสตรบัณฑิต วิชาเอกความสัมพันธ์ระหว่างประเทศ,admission,2026,68,2.5,0,1,2,2,https://admission.swu.ac.th
10090103903201A,D0003,A,โครงการความร่วมมือโรงเรียนสาธิต มศว และโรงเรียนในเครือข่าย,quota,2026,1,2.5,,1,2,2,https://admission.swu.ac.th
10090103903201A,D0003,B,โครงการความร่วมมือโรงเรียนสาธิต มศว และโรงเรียนในเครือข่าย,quota,2026,1,2.5,,1,2,2,https://admission.swu.ac.th
10090103903201A,D0003,C,โครงการความร่วมมือโรงเรียนสาธิต มศว และโรงเรียนในเครือข่าย,quota,2026,1,2.5,,1,2,2,https://admission.swu.ac.th
10090103903201A,D0004,A,โครงการรับบุตรและคู่สมรสของทหาร ตำรวจตระเวนชายแดน,quota,2026,1,2.5,,1,2,2,https://admission.swu.ac.th
10090103903201A,D0004,B,โครงการรับบุตรและคู่สมรสของทหาร ตำรวจตระเวนชายแดน,quota,2026,1,2.5,,1,2,2,https://admission.swu.ac.th
10090103903201A,D0004,C,โครงการรับบุตรและคู่สมรสของทหาร ตำรวจตระเวนชายแดน,quota,2026,1,2.5,,1,2,2,https://admission.swu.ac.th
10090103903201A,G0001,A,โครงการเด็กดีมีที่เรียน,portfolio,2026,16,2.5,0,1,2,2,https://admission.swu.ac.th
10090103903201A,G0001,B,โครงการเด็กดีมีที่เรียน,portfolio,2026,16,2.5,0,1,2,2,https://admission.swu.ac.th
10090103903201A,G0001,C,โครงการเด็กดีมีที่เรียน,portfolio,2026,16,2.5,0,1,2,2,https://admission.swu.ac.th
10090103903201B,A0001,D,Admission-หลักสูตรรัฐศาสตรบัณฑิต วิชาเอกความสัมพันธ์ระหว่างประเทศ (โครงการพิเศษ),admission,2026,99,2.5,0,1,2,2,https://admission.swu.ac.th
10090103903201B,A0001,E,Admission-หลักสูตรรัฐศาสตรบัณฑิต วิชาเอกการเมืองการปกครอง (โครงการพิเศษ),admission,2026,76,2.5,0,1,2,2,https://admission.swu.ac.th
10090103903201B,D0003,D,โครงการความร่วมมือโรงเรียนสาธิต มศว และโรงเรียนในเครือข่าย,quota,2026,1,2.5,,1,2,2,https://admission.swu.ac.th
10090103903201B,D0003,E,โครงการความร่วมมือโรงเรียนสาธิต มศว และโรงเรียนในเครือข่าย,quota,2026,1,2.5,,1,2,2,https://admission.swu.ac.th
10090103903201B,D0004,D,โครงการรับบุตรและคู่สมรสของทหาร ตำรวจตระเวนชายแดน,quota,2026,1,2.5,,1,2,2,https://admission.swu.ac.th
10090103903201B,D0004,E,โครงการรับบุตรและคู่สมรสของทหาร ตำรวจตระเวนชายแดน,quota,2026,1,2.5,,1,2,2,https://admission.swu.ac.th
10090103903201B,G0001,D,โครงการเด็กดีมีที่เรียน,portfolio,2026,20,2.5,0,1,2,2,https://admission.swu.ac.th
10090103903201B,G0001,E,โครงการเด็กดีมีที่เรียน,portfolio,2026,16,2.5,0,1,2,2,https://admission.swu.ac.th
10090103903501A,A0001,A,Admission-สาขาวิชาสังคมวิทยาเพื่อการพัฒนา วิชาเอกการพัฒนาชุมชนเมือง,admission,2026,65,2.5,0,1,1,2,https://admission.swu.ac.th
10090103903501A,A0001,C,Admission-สาขาวิชาสังคมวิทยาเพื่อการพัฒนา วิชาเอกการวิจัยสังคมวิทยาเพื่อการพัฒนา,admission,2026,74,2.5,0,1,1,2,https://admission.swu.ac.th
10090103903501A,D0001,A,โครงการผู้มีทักษะพิเศษ,portfolio,2026,3,2,0,1,1,2,https://admission.swu.ac.th
10090103903501A,D0001,C,โครงการผู้มีทักษะพิเศษ,portfolio,2026,3,2,0,1,1,2,https://admission.swu.ac.th
10090103903501A,D0003,A,โครงการความร่วมมือโรงเรียนสาธิต มศว และโรงเรียนในเครือข่าย,quota,2026,2,2,,1,2,2,https://admission.swu.ac.th
10090103903501A,D0003,C,โครงการความร่วมมือโรงเรียนสาธิต มศว และโรงเรียนในเครือข่าย,quota,2026,2,2,,1,2,2,https://admission.swu.ac.th
10090103903501A,D0004,A,โครงการรับบุตรและคู่สมรสของทหาร ตำรวจตระเวนชายแดน,quota,2026,1,2,,1,1,2,https://admission.swu.ac.th
10090103903501A,D0004,C,โครงการรับบุตรและคู่สมรสของทหาร ตำรวจตระเวนชายแดน,quota,2026,1,2,,1,1,2,https://admission.swu.ac.th
10090103903501A,D0009,A,โครงการโรงเรียนในเขตพื้นที่มหาวิทยาลัยและปริมณฑล,quota,2026,3,2,,1,1,2,https://admission.swu.ac.th
10090103903501A,D0009,C,โครงการโรงเรียนในเขตพื้นที่มหาวิทยาลัยและปริมณฑล,quota,2026,3,2,,1,1,2,https://admission.swu.ac.th
10090103903501A,G0001,A,โครงการเด็กดีมีที่เรียน,portfolio,2026,22,2,0,1,1,2,https://admission.swu.ac.th
10090103903501A,G0001,C,โครงการเด็กดีมีที่เรียน,portfolio,2026,22,2,0,1,1,2,https://admission.swu.ac.th
10090103903501A,G0002,A,โครงการผู้พิการ,portfolio,2026,1,2,0,1,1,2,https://admission.swu.ac.th
10090103903501A,G0002,C,โครงการผู้พิการ,portfolio,2026,1,2,0,1,1,2,https://admission.swu.ac.th
10090103903501A,G0008,A,โครงการนักกีฬา,quota,2026,6,2,,1,1,2,https://admission.swu.ac.th
10090103903501A,G0008,C,โครงการนักกีฬา,quota,2026,6,2,,1,1,2,https://admission.swu.ac.th
10090103903501B,A0001,B,Admission-สาขาวิชาสังคมวิทยาเพื่อการพัฒนา วิชาเอกการพัฒนาชุมชนเมือง (โครงการพิเศษ),admission,2026,30,2.5,0,1,1,2,https://admission.swu.ac.th
10090103903501B,A0001,D,Admission-สาขาวิชาสังคมวิทยาเพื่อการพัฒนา วิชาเอกการวิจัยสังคมวิทยาเพื่อการพัฒนา (โครงการพิเศษ),admission,2026,32,2.5,0,1,1,2,https://admission.swu.ac.th
10090103903501B,D0001,B,โครงการผู้มีทักษะพิเศษ,portfolio,2026,3,2,0,1,1,2,https://admission.swu.ac.th
10090103903501B,D0001,D,โครงการผู้มีทักษะพิเศษ,portfolio,2026,3,2,0,1,1,2,https://admission.swu.ac.th
10090103903501B,D0003,B,โครงการความร่วมมือโรงเรียนสาธิต มศว และโรงเรียนในเครือข่าย,quota,2026,1,2,,1,2,2,https://admission.swu.ac.th
10090103903501B,D0003,D,โครงการความร่วมมือโรงเรียนสาธิต มศว และโรงเรียนในเครือข่าย,quota,2026,1,2,,1,2,2,https://admission.swu.ac.th
10090103903501B,D0004,B,โครงการรับบุตรและคู่สมรสของทหาร ตำรวจตระเวนชายแดน,quota,2026,1,2,,1,1,2,https://admission.swu.ac.th
10090103903501B,D0004,D,โครงการรับบุตรและคู่สมรสของทหาร ตำรวจตระเวนชายแดน,quota,2026,1,2,,1,1,2,https://admission.swu.ac.th
10090103903501B,D0009,B,โครงการโรงเรียนในเขตพื้นที่มหาวิทยาลัยและปริมณฑล,quota,2026,2,2,,1,1,2,https://admission.swu.ac.th
10090103903501B,D0009,D,โครงการโรงเรียนในเขตพื้นที่มหาวิทยาลัยและปริมณฑล,quota,2026,2,2,,1,1,2,https://admission.swu.ac.th
10090103903501B,G0001,B,โครงการเด็กดีมีที่เรียน,portfolio,2026,6,2,0,1,1,2,https://admission.swu.ac.th
10090103903501B,G0001,D,โครงการเด็กดีมีที่เรียน,portfolio,2026,6,2,0,1,1,2,https://admission.swu.ac.th
10090103903501B,G0002,B,โครงการผู้พิการ,portfolio,2026,1,2,0,1,1,2,https://admission.swu.ac.th
10090103903501B,G0002,D,โครงการผู้พิการ,portfolio,2026,1,2,0,1,1,2,https://admission.swu.ac.th
10090103903501B,G0008,B,โครงการนักกีฬา,quota,2026,5,2,,1,1,2,https://admission.swu.ac.th
10090103903501B,G0008,D,โครงการนักกีฬา,quota,2026,5,2,,1,1,2,https://admission.swu.ac.th
10090105703501A,A0001,,Admission,admission,2026,27,3,0,1,2,2,https://admission.swu.ac.th
10090105703501A,E0003,,โครงการความร่วมมือระหว่างสถาบันการอาชีวศึกษากับ คณะศึกษาศาสตร์,quota,2026,19,2.5,,2,2,1,https://admission.swu.ac.th
10090105703501A,G0001,,โครงการเด็กดีมีที่เรียน,portfolio,2026,20,2.75,0,1,2,1,https://admission.swu.ac.th
10090105703502A,A0001,B,Admission-หลักสูตรการศึกษาบัณฑิต วิชาเอกการศึกษาตลอดชีวิต (กศ.บ.),admission,2026,17,,0,1,1,1,https://admission.swu.ac.th
10090105703502A,A0001,C,Admission-หลักสูตรการศึกษาบัณฑิต วิชาเอกการศึกษาปฐมวัย (กศ.บ.),admission,2026,20,2.75,0,1,1,1,https://admission.swu.ac.th
10090105703502A,A0001,D,Admission-หลักสูตรการศึกษาบัณฑิต วิชาเอกจิตวิทยาและการแนะแนว (กศ.บ.),admission,2026,15,,0,1,1,2,https://admission.swu.ac.th
10090105703502A,A0001,E,Admission-หลักสูตรการศึกษาบัณฑิต วิชาเอกเทคโนโลยีการศึกษาและคอมพิวเตอร์ (กศ.บ.),admission,2026,17,,0,1,1,1,https://admission.swu.ac.th
10090105703502A,A0001,G,Admission-หลักสูตรการศึกษาบัณฑิต วิชาเอกการสอนภาษาอังกฤษและการสอนสังคมศึกษา (กศ.บ.),admission,2026,17,,0,1,1,1,https://admission.swu.ac.th
10090105703502A,A0001,H,Admission-หลักสูตรการศึกษาบัณฑิต วิชาเอกการสอนสังคมศึกษาและการสอนภาษาไทย (กศ.บ.),admission,2026,10,,0,1,1,1,https://admission.swu.ac.th
10090105703502A,A0001,I,Admission-หลักสูตรการศึกษาบัณฑิต วิชาเอกการสอนวิทยาศาสตร์และการสอนคณิตศาสตร์ (กศ.บ.),admission,2026,10,,0,1,1,1,https://admission.swu.ac.th
10090105703502A,A0001,J,Admission-หลักสูตรการศึกษาบัณฑิต วิชาเอกการศึกษาพิเศษและการสอนคณิตศาสตร์ (กศ.บ.),admission,2026,5,,0,1,1,2,https://admission.swu.ac.th
10090105703502A,A0001,K,Admission-หลักสูตรการศึกษาบัณฑิต วิชาเอกการศึกษาพิเศษและการสอนภาษาไทย (กศ.บ.),admission,2026,7,,0,1,1,2,https://admission.swu.ac.th
10090105703502A,A0001,L,Admission-หลักสูตรการศึกษาบัณฑิต วิชาเอกการศึกษาพิเศษและการสอนวิทยาศาสตร์ (กศ.บ.),admission,2026,7,,0,1,1,2,https://admission.swu.ac.th
10090105703502A,E0001,A,โครงการเพชรในตม คณะศึกษาศาสตร์,quota,2026,161,2.75,,1,2,2,https://admission.swu.ac.th
10090105703502A,E0002,A,โครงการทุนเอราวัณ คณะศึกษาศาสตร์ - กรุงเทพมหานคร,quota,2026,10,2.5,,1,2,2,https://admission.swu.ac.th
10090105703502A,E0002,C,โครงการทุนเอราวัณ คณะศึกษาศาสตร์ - กรุงเทพมหานคร,quota,2026,10,2.5,,1,2,2,https://admission.swu.ac.th
10090105703502A,E0002,F,โครงการทุนเอราวัณ คณะศึกษาศาสตร์ - กรุงเทพมหานคร,quota,2026,10,2.5,,1,2,2,https://admission.swu.ac.th
10090105703502A,G0001,B,โครงการเด็กดีมีที่เรียน,portfolio,2026,19,,0,1,1,1,https://admission.swu.ac.th
10090105703502A,G0001,D,โครงการเด็กดีมีที่เรียน,portfolio,2026,20,2.75,0,1,1,2,https://admission.swu.ac.th
10090105703502A,G0001,E,โครงการเด็กดีมีที่เรียน,portfolio,2026,20,2.75,0,1,1,1,https://admission.swu.ac.th
10090105703502A,G0001,G,โครงการเด็กดีมีที่เรียน,portfolio,2026,5,3,0,1,1,1,https://admission.swu.ac.th
10090105703502A,G0001,I,โครงการเด็กดีมีที่เรียน,portfolio,2026,10,3,0,1,1,1,https://admission.swu.ac.th
10090105703502A,G0001,J,โครงการเด็กดีมีที่เรียน,portfolio,2026,5,3,0,1,1,2,https://admission.swu.ac.th
10090105703502A,G0001,K,โครงการเด็กดีมีที่เรียน,portfolio,2026,5,3,0,1,1,2,https://admission.swu.ac.th
10090105703502A,G0001,L,โครงการเด็กดีมีที่เรียน,portfolio,2026,5,3,0,1,1,2,https://admission.swu.ac.th
10090105703502A,G0002,B,โครงการผู้พิการ,portfolio,2026,1,,0,1,1,1,https://admission.swu.ac.th
10090107100101A,D0001,,โครงการผู้มีทักษะพิเศษ,quota,2026,4,3.25,,1,2,2,https://admission.swu.ac.th
10090107100101A,D0003,,โครงการความร่วมมือโรงเรียนสาธิต มศว และโรงเรียนในเครือข่าย,quota,2026,3,3.25,,1,2,2,https://admission.swu.ac.th
10090107100101A,D0009,,โครงการโรงเรียนในเขตพื้นที่มหาวิทยาลัยและปริมณฑล,quota,2026,4,3.25,,1,2,2,https://admission.swu.ac.th
10090107100101F,G0009,,โครงการร่วมกับมหาวิทยาลัยนอตติงแฮม สหราชอาณาจักร,portfolio,2026,20,3,0,1,1,2,https://admission.swu.ac.th
10090107100101F,G0009,,โครงการร่วมกับมหาวิทยาลัยนอตติงแฮม สหราชอาณาจักร,quota,2026,11,3,,1,1,2,https://admission.swu.ac.th
10090107112101A,A0001,,Admission,admission,2026,37,,0,1,2,2,https://admission.swu.ac.th
10090107112101A,D0003,,โครงการความร่วมมือโรงเรียนสาธิต มศว และโรงเรียนในเครือข่าย,quota,2026,3,3,,1,2,2,https://admission.swu.ac.th
10090107112101A,D0009,,โครงการโรงเรียนในเขตพื้นที่มหาวิทยาลัยและปริมณฑล,quota,2026,2,3,,1,2,2,https://admission.swu.ac.th
10090107112101A,G0001,,โครงการเด็กดีมีที่เรียน,portfolio,2026,5,3,0,1,2,2,https://admission.swu.ac.th
10090109301001P,A0058,,Admission (รับกลุ่ม แกนกลาง),admission,2026,12,2.5,0,1,2,2,https://admission.swu.ac.th
10090109301001P,A0059,,Admission (รับกลุ่ม นานาชาติ กศน. GED),admission,2026,12,2.5,0,2,1,2,https://admission.swu.ac.th
10090109301001P,D0003,,โครงการความร่วมมือโรงเรียนสาธิต มศว และโรงเรียนในเครือข่าย,quota,2026,2,2.5,,1,2,2,https://admission.swu.ac.th
10090109301001P,D0009,,โครงการโรงเรียนในเขตพื้นที่มหาวิทยาลัยและปริมณฑล,quota,2026,3,2.5,,1,1,1,https://admission.swu.ac.th
10090109301001P,G0004,,โครงการรับนักเรียนเข้าศึกษาในหลักสูตรนานาชาติ,portfolio,2026,12,2.5,0,1,1,1,https://admission.swu.ac.th
10090109301401P,A0070,,Admission (รับกลุ่ม แกนกลาง),admission,2026,20,2.5,0,1,2,2,https://admission.swu.ac.th
10090109301401P,A0071,,Admission (รับกลุ่ม นานาชาติ กศน. GED),admission,2026,20,2.5,0,2,1,2,https://admission.swu.ac.th
10090110702501A,D0001,,โครงการผู้มีทักษะพิเศษ,portfolio,2026,44,2.5,0,1,1,1,https://admission.swu.ac.th
10090110702501A,D0001,,โครงการผู้มีทักษะพิเศษ,quota,2026,6,2.5,,1,1,1,https://admission.swu.ac.th
10090110702502A,D0001,,โครงการผู้มีทักษะพิเศษ,portfolio,2026,25,2.75,0,1,1,1,https://admission.swu.ac.th
10090110702502A,D0001,,โครงการผู้มีทักษะพิเศษ,quota,2026,5,2.75,,1,1,1,https://admission.swu.ac.th
10090110702503A,D0001,,โครงการผู้มีทักษะพิเศษ,portfolio,2026,25,2.5,0,1,1,1,https://admission.swu.ac.th
10090110702503A,D0001,,โครงการผู้มีทักษะพิเศษ,quota,2026,5,2.5,,1,1,1,https://admission.swu.ac.th
10090110800101A,A0001,A,Admission-สาขาวิชาออกแบบทัศนศิลป์ วิชาเอกการออกแบบผลิตภัณฑ์,admission,2026,15,2,0,1,1,1,https://admission.swu.ac.th
10090110800101A,A0001,C,Admission-สาขาวิชาออกแบบทัศนศิลป์ วิชาเอกการออกแบบเครื่องประดับ,admission,2026,15,2,0,1,1,1,https://admission.swu.ac.th
10090110800101A,A0001,D,Admission-สาขาวิชาออกแบบทัศนศิลป์ วิชาเอกการออกแบบภายใน,admission,2026,5,2,0,1,1,1,https://admission.swu.ac.th
10090110800101A,D0001,A,โครงการผู้มีทักษะพิเศษ,portfolio,2026,15,2,0,1,1,1,https://admission.swu.ac.th
10090110800101A,D0001,A,โครงการผู้มีทักษะพิเศษ,quota,2026,5,2,,1,1,1,https://admission.swu.ac.th
10090110800101A,D0001,B,โครงการผู้มีทักษะพิเศษ,portfolio,2026,20,2.5,0,1,1,1,https://admission.swu.ac.th
10090110800101A,D0001,B,โครงการผู้มีทักษะพิเศษ,quota,2026,5,2.5,,1,1,1,https://admission.swu.ac.th
10090110800101A,D0001,C,โครงการผู้มีทักษะพิเศษ,portfolio,2026,10,2,0,1,1,1,https://admission.swu.ac.th
10090110800101A,D0001,C,โครงการผู้มีทักษะพิเศษ,quota,2026,10,2,,1,1,1,https://admission.swu.ac.th
10090110800101A,D0001,D,โครงการผู้มีทักษะพิเศษ,portfolio,2026,10,2.5,0,1,1,1,https://admission.swu.ac.th
10090110800101A,D0001,D,โครงการผู้มีทักษะพิเศษ,quota,2026,10,2.5,,1,1,1,https://admission.swu.ac.th
10090110800102A,D0001,,โครงการผู้มีทักษะพิเศษ,portfolio,2026,20,2.5,0,1,1,1,https://admission.swu.ac.th
10090110800102A,D0001,,โครงการผู้มีทักษะพิเศษ,quota,2026,20,2.5,,1,1,1,https://admission.swu.ac.th
10090110800201A,D0001,,โครงการผู้มีทักษะพิเศษ,portfolio,2026,24,2.5,0,1,1,1,https://admission.swu.ac.th
10090110800201A,D0001,,โครงการผู้มีทักษะพิเศษ,quota,2026,5,2.5,,1,1,1,https://admission.swu.ac.th
10090110800201A,G0002,,โครงการผู้พิการ,portfolio,2026,1,2.5,0,1,1,1,https://admission.swu.ac.th
10090110800301A,A0001,,Admission,admission,2026,10,2,0,1,1,1,https://admission.swu.ac.th
10090110800301A,D0001,,โครงการผู้มีทักษะพิเศษ,portfolio,2026,19,2,0,1,1,1,https://admission.swu.ac.th
10090110800301A,D0001,,โครงการผู้มีทักษะพิเศษ,quota,2026,20,2,,1,1,1,https://admission.swu.ac.th
10090110800301A,G0002,,โครงการผู้พิการ,portfolio,2026,1,2,0,1,1,1,https://admission.swu.ac.th
10090110800401A,D0001,A,โครงการผู้มีทักษะพิเศษ,quota,2026,25,2.5,,1,1,1,https://admission.swu.ac.th
10090110800401A,D0001,B,โครงการผู้มีทักษะพิเศษ,quota,2026,25,2.5,,1,1,1,https://admission.swu.ac.th
10090110800402A,D0001,A,โครงการผู้มีทักษะพิเศษ,portfolio,2026,25,2,0,1,1,1,https://admission.swu.ac.th
10090110800402A,D0001,A,โครงการผู้มีทักษะพิเศษ,quota,2026,5,2,,1,1,1,https://admission.swu.ac.th
10090110800402A,D0001,B,โครงการผู้มีทักษะพิเศษ,portfolio,2026,20,2,0,1,1,1,https://admission.swu.ac.th
10090110800402A,D0001,B,โครงการผู้มีทักษะพิเศษ,quota,2026,10,2,,1,1,1,https://admission.swu.ac.th
10090110904001C,A0001,,Admission,admission,2026,50,2,0,1,1,1,https://admission.swu.ac.th
10090110904001C,D0001,,โครงการผู้มีทักษะพิเศษ,portfolio,2026,10,2,0,1,1,1,https://admission.swu.ac.th
10090110904001C,D0001,,โครงการผู้มีทักษะพิเศษ,quota,2026,20,2,,1,1,1,https://admission.swu.ac.th
10090110904001C,G0003,,โครงการพัฒนาบัณฑิตสู่สากล หลักสูตร 2 ภาษา,portfolio,2026,5,2,0,1,1,1,https://admission.swu.ac.th
10090111120101A,D0003,,โครงการความร่วมมือโรงเรียนสาธิต มศว และโรงเรียนในเครือข่าย,quota,2026,10,3.5,,1,2,2,https://admission.swu.ac.th
10090111120101A,D0007,,โครงการการผลิตแพทย์และทีมนวัตกรรมสุขภาพเพื่อเวชศาสตร์ครอบครัว,quota,2026,5,3.5,,1,2,2,https://admission.swu.ac.th
10090111120101A,G0001,,โครงการเด็กดีมีที่เรียน,portfolio,2026,6,3.75,0,1,1,2,https://admission.swu.ac.th
10090130900101C,A0001,A,Admission-สาขาวิชานวัตกรรมการสื่อสาร วิชาเอกการสื่อสารและการผลิตสื่อดิจิทัลเพื่อการท่องเที่ยว (หลักสูตร 2 ภาษา),admission,2026,6,2,0,1,1,1,https://admission.swu.ac.th
10090130900101C,A0001,B,Admission-สาขาวิชานวัตกรรมการสื่อสาร วิชาเอกการสื่อสารเพื่อสุขภาพ (หลักสูตร 2 ภาษา),admission,2026,41,2,0,1,1,1,https://admission.swu.ac.th
10090130900101C,A0001,C,Admission-สาขาวิชานวัตกรรมการสื่อสาร วิชาเอกการสื่อสารเพื่อการจัดการนวัตกรรม (หลักสูตร 2 ภาษา),admission,2026,10,2,0,1,1,1,https://admission.swu.ac.th
10090130900101C,A0001,D,Admission-สาขาวิชานวัตกรรมการสื่อสาร วิชาเอกการสื่อสารเพื่อเศรษฐศาสตร์ (หลักสูตร 2 ภาษา),admission,2026,28,2,0,1,1,1,https://admission.swu.ac.th
10090130900101C,A0001,E,Admission-สาขาวิชานวัตกรรมการสื่อสาร วิชาเอกการสื่อสารเพื่อการเกษตรสร้างสรรค์ (หลักสูตร 2 ภาษา),admission,2026,46,2,0,1,1,1,https://admission.swu.ac.th
10090130900101C,D0001,A,โครงการผู้มีทักษะพิเศษ,portfolio,2026,27,2,0,1,1,1,https://admission.swu.ac.th
10090130900101C,D0001,A,โครงการผู้มีทักษะพิเศษ,quota,2026,12,2,,1,1,1,https://admission.swu.ac.th
10090130900101C,D0001,B,โครงการผู้มีทักษะพิเศษ,portfolio,2026,4,2,0,1,1,1,https://admission.swu.ac.th
10090130900101C,D0001,B,โครงการผู้มีทักษะพิเศษ,quota,2026,3,2,,1,1,1,https://admission.swu.ac.th
10090130900101C,D0001,C,โครงการผู้มีทักษะพิเศษ,portfolio,2026,21,2,0,1,1,1,https://admission.swu.ac.th
10090130900101C,D0001,C,โครงการผู้มีทักษะพิเศษ,quota,2026,12,2,,1,1,1,https://admission.swu.ac.th
10090130900101C,D0001,D,โครงการผู้มีทักษะพิเศษ,portfolio,2026,14,2,0,1,1,1,https://admission.swu.ac.th
10090130900101C,D0001,D,โครงการผู้มีทักษะพิเศษ,quota,2026,8,2,,1,1,1,https://admission.swu.ac.th
10090130900101C,D0001,E,โครงการผู้มีทักษะพิเศษ,quota,2026,28,2,,1,1,1,https://admission.swu.ac.th
10090130900101C,D0003,A,โครงการความร่วมมือโรงเรียนสาธิต มศว และโรงเรียนในเครือข่าย,quota,2026,2,2,,1,2,2,https://admission.swu.ac.th
10090130900101C,D0003,B,โครงการความร่วมมือโรงเรียนสาธิต มศว และโรงเรียนในเครือข่าย,quota,2026,2,2,,1,2,2,https://admission.swu.ac.th
10090130900101C,D0003,C,โครงการความร่วมมือโรงเรียนสาธิต มศว และโรงเรียนในเครือข่าย,quota,2026,2,2,,1,2,2,https://admission.swu.ac.th
10090130900101C,D0003,D,โครงการความร่วมมือโรงเรียนสาธิต มศว และโรงเรียนในเครือข่าย,quota,2026,2,2,,1,2,2,https://admission.swu.ac.th
10090130900101C,D0003,E,โครงการความร่วมมือโรงเรียนสาธิต มศว และโรงเรียนในเครือข่าย,quota,2026,2,2,,1,2,2,https://admission.swu.ac.th
10090130900101C,G0002,B,โครงการผู้พิการ,portfolio,2026,1,2,0,1,1,1,https://admission.swu.ac.th
10090130900101C,G0002,C,โครงการผู้พิการ,portfolio,2026,1,2,0,1,1,1,https://admission.swu.ac.th
10090130900101C,G0003,A,โครงการพัฒนาบัณฑิตสู่สากล หลักสูตร 2 ภาษา,portfolio,2026,3,2.5,0,1,1,1,https://admission.swu.ac.th
10090130900101C,G0003,C,โครงการพัฒนาบัณฑิตสู่สากล หลักสูตร 2 ภาษา,portfolio,2026,3,2.5,0,1,1,1,https://admission.swu.ac.th
10090130900101C,G0003,D,โครงการพัฒนาบัณฑิตสู่สากล หลักสูตร 2 ภาษา,portfolio,2026,1,2.5,0,1,1,1,https://admission.swu.ac.th
10090130900101C,G0008,A,โครงการนักกีฬา,quota,2026,1,2,,1,1,1,https://admission.swu.ac.th
10090130900101C,G0008,C,โครงการนักกีฬา,quota,2026,1,2,,1,1,1,https://admission.swu.ac.th
10090130900801C,A0001,A,Admission-สาขาวิชานวัตกรรมสื่อสารสังคม วิชาเอกการออกแบบสื่อปฏิสัมพันธ์และมัลติมีเดีย (หลักสูตร 2 ภาษา),admission,2026,3,2,0,1,1,1,https://admission.swu.ac.th
10090130900801C,A0001,B,Admission-สาขาวิชานวัตกรรมสื่อสารสังคม วิชาเอกการจัดการธุรกิจไซเบอร์ (หลักสูตร 2 ภาษา),admission,2026,17,2,0,1,1,1,https://admission.swu.ac.th
10090130900801C,A0001,C,Admission-สาขาวิชานวัตกรรมสื่อสารสังคม วิชาเอกนวัตกรรมคอมพิวเตอร์เพื่อการสื่อสาร (หลักสูตร 2 ภาษา),admission,2026,44,2,0,1,1,1,https://admission.swu.ac.th
10090130900801C,D0001,A,โครงการผู้มีทักษะพิเศษ,portfolio,2026,33,2,0,1,1,1,https://admission.swu.ac.th
10090130900801C,D0001,A,โครงการผู้มีทักษะพิเศษ,quota,2026,10,2,,1,1,1,https://admission.swu.ac.th
10090130900801C,D0001,B,โครงการผู้มีทักษะพิเศษ,portfolio,2026,12,2,0,1,1,1,https://admission.swu.ac.th
10090130900801C,D0001,B,โครงการผู้มีทักษะพิเศษ,quota,2026,22,2,,1,1,1,https://admission.swu.ac.th
10090130900801C,D0001,C,โครงการผู้มีทักษะพิเศษ,portfolio,2026,18,2,0,1,1,1,https://admission.swu.ac.th
10090130900801C,D0001,C,โครงการผู้มีทักษะพิเศษ,quota,2026,10,2,,1,1,1,https://admission.swu.ac.th
10090130900801C,D0003,A,โครงการความร่วมมือโรงเรียนสาธิต มศว และโรงเรียนในเครือข่าย,quota,2026,2,2,,1,2,2,https://admission.swu.ac.th
10090130900801C,D0003,B,โครงการความร่วมมือโรงเรียนสาธิต มศว และโรงเรียนในเครือข่าย,quota,2026,2,2,,1,2,2,https://admission.swu.ac.th
10090130900801C,D0003,C,โครงการความร่วมมือโรงเรียนสาธิต มศว และโรงเรียนในเครือข่าย,quota,2026,2,2,,1,2,2,https://admission.swu.ac.th
10090130900801C,G0002,B,โครงการผู้พิการ,portfolio,2026,1,2,0,1,1,1,https://admission.swu.ac.th
10090130900801C,G0003,A,โครงการพัฒนาบัณฑิตสู่สากล หลักสูตร 2 ภาษา,portfolio,2026,2,2.5,0,1,1,1,https://admission.swu.ac.th
10090130900801C,G0003,B,โครงการพัฒนาบัณฑิตสู่สากล หลักสูตร 2 ภาษา,portfolio,2026,2,2.5,0,1,1,1,https://admission.swu.ac.th
10090130900801C,G0003,C,โครงการพัฒนาบัณฑิตสู่สากล หลักสูตร 2 ภาษา,portfolio,2026,2,2.5,0,1,1,1,https://admission.swu.ac.th
10090130900801C,G0008,B,โครงการนักกีฬา,quota,2026,1,2,,1,1,1,https://admission.swu.ac.th
10090130901601C,A0001,B,Admission-สาขาวิชาภาพยนตร์และสื่อดิจิทัล วิชาเอกการแสดงและกำกับการแสดงภาพยนตร์ (หลักสูตร 2 ภาษา),admission,2026,5,2,0,1,1,1,https://admission.swu.ac.th
10090130901601C,A0001,C,Admission-สาขาวิชาภาพยนตร์และสื่อดิจิทัล วิชาเอกการออกแบบเพื่องานภาพยนตร์และสื่อดิจิทัล (หลักสูตร 2 ภาษา),admission,2026,5,2,0,1,1,1,https://admission.swu.ac.th
10090130901601C,A0001,D,Admission-สาขาวิชาภาพยนตร์และสื่อดิจิทัล วิชาเอกการการจัดการภาพยนตร์และสื่อดิจิทัล (หลักสูตร 2 ภาษา),admission,2026,33,2,0,1,1,1,https://admission.swu.ac.th
10090130901601C,D0001,A,โครงการผู้มีทักษะพิเศษ,portfolio,2026,18,2,0,1,1,1,https://admission.swu.ac.th
10090130901601C,D0001,A,โครงการผู้มีทักษะพิเศษ,quota,2026,8,2,,1,1,1,https://admission.swu.ac.th
10090130901601C,D0001,B,โครงการผู้มีทักษะพิเศษ,portfolio,2026,13,2,0,1,1,1,https://admission.swu.ac.th
10090130901601C,D0001,B,โครงการผู้มีทักษะพิเศษ,quota,2026,8,2,,1,1,1,https://admission.swu.ac.th
10090130901601C,D0001,C,โครงการผู้มีทักษะพิเศษ,portfolio,2026,18,2,0,1,1,1,https://admission.swu.ac.th
10090130901601C,D0001,C,โครงการผู้มีทักษะพิเศษ,quota,2026,3,2,,1,1,1,https://admission.swu.ac.th
10090130901601C,D0001,D,โครงการผู้มีทักษะพิเศษ,portfolio,2026,13,2,0,1,1,1,https://admission.swu.ac.th
10090130901601C,D0003,A,โครงการความร่วมมือโรงเรียนสาธิต มศว และโรงเรียนในเครือข่าย,quota,2026,2,2,,1,2,2,https://admission.swu.ac.th
10090130901601C,D0003,B,โครงการความร่วมมือโรงเรียนสาธิต มศว และโรงเรียนในเครือข่าย,quota,2026,2,2,,1,2,2,https://admission.swu.ac.th
10090130901601C,D0003,C,โครงการความร่วมมือโรงเรียนสาธิต มศว และโรงเรียนในเครือข่าย,quota,2026,2,2,,1,2,2,https://admission.swu.ac.th
10090130901601C,D0003,D,โครงการความร่วมมือโรงเรียนสาธิต มศว และโรงเรียนในเครือข่าย,quota,2026,2,2,,1,2,2,https://admission.swu.ac.th
10090130901601C,G0003,A,โครงการพัฒนาบัณฑิตสู่สากล หลักสูตร 2 ภาษา,portfolio,2026,2,2.5,0,1,1,1,https://admission.swu.ac.th
10090130901601C,G0003,B,โครงการพัฒนาบัณฑิตสู่สากล หลักสูตร 2 ภาษา,portfolio,2026,2,2.5,0,1,1,1,https://admission.swu.ac.th
10090130901601C,G0003,C,โครงการพัฒนาบัณฑิตสู่สากล หลักสูตร 2 ภาษา,portfolio,2026,2,2.5,0,1,1,1,https://admission.swu.ac.th
10090130901601C,G0003,D,โครงการพัฒนาบัณฑิตสู่สากล หลักสูตร 2 ภาษา,portfolio,2026,2,2.5,0,1,1,1,https://admission.swu.ac.th
10090149611101A,A0060,,Admission (รับกลุ่ม แกนกลาง),admission,2026,130,3,0,1,2,2,https://admission.swu.ac.th
10090149611101A,A0061,,Admission (รับกลุ่ม นานาชาติ GED),admission,2026,130,3,0,2,1,2,https://admission.swu.ac.th
10090149611101A,D0003,,โครงการความร่วมมือโรงเรียนสาธิต มศว และโรงเรียนในเครือข่าย,quota,2026,5,3,,1,2,2,https://admission.swu.ac.th
10090149611101A,D0004,,โครงการรับบุตรและคู่สมรสของทหาร ตำรวจตระเวนชายแดน,quota,2026,1,2.75,,1,1,2,https://admission.swu.ac.th
10090149611101A,G0001,,โครงการเด็กดีมีที่เรียน,portfolio,2026,9,3,0,1,1,2,https://admission.swu.ac.th
10090149611101A,G0002,,โครงการผู้พิการ,portfolio,2026,1,3,0,1,1,2,https://admission.swu.ac.th
10090149611101B,A0062,,Admission (รับกลุ่ม แกนกลาง),admission,2026,130,3,0,1,2,2,https://admission.swu.ac.th
10090149611101B,A0063,,Admission (รับกลุ่ม นานาชาติ GED),admission,2026,130,3,0,2,1,2,https://admission.swu.ac.th
10090149611101E,A0001,,Admission,admission,2026,75,2.5,0,1,1,2,https://admission.swu.ac.th
10090149611101E,D0003,,โครงการความร่วมมือโรงเรียนสาธิต มศว และโรงเรียนในเครือข่าย,quota,2026,5,2.5,,1,2,2,https://admission.swu.ac.th
10090149611101E,D0009,,โครงการโรงเรียนในเขตพื้นที่มหาวิทยาลัยและปริมณฑล,quota,2026,5,2.5,,1,1,2,https://admission.swu.ac.th
10090149611101E,G0004,,โครงการรับนักเรียนเข้าศึกษาในหลักสูตรนานาชาติ,portfolio,2026,15,,0,1,1,2,https://admission.swu.ac.th
10090166620101A,A0001,,Admission,admission,2026,53,3,0,1,1,1,https://admission.swu.ac.th
10090166620101A,D0001,,โครงการผู้มีทักษะพิเศษ,portfolio,2026,5,3,0,1,1,1,https://admission.swu.ac.th
10090166620101A,D0001,,โครงการผู้มีทักษะพิเศษ,quota,2026,7,3,,1,1,1,https://admission.swu.ac.th
10090166620101A,D0003,,โครงการความร่วมมือโรงเรียนสาธิต มศว และโรงเรียนในเครือข่าย,quota,2026,5,3,,1,2,2,https://admission.swu.ac.th
10090166620101A,D0004,,โครงการรับบุตรและคู่สมรสของทหาร ตำรวจตระเวนชายแดน,quota,2026,1,3,,1,2,2,https://admission.swu.ac.th
10090166620101A,D0009,,โครงการโรงเรียนในเขตพื้นที่มหาวิทยาลัยและปริมณฑล,quota,2026,4,3,,1,1,1,https://admission.swu.ac.th
10090166620101A,G0001,,โครงการเด็กดีมีที่เรียน,portfolio,2026,29,3,0,1,1,1,https://admission.swu.ac.th
10090166620101A,G0002,,โครงการผู้พิการ,portfolio,2026,1,3,0,1,1,1,https://admission.swu.ac.th
10090166620101A,G0008,,โครงการนักกีฬา,quota,2026,3,3,,1,1,1,https://admission.swu.ac.th
10090166620101B,A0001,,Admission,admission,2026,18,2.75,0,1,1,1,https://admission.swu.ac.th
10090166620101B,D0001,,โครงการผู้มีทักษะพิเศษ,portfolio,2026,10,2.75,0,1,1,1,https://admission.swu.ac.th
10090166620101B,D0001,,โครงการผู้มีทักษะพิเศษ,quota,2026,4,2.75,,1,1,1,https://admission.swu.ac.th
10090166620101B,D0003,,โครงการความร่วมมือโรงเรียนสาธิต มศว และโรงเรียนในเครือข่าย,quota,2026,3,2.75,,1,2,2,https://admission.swu.ac.th
10090166620101B,D0004,,โครงการรับบุตรและคู่สมรสของทหาร ตำรวจตระเวนชายแดน,quota,2026,1,2.75,,1,2,2,https://admission.swu.ac.th
10090166620101B,D0009,,โครงการโรงเรียนในเขตพื้นที่มหาวิทยาลัยและปริมณฑล,quota,2026,4,2.75,,1,1,1,https://admission.swu.ac.th
10090166620101B,G0001,,โครงการเด็กดีมีที่เรียน,portfolio,2026,14,2.75,0,1,1,1,https://admission.swu.ac.th
10090166620101B,G0002,,โครงการผู้พิการ,portfolio,2026,1,2.75,0,1,1,1,https://admission.swu.ac.th
10090166620101B,G0008,,โครงการนักกีฬา,quota,2026,3,2.75,,1,1,1,https://admission.swu.ac.th
10090168610501A,A0001,,Admission,admission,2026,55,3,0,1,1,1,https://admission.swu.ac.th
10090168610501A,D0001,,โครงการผู้มีทักษะพิเศษ,quota,2026,2,3,,1,1,2,https://admission.swu.ac.th
10090168610501A,D0003,,โครงการความร่วมมือโรงเรียนสาธิต มศว และโรงเรียนในเครือข่าย,quota,2026,1,3,,1,2,2,https://admission.swu.ac.th
10090168610501A,D1009,,โครงการโรงเรียนในเขตพื้นที่มหาวิทยาลัยและปริมณฑล,quota,2026,40,3.3,,1,1,2,https://admission.swu.ac.th
10090168610501A,D2009,,โครงการโรงเรียนในเขตพื้นที่มหาวิทยาลัยและปริมณฑล,quota,2026,40,3.5,,2,2,1,https://admission.swu.ac.th
10090168610501B,A0001,,Admission,admission,2026,40,2.85,0,1,1,1,https://admission.swu.ac.th
10090168610501B,D0003,,โครงการความร่วมมือโรงเรียนสาธิต มศว และโรงเรียนในเครือข่าย,quota,2026,1,2.85,,1,2,2,https://admission.swu.ac.th
10090168610501B,D3009,,โครงการโรงเรียนในเขตพื้นที่มหาวิทยาลัยและปริมณฑล,quota,2026,19,3,,1,2,2,https://admission.swu.ac.th
10090168610501B,D4009,,โครงการโรงเรียนในเขตพื้นที่มหาวิทยาลัยและปริมณฑล,quota,2026,19,3.5,,2,2,1,https://admission.swu.ac.th
10090168610801A,A0001,A,Admission-หลักสูตรบริหารธุรกิจบัณฑิต วิชาเอกการตลาด,admission,2026,19,2.5,0,1,1,1,https://admission.swu.ac.th
10090168610801A,A0001,C,Admission-หลักสูตรบริหารธุรกิจบัณฑิต วิชาเอกการเงิน,admission,2026,42,3,0,1,1,1,https://admission.swu.ac.th
10090168610801A,A0001,E,Admission-หลักสูตรบริหารธุรกิจบัณฑิต วิชาเอกธุรกิจระหว่างประเทศ,admission,2026,90,3,0,1,1,2,https://admission.swu.ac.th
10090168610801A,D0003,E,โครงการความร่วมมือโรงเรียนสาธิต มศว และโรงเรียนในเครือข่าย,quota,2026,5,3.25,,1,2,2,https://admission.swu.ac.th
10090168610801A,D0009,A,โครงการโรงเรียนในเขตพื้นที่มหาวิทยาลัยและปริมณฑล,quota,2026,15,3,,1,1,1,https://admission.swu.ac.th
10090168610801A,D0009,E,โครงการโรงเรียนในเขตพื้นที่มหาวิทยาลัยและปริมณฑล,quota,2026,5,3.25,,1,1,2,https://admission.swu.ac.th
10090168610801A,G0001,A,โครงการเด็กดีมีที่เรียน,portfolio,2026,60,3,0,1,2,1,https://admission.swu.ac.th
10090168610801A,G0001,C,โครงการเด็กดีมีที่เรียน,portfolio,2026,60,3,0,1,1,1,https://admission.swu.ac.th
10090168610801B,A0001,B,Admission-หลักสูตรบริหารธุรกิจบัณฑิต วิชาเอกการตลาด (โครงการพิเศษ),admission,2026,8,2.5,0,1,1,1,https://admission.swu.ac.th
10090168610801B,A0001,D,Admission-หลักสูตรบริหารธุรกิจบัณฑิต วิชาเอกการเงิน (โครงการพิเศษ),admission,2026,24,2.5,0,1,1,1,https://admission.swu.ac.th
10090168610801B,A0001,F,Admission-หลักสูตรบริหารธุรกิจบัณฑิต วิชาเอกธุรกิจระหว่างประเทศ (โครงการพิเศษ),admission,2026,45,2.75,0,1,1,2,https://admission.swu.ac.th
10090168610801B,D0003,F,โครงการความร่วมมือโรงเรียนสาธิต มศว และโรงเรียนในเครือข่าย,quota,2026,5,3,,1,2,2,https://admission.swu.ac.th
10090168610801B,D0009,B,โครงการโรงเรียนในเขตพื้นที่มหาวิทยาลัยและปริมณฑล,quota,2026,7,3,,1,1,1,https://admission.swu.ac.th
10090168610801B,D0009,F,โครงการโรงเรียนในเขตพื้นที่มหาวิทยาลัยและปริมณฑล,quota,2026,5,3,,1,1,2,https://admission.swu.ac.th
10090168610801B,G0001,B,โครงการเด็กดีมีที่เรียน,portfolio,2026,30,3,0,1,2,1,https://admission.swu.ac.th
10090168610801B,G0001,D,โครงการเด็กดีมีที่เรียน,portfolio,2026,30,2.5,0,1,1,1,https://admission.swu.ac.th
10090168610802A,A0001,,Admission,admission,2026,58,3.3,0,1,1,1,https://admission.swu.ac.th
10090168610802A,D0009,,โครงการโรงเรียนในเขตพื้นที่มหาวิทยาลัยและปริมณฑล,quota,2026,15,3.3,,1,1,1,https://admission.swu.ac.th
10090168610802A,G0001,,โครงการเด็กดีมีที่เรียน,portfolio,2026,38,3.3,0,1,1,1,https://admission.swu.ac.th
10090168610802A,G0002,,โครงการผู้พิการ,portfolio,2026,2,3.3,0,1,1,1,https://admission.swu.ac.th
10090168610802B,A0001,,Admission,admission,2026,32,2.75,0,1,1,1,https://admission.swu.ac.th
10090168610802B,G0001,,โครงการเด็กดีมีที่เรียน,portfolio,2026,20,2.75,0,1,1,1,https://admission.swu.ac.th
10090168610802E,A0001,,Admission,admission,2026,35,2.8,0,1,1,2,https://admission.swu.ac.th
10090168610802E,D0001,,โครงการผู้มีทักษะพิเศษ,portfolio,2026,5,2.75,0,1,1,2,https://admission.swu.ac.th
10090168610802E,D0001,,โครงการผู้มีทักษะพิเศษ,quota,2026,5,2.5,,1,1,2,https://admission.swu.ac.th
10090168610802E,D0009,,โครงการโรงเรียนในเขตพื้นที่มหาวิทยาลัยและปริมณฑล,quota,2026,15,3,,1,1,2,https://admission.swu.ac.th
10090168610802E,G0004,,โครงการรับนักเรียนเข้าศึกษาในหลักสูตรนานาชาติ,portfolio,2026,15,3,0,1,1,2,https://admission.swu.ac.th
10090168620102A,A0001,,Admission,admission,2026,44,3.3,0,1,1,1,https://admission.swu.ac.th
10090168620102A,D0009,,โครงการโรงเรียนในเขตพื้นที่มหาวิทยาลัยและปริมณฑล,quota,2026,15,3.3,,1,1,1,https://admission.swu.ac.th
10090168620102A,G0001,,โครงการเด็กดีมีที่เรียน,portfolio,2026,50,3.3,0,1,1,1,https://admission.swu.ac.th
10090168620102B,A0001,,Admission,admission,2026,30,2.75,0,1,1,1,https://admission.swu.ac.th
10090168620102B,D0009,,โครงการโรงเรียนในเขตพื้นที่มหาวิทยาลัยและปริมณฑล,quota,2026,10,2.75,,1,1,1,https://admission.swu.ac.th
10090168620102B,G0001,,โครงการเด็กดีมีที่เรียน,portfolio,2026,20,2.75,0,1,1,1,https://admission.swu.ac.th
10090169213401C,A0001,,Admission,admission,2026,64,2,0,1,1,2,https://admission.swu.ac.th
10090169213401C,D0001,,โครงการผู้มีทักษะพิเศษ,portfolio,2026,8,2,0,1,1,1,https://admission.swu.ac.th
10090169213401C,D0001,,โครงการผู้มีทักษะพิเศษ,quota,2026,8,2,,1,1,2,https://admission.swu.ac.th
10090169213401C,D0003,,โครงการความร่วมมือโรงเรียนสาธิต มศว และโรงเรียนในเครือข่าย,quota,2026,2,2,,1,2,2,https://admission.swu.ac.th
10090169213401C,G0001,,โครงการเด็กดีมีที่เรียน,portfolio,2026,10,2,0,1,1,1,https://admission.swu.ac.th
10090169213401C,G0003,,โครงการพัฒนาบัณฑิตสู่สากล หลักสูตร 2 ภาษา,portfolio,2026,2,2,0,1,1,1,https://admission.swu.ac.th
10090169610201C,A0001,,Admission,admission,2026,130,2,0,1,1,1,https://admission.swu.ac.th
10090169610201C,D0001,,โครงการผู้มีทักษะพิเศษ,portfolio,2026,10,2,0,1,1,1,https://admission.swu.ac.th
10090169610201C,D0001,,โครงการผู้มีทักษะพิเศษ,quota,2026,20,2,,1,1,1,https://admission.swu.ac.th
10090169610201C,D0003,,โครงการความร่วมมือโรงเรียนสาธิต มศว และโรงเรียนในเครือข่าย,quota,2026,15,2,,1,2,2,https://admission.swu.ac.th
10090169610201C,G0001,,โครงการเด็กดีมีที่เรียน,portfolio,2026,20,2,0,1,1,1,https://admission.swu.ac.th
10090169610201C,G0004,,โครงการรับนักเรียนเข้าศึกษาในหลักสูตรนานาชาติ,portfolio,2026,5,2,0,1,1,1,https://admission.swu.ac.th
10090169800103C,A0001,,Admission,admission,2026,56,2,0,1,1,1,https://admission.swu.ac.th
10090169800103C,D0001,,โครงการผู้มีทักษะพิเศษ,portfolio,2026,20,2,0,1,1,1,https://admission.swu.ac.th
10090169800103C,D0001,,โครงการผู้มีทักษะพิเศษ,quota,2026,18,2,,1,1,2,https://admission.swu.ac.th
10090169800103C,D0003,,โครงการความร่วมมือโรงเรียนสาธิต มศว และโรงเรียนในเครือข่าย,quota,2026,2,2,,1,2,2,https://admission.swu.ac.th
10090169800103C,G0001,,โครงการเด็กดีมีที่เรียน,portfolio,2026,10,2,0,1,1,1,https://admission.swu.ac.th
10090169800104C,D0001,,โครงการผู้มีทักษะพิเศษ,portfolio,2026,75,2,0,1,1,1,https://admission.swu.ac.th
10090169800104C,D0001,,โครงการผู้มีทักษะพิเศษ,quota,2026,10,2,,1,1,1,https://admission.swu.ac.th
10090169800104C,D0003,,โครงการความร่วมมือโรงเรียนสาธิต มศว และโรงเรียนในเครือข่าย,quota,2026,5,2,,1,2,2,https://admission.swu.ac.th
10090170620101E,A0001,,Admission,admission,2026,79,2.5,0,1,1,2,https://admission.swu.ac.th
10090170620101E,D0003,,โครงการความร่วมมือโรงเรียนสาธิต มศว และโรงเรียนในเครือข่าย,quota,2026,2,2.5,,1,2,2,https://admission.swu.ac.th
10090170620101E,D0009,,โครงการโรงเรียนในเขตพื้นที่มหาวิทยาลัยและปริมณฑล,quota,2026,8,2.5,,1,1,2,https://admission.swu.ac.th
10090170620101E,G0001,,โครงการเด็กดีมีที่เรียน,portfolio,2026,40,2.5,0,1,1,2,https://admission.swu.ac.th
10090170620101E,G0004,,โครงการรับนักเรียนเข้าศึกษาในหลักสูตรนานาชาติ,portfolio,2026,40,2.5,0,1,1,2,https://admission.swu.ac.th
10090170902504E,A0001,,Admission,admission,2026,52,2,0,1,1,2,https://admission.swu.ac.th
10090170902504E,D0003,,โครงการความร่วมมือโรงเรียนสาธิต มศว และโรงเรียนในเครือข่าย,quota,2026,5,2,,1,2,2,https://admission.swu.ac.th
10090170902504E,D0009,,โครงการโรงเรียนในเขตพื้นที่มหาวิทยาลัยและปริมณฑล,quota,2026,5,2,,1,1,2,https://admission.swu.ac.th
10090170902504E,G0001,,โครงการเด็กดีมีที่เรียน,portfolio,2026,20,2,0,1,1,2,https://admission.swu.ac.th
10090170902504E,G0004,,โครงการรับนักเรียนเข้าศึกษาในหลักสูตรนานาชาติ,portfolio,2026,50,2,0,1,1,2,https://admission.swu.ac.th
10090170902504G,A0001,,Admission,admission,2026,80,2,0,1,1,2,https://admission.swu.ac.th
10090170902504G,D0003,,โครงการความร่วมมือโรงเรียนสาธิต มศว และโรงเรียนในเครือข่าย,quota,2026,10,2,,1,2,2,https://admission.swu.ac.th
10090170902504G,D0009,,โครงการโรงเรียนในเขตพื้นที่มหาวิทยาลัยและปริมณฑล,quota,2026,30,2,,1,1,2,https://admission.swu.ac.th
10090204112001A,A0042,,Admission (รับกลุ่ม แกนกลาง),admission,2026,24,2.5,0,1,2,2,https://admission.swu.ac.th
10090204112001A,A0043,,Admission (รับกลุ่ม นานาชาติ อาชีวะ กศน. GED),admission,2026,24,2.5,0,2,1,1,https://admission.swu.ac.th
10090204112001A,D0001,,โครงการผู้มีทักษะพิเศษ,portfolio,2026,25,2.5,0,1,1,1,https://admission.swu.ac.th
10090204112001A,D0001,,โครงการผู้มีทักษะพิเศษ,quota,2026,10,2.5,,1,2,1,https://admission.swu.ac.th
10090204112001A,D0004,,โครงการรับบุตรและคู่สมรสของทหาร ตำรวจตระเวนชายแดน,quota,2026,2,2.5,,1,2,1,https://admission.swu.ac.th
10090204112001A,D0009,,โครงการโรงเรียนในเขตพื้นที่มหาวิทยาลัยและปริมณฑล,quota,2026,3,2.5,,1,1,1,https://admission.swu.ac.th
10090204112001A,G0001,,โครงการเด็กดีมีที่เรียน,portfolio,2026,15,2.5,0,1,1,1,https://admission.swu.ac.th
10090204112001A,G0008,,โครงการนักกีฬา,quota,2026,5,2.5,,1,1,1,https://admission.swu.ac.th
10090204112701A,A0044,A,Admission-สาขาวิชาสาธารณสุขศาสตร์ วิชาเอกอนามัยสิ่งแวดล้อม (รับกลุ่มแกนกลาง),admission,2026,39,2.8,0,1,2,2,https://admission.swu.ac.th
10090204112701A,A0045,A,Admission-สาขาวิชาสาธารณสุขศาสตร์ วิชาเอกอนามัยสิ่งแวดล้อม (รับกลุ่มนานาชาติ),admission,2026,39,2.8,0,2,1,2,https://admission.swu.ac.th
10090204112701A,A0046,B,Admission-สาขาวิชาสาธารณสุขศาสตร์ วิชาเอกสาธารณสุขชุมชน (รับกลุ่ม แกนกลาง),admission,2026,26,2.8,0,1,2,2,https://admission.swu.ac.th
10090204112701A,A0047,B,Admission-สาขาวิชาสาธารณสุขศาสตร์ วิชาเอกสาธารณสุขชุมชน (รับกลุ่ม นานาชาติ),admission,2026,26,2.8,0,2,1,2,https://admission.swu.ac.th
10090204112701A,A0048,C,Admission-สาขาวิชาสาธารณสุขศาสตร์ วิชาเอกอาชีวอนามัยและความปลอดภัย (รับกลุ่ม แกนกลาง),admission,2026,29,2.8,0,1,2,2,https://admission.swu.ac.th
10090204112701A,A0049,C,Admission-สาขาวิชาสาธารณสุขศาสตร์ วิชาเอกอาชีวอนามัยและความปลอดภัย (รับกลุ่ม นานาชาติ),admission,2026,29,2.8,0,2,1,2,https://admission.swu.ac.th
10090204112701A,D0004,A,โครงการรับบุตรและคู่สมรสของทหาร ตำรวจตระเวนชายแดน,quota,2026,2,2.8,,1,1,2,https://admission.swu.ac.th
10090204112701A,D0004,B,โครงการรับบุตรและคู่สมรสของทหาร ตำรวจตระเวนชายแดน,quota,2026,2,2.8,,1,1,2,https://admission.swu.ac.th
10090204112701A,D0004,C,โครงการรับบุตรและคู่สมรสของทหาร ตำรวจตระเวนชายแดน,quota,2026,2,2.8,,1,1,2,https://admission.swu.ac.th
10090204112701A,D0009,A,โครงการโรงเรียนในเขตพื้นที่มหาวิทยาลัยและปริมณฑล,quota,2026,5,2.8,,1,1,2,https://admission.swu.ac.th
10090204112701A,D0009,B,โครงการโรงเรียนในเขตพื้นที่มหาวิทยาลัยและปริมณฑล,quota,2026,5,2.8,,1,1,2,https://admission.swu.ac.th
10090204112701A,D0009,C,โครงการโรงเรียนในเขตพื้นที่มหาวิทยาลัยและปริมณฑล,quota,2026,5,2.8,,1,1,2,https://admission.swu.ac.th
10090204112701A,G0001,A,โครงการเด็กดีมีที่เรียน,portfolio,2026,8,2.8,0,1,1,2,https://admission.swu.ac.th
10090204112701A,G0001,B,โครงการเด็กดีมีที่เรียน,portfolio,2026,8,2.8,0,1,1,2,https://admission.swu.ac.th
10090204112701A,G0001,C,โครงการเด็กดีมีที่เรียน,portfolio,2026,8,2.8,0,1,1,2,https://admission.swu.ac.th
10090204112701A,G0008,A,โครงการนักกีฬา,quota,2026,5,2.8,,1,1,2,https://admission.swu.ac.th
10090204112701A,G0008,B,โครงการนักกีฬา,quota,2026,5,2.8,,1,1,2,https://admission.swu.ac.th
10090204112701A,G0008,C,โครงการนักกีฬา,quota,2026,5,2.8,,1,1,2,https://admission.swu.ac.th
10090204702801A,A0001,,Admission,admission,2026,52,2,0,1,1,1,https://admission.swu.ac.th
10090204702801A,D0001,,โครงการผู้มีทักษะพิเศษ,quota,2026,10,2,,1,1,1,https://admission.swu.ac.th
10090204702801A,D0003,,โครงการความร่วมมือโรงเรียนสาธิต มศว และโรงเรียนในเครือข่าย,quota,2026,2,2,,1,2,2,https://admission.swu.ac.th
10090204702801A,D0004,,โครงการรับบุตรและคู่สมรสของทหาร ตำรวจตระเวนชายแดน,quota,2026,1,2,,1,1,1,https://admission.swu.ac.th
10090204702801A,D0009,,โครงการโรงเรียนในเขตพื้นที่มหาวิทยาลัยและปริมณฑล,quota,2026,2,2,,1,1,1,https://admission.swu.ac.th
10090204702801A,G0001,,โครงการเด็กดีมีที่เรียน,portfolio,2026,45,2,0,1,1,1,https://admission.swu.ac.th
10090204702801A,G0008,,โครงการนักกีฬา,quota,2026,5,2,,1,1,1,https://admission.swu.ac.th
10090204702802A,D0001,,โครงการผู้มีทักษะพิเศษ,portfolio,2026,20,2,0,1,1,1,https://admission.swu.ac.th
10090204702802A,D0001,,โครงการผู้มีทักษะพิเศษ,quota,2026,25,2,,1,1,1,https://admission.swu.ac.th
10090204702802A,D0003,,โครงการความร่วมมือโรงเรียนสาธิต มศว และโรงเรียนในเครือข่าย,quota,2026,1,2,,1,2,2,https://admission.swu.ac.th
10090204702802A,D0004,,โครงการรับบุตรและคู่สมรสของทหาร ตำรวจตระเวนชายแดน,quota,2026,2,2,,1,1,1,https://admission.swu.ac.th
10090204702802A,D0009,,โครงการโรงเรียนในเขตพื้นที่มหาวิทยาลัยและปริมณฑล,quota,2026,1,2,,1,1,1,https://admission.swu.ac.th
10090204702802A,G0001,,โครงการเด็กดีมีที่เรียน,portfolio,2026,26,2,0,1,1,1,https://admission.swu.ac.th
10090204702802A,G0008,,โครงการนักกีฬา,quota,2026,15,2,,1,1,1,https://admission.swu.ac.th
10090204702803A,A0001,,Admission,admission,2026,7,2.5,0,1,1,1,https://admission.swu.ac.th
10090204702803A,D0004,,โครงการรับบุตรและคู่สมรสของทหาร ตำรวจตระเวนชายแดน,quota,2026,2,2.5,,1,1,1,https://admission.swu.ac.th
10090204702803A,D0009,,โครงการโรงเรียนในเขตพื้นที่มหาวิทยาลัยและปริมณฑล,quota,2026,2,2.5,,1,1,1,https://admission.swu.ac.th
10090204702803A,G0001,,โครงการเด็กดีมีที่เรียน,portfolio,2026,22,2.5,0,1,1,1,https://admission.swu.ac.th
10090204702803A,G0008,,โครงการนักกีฬา,quota,2026,1,2.5,,1,1,1,https://admission.swu.ac.th
10090204702804A,D0001,,โครงการผู้มีทักษะพิเศษ,portfolio,2026,5,2,0,1,2,2,https://admission.swu.ac.th
10090204702804A,D0001,,โครงการผู้มีทักษะพิเศษ,quota,2026,20,2,,1,2,2,https://admission.swu.ac.th
10090204702804A,D0004,,โครงการรับบุตรและคู่สมรสของทหาร ตำรวจตระเวนชายแดน,quota,2026,2,2,,1,2,2,https://admission.swu.ac.th
10090204702804A,G0001,,โครงการเด็กดีมีที่เรียน,portfolio,2026,30,2,0,1,2,2,https://admission.swu.ac.th
10090204702804A,G0008,,โครงการนักกีฬา,quota,2026,3,2,,1,2,2,https://admission.swu.ac.th
10090206111701A,A0001,,Admission,admission,2026,72,2.5,35,1,2,2,https://admission.swu.ac.th
10090206111701A,D0001,,โครงการผู้มีทักษะพิเศษ,quota,2026,3,2.5,,1,2,2,https://admission.swu.ac.th
10090206111701A,D0003,,โครงการความร่วมมือโรงเรียนสาธิต มศว และโรงเรียนในเครือข่าย,quota,2026,6,2.5,,1,2,2,https://admission.swu.ac.th
10090206111701A,D0004,,โครงการรับบุตรและคู่สมรสของทหาร ตำรวจตระเวนชายแดน,quota,2026,5,2.5,,1,2,2,https://admission.swu.ac.th
10090206111701A,D0006,,โครงการรับผู้สำเร็จการศึกษาประกาศนียบัตรผู้ช่วยพยาบาล,quota,2026,6,2.5,,1,2,2,https://admission.swu.ac.th
10090206111701A,D0009,,โครงการโรงเรียนในเขตพื้นที่มหาวิทยาลัยและปริมณฑล,quota,2026,30,2.5,,1,2,2,https://admission.swu.ac.th
10090206111701A,D0011,,โครงการ 5 โรงพยาบาลชายแดนจังหวัดตาก,quota,2026,10,2.5,,1,2,2,https://admission.swu.ac.th
10090209300501A,A0001,,Admission,admission,2026,28,2.75,0,1,2,2,https://admission.swu.ac.th
10090209300501A,D0003,,โครงการความร่วมมือโรงเรียนสาธิต มศว และโรงเรียนในเครือข่าย,quota,2026,2,2.7,,1,2,2,https://admission.swu.ac.th
10090209300501A,D0009,,โครงการโรงเรียนในเขตพื้นที่มหาวิทยาลัยและปริมณฑล,quota,2026,3,2.7,,1,2,2,https://admission.swu.ac.th
10090209300501A,G0001,,โครงการเด็กดีมีที่เรียน,portfolio,2026,35,2.75,0,1,2,2,https://admission.swu.ac.th
10090209300601A,A0050,,Admission (รับกลุ่ม แกนกลาง),admission,2026,9,2.5,0,1,2,2,https://admission.swu.ac.th
10090209300601A,A0051,,Admission (รับกลุ่ม นานาชาติ กศน. GED),admission,2026,9,2.5,0,2,1,2,https://admission.swu.ac.th
10090209300601A,D0003,,โครงการความร่วมมือโรงเรียนสาธิต มศว และโรงเรียนในเครือข่าย,quota,2026,1,2.5,,1,2,2,https://admission.swu.ac.th
10090209300601A,D0009,,โครงการโรงเรียนในเขตพื้นที่มหาวิทยาลัยและปริมณฑล,quota,2026,4,2.5,,1,2,2,https://admission.swu.ac.th
10090209300601A,G0001,,โครงการเด็กดีมีที่เรียน,portfolio,2026,40,2.5,0,1,1,2,https://admission.swu.ac.th
10090209300701A,A0001,,Admission,admission,2026,38,2.75,0,1,2,2,https://admission.swu.ac.th
10090209300701A,D0003,,โครงการความร่วมมือโรงเรียนสาธิต มศว และโรงเรียนในเครือข่าย,quota,2026,3,2.75,,1,2,2,https://admission.swu.ac.th
10090209300701A,D0009,,โครงการโรงเรียนในเขตพื้นที่มหาวิทยาลัยและปริมณฑล,quota,2026,7,2.75,,1,2,2,https://admission.swu.ac.th
10090209300701A,G0001,,โครงการเด็กดีมีที่เรียน,portfolio,2026,60,2.75,0,1,2,2,https://admission.swu.ac.th
10090209300901A,A0054,,Admission (รับกลุ่ม แกนกลาง),admission,2026,39,3,0,1,2,2,https://admission.swu.ac.th
10090209300901A,A0055,,Admission (รับกลุ่ม นานาชาติ),admission,2026,39,3,0,2,1,2,https://admission.swu.ac.th
10090209300901A,D0003,,โครงการความร่วมมือโรงเรียนสาธิต มศว และโรงเรียนในเครือข่าย,quota,2026,5,3,,1,2,2,https://admission.swu.ac.th
10090209300901A,D0009,,โครงการโรงเรียนในเขตพื้นที่มหาวิทยาลัยและปริมณฑล,quota,2026,10,3,,1,1,2,https://admission.swu.ac.th
10090209300901A,G0001,,โครงการเด็กดีมีที่เรียน,portfolio,2026,30,3,0,1,1,2,https://admission.swu.ac.th
10090209301601A,A0001,A,Admission-สาขาวิชาวิศวกรรมไฟฟ้า วิชาเอกวิศวกรรมไฟฟ้ากำลัง,admission,2026,8,,20,1,1,1,https://admission.swu.ac.th
10090209301601A,A0001,B,Admission-สาขาวิชาวิศวกรรมไฟฟ้า วิชาเอกวิศวกรรมโทรคมนาคมและเทคโนโลยีสารสนเทศ,admission,2026,29,,20,1,1,1,https://admission.swu.ac.th
10090209301601A,D0003,A,โครงการความร่วมมือโรงเรียนสาธิต มศว และโรงเรียนในเครือข่าย,quota,2026,2,3,,1,2,2,https://admission.swu.ac.th
10090209301601A,D0003,B,โครงการความร่วมมือโรงเรียนสาธิต มศว และโรงเรียนในเครือข่าย,quota,2026,2,3,,1,2,2,https://admission.swu.ac.th
10090209301601A,D0009,A,โครงการโรงเรียนในเขตพื้นที่มหาวิทยาลัยและปริมณฑล,quota,2026,3,3,,1,2,2,https://admission.swu.ac.th
10090209301601A,D0009,B,โครงการโรงเรียนในเขตพื้นที่มหาวิทยาลัยและปริมณฑล,quota,2026,3,3,,1,2,2,https://admission.swu.ac.th
10090209301601A,G1001,A,โครงการเด็กดีมีที่เรียน,portfolio,2026,30,3,0,1,2,2,https://admission.swu.ac.th
10090209301601A,G2001,A,โครงการเด็กดีมีที่เรียน,portfolio,2026,30,3.5,0,2,2,1,https://admission.swu.ac.th
10090209301601A,G3001,B,โครงการเด็กดีมีที่เรียน,portfolio,2026,30,3,0,1,2,2,https://admission.swu.ac.th
10090209301601A,G4001,B,โครงการเด็กดีมีที่เรียน,portfolio,2026,30,3.5,0,2,2,1,https://admission.swu.ac.th
10090209302101A,A0001,,Admission,admission,2026,37,,0,1,1,1,https://admission.swu.ac.th
10090209302101A,D0003,,โครงการความร่วมมือโรงเรียนสาธิต มศว และโรงเรียนในเครือข่าย,quota,2026,2,2.75,,1,2,2,https://admission.swu.ac.th
10090209302101A,D0009,,โครงการโรงเรียนในเขตพื้นที่มหาวิทยาลัยและปริมณฑล,quota,2026,3,2.75,,1,2,2,https://admission.swu.ac.th
10090209302101A,G0001,,โครงการเด็กดีมีที่เรียน,portfolio,2026,25,2.75,0,1,2,2,https://admission.swu.ac.th
10090209302401C,A0056,,Admission (รับกลุ่ม แกนกลาง),admission,2026,50,2.75,0,1,2,2,https://admission.swu.ac.th
10090209302401C,A0057,,Admission (รับกลุ่ม นานาชาติ GED),admission,2026,50,2.75,0,2,1,2,https://admission.swu.ac.th
10090209302401C,D0003,,โครงการความร่วมมือโรงเรียนสาธิต มศว และโรงเรียนในเครือข่าย,quota,2026,2,2.75,,1,2,2,https://admission.swu.ac.th
10090209302401C,D0009,,โครงการโรงเรียนในเขตพื้นที่มหาวิทยาลัยและปริมณฑล,quota,2026,3,2.75,,1,1,2,https://admission.swu.ac.th
10090209302401C,G0003,,โครงการพัฒนาบัณฑิตสู่สากล หลักสูตร 2 ภาษา,portfolio,2026,40,2.75,0,1,1,2,https://admission.swu.ac.th
10090209302801A,A0001,,Admission,admission,2026,30,,0,1,2,2,https://admission.swu.ac.th
10090209302801A,D0003,,โครงการความร่วมมือโรงเรียนสาธิต มศว และโรงเรียนในเครือข่าย,quota,2026,1,2.5,,1,2,2,https://admission.swu.ac.th
10090209302801A,D0009,,โครงการโรงเรียนในเขตพื้นที่มหาวิทยาลัยและปริมณฑล,quota,2026,4,2.5,,1,2,2,https://admission.swu.ac.th
10090209302801A,G0001,,โครงการเด็กดีมีที่เรียน,portfolio,2026,20,2.5,0,1,2,2,https://admission.swu.ac.th
10090209303501A,A0052,,Admission (รับกลุ่ม แกนกลาง),admission,2026,20,2.75,0,1,2,2,https://admission.swu.ac.th
10090209303501A,A0053,,Admission (รับกลุ่ม นานาชาติ อาชีวะ GED),admission,2026,20,2.75,0,2,1,1,https://admission.swu.ac.th
10090209303501A,D0003,,โครงการความร่วมมือโรงเรียนสาธิต มศว และโรงเรียนในเครือข่าย,quota,2026,2,2.75,,1,2,2,https://admission.swu.ac.th
10090209303501A,D0009,,โครงการโรงเรียนในเขตพื้นที่มหาวิทยาลัยและปริมณฑล,quota,2026,3,2.75,,1,2,2,https://admission.swu.ac.th
10090209303501A,G0001,,โครงการเด็กดีมีที่เรียน,portfolio,2026,40,2.75,0,1,1,1,https://admission.swu.ac.th
10090212130101A,A0001,A,Admission-หลักสูตรเภสัชศาสตรบัณฑิต วิชาเอกเภสัชกรรมอุตสาหการ,admission,2026,61,,0,1,1,2,https://admission.swu.ac.th
10090212130101A,A0001,B,Admission-หลักสูตรเภสัชศาสตรบัณฑิต วิชาเอกการบริบาลทางเภสัชกรรม,admission,2026,35,,0,1,1,2,https://admission.swu.ac.th
10090212130101A,D0001,A,โครงการผู้มีทักษะพิเศษ,portfolio,2026,10,3.5,0,1,1,2,https://admission.swu.ac.th
10090212130101A,D0001,B,โครงการผู้มีทักษะพิเศษ,portfolio,2026,5,3.5,0,1,1,2,https://admission.swu.ac.th
10090212130101A,D0003,A,โครงการความร่วมมือโรงเรียนสาธิต มศว และโรงเรียนในเครือข่าย,quota,2026,3,3,,1,2,2,https://admission.swu.ac.th
10090212130101A,D0007,B,โครงการการผลิตแพทย์และทีมนวัตกรรมสุขภาพเพื่อเวชศาสตร์ครอบครัว,quota,2026,10,3,,1,2,2,https://admission.swu.ac.th
10090212130101A,D0009,A,โครงการโรงเรียนในเขตพื้นที่มหาวิทยาลัยและปริมณฑล,quota,2026,7,3,,1,2,2,https://admission.swu.ac.th
10090212130301F,G0009,,โครงการร่วมกับมหาวิทยาลัยนอตติงแฮม สหราชอาณาจักร,portfolio,2026,10,3,0,1,1,2,https://admission.swu.ac.th
10090247500401A,A0001,A,Admission-สาขาวิชานวัตกรรมเกษตรและการจัดการลุ่มน้ำอย่างยั่งยืน วิชาเอกนวัตกรรมเกษตร,admission,2026,94,2,0,1,1,1,https://admission.swu.ac.th
10090247500401A,D0003,A,โครงการความร่วมมือโรงเรียนสาธิต มศว และโรงเรียนในเครือข่าย,quota,2026,4,2,,1,2,2,https://admission.swu.ac.th
10090247500401A,D0008,A,โครงการบัณฑิตคืนถิ่นโพธิวิชชาลัย,quota,2026,4,2,,1,1,1,https://admission.swu.ac.th
10090247500401A,D0009,A,โครงการโรงเรียนในเขตพื้นที่มหาวิทยาลัยและปริมณฑล,quota,2026,12,2,,1,1,1,https://admission.swu.ac.th
10090247500401A,G0001,A,โครงการเด็กดีมีที่เรียน,portfolio,2026,29,2,0,1,1,1,https://admission.swu.ac.th
10090247500401A,G0002,A,โครงการผู้พิการ,portfolio,2026,1,2,0,1,1,1,https://admission.swu.ac.th
10090247904201A,A0001,A,Admission-สาขาวิชาการจัดการภูมิสังคมและวัฒนธรรม วิชาเอกการจัดการภูมิสังคม,admission,2026,50,,0,1,1,1,https://admission.swu.ac.th
10090247904201A,A0001,B,Admission-สาขาวิชาการจัดการภูมิสังคมและวัฒนธรรม วิชาเอกการจัดการภูมิวัฒนธรรม,admission,2026,57,,0,1,1,1,https://admission.swu.ac.th
10090247904201A,D0003,A,โครงการความร่วมมือโรงเรียนสาธิต มศว และโรงเรียนในเครือข่าย,quota,2026,3,,,1,2,2,https://admission.swu.ac.th
10090247904201A,D0003,B,โครงการความร่วมมือโรงเรียนสาธิต มศว และโรงเรียนในเครือข่าย,quota,2026,3,,,1,2,2,https://admission.swu.ac.th
10090247904201A,D0008,A,โครงการบัณฑิตคืนถิ่นโพธิวิชชาลัย,quota,2026,2,2,,1,1,1,https://admission.swu.ac.th
10090247904201A,D0008,B,โครงการบัณฑิตคืนถิ่นโพธิวิชชาลัย,quota,2026,2,2,,1,1,1,https://admission.swu.ac.th
10090247904201A,D0009,A,โครงการโรงเรียนในเขตพื้นที่มหาวิทยาลัยและปริมณฑล,quota,2026,5,,,1,1,1,https://admission.swu.ac.th
10090247904201A,D0009,B,โครงการโรงเรียนในเขตพื้นที่มหาวิทยาลัยและปริมณฑล,quota,2026,5,,,1,1,1,https://admission.swu.ac.th
10090247904201A,G0001,A,โครงการเด็กดีมีที่เรียน,portfolio,2026,13,,0,1,1,1,https://admission.swu.ac.th
10090247904201A,G0001,B,โครงการเด็กดีมีที่เรียน,portfolio,2026,13,,0,1,1,1,https://admission.swu.ac.th
10090247904201A,G0002,A,โครงการผู้พิการ,portfolio,2026,2,,0,1,1,1,https://admission.swu.ac.th
10090247904201A,G0002,B,โครงการผู้พิการ,portfolio,2026,2,,0,1,1,1,https://admission.swu.ac.th
10090266211901A,A0001,,Admission,admission,2026,53,2,0,1,2,2,https://admission.swu.ac.th
10090266211901A,D0001,,โครงการผู้มีทักษะพิเศษ,portfolio,2026,5,2.5,0,1,2,2,https://admission.swu.ac.th
10090266211901A,D0001,,โครงการผู้มีทักษะพิเศษ,quota,2026,14,2,,1,2,2,https://admission.swu.ac.th
10090266211901A,D0004,,โครงการรับบุตรและคู่สมรสของทหาร ตำรวจตระเวนชายแดน,quota,2026,2,2,,1,2,2,https://admission.swu.ac.th
10090266211901A,D0009,,โครงการโรงเรียนในเขตพื้นที่มหาวิทยาลัยและปริมณฑล,quota,2026,9,2,,1,2,2,https://admission.swu.ac.th
10090266211901A,G0001,,โครงการเด็กดีมีที่เรียน,portfolio,2026,5,2.75,0,1,2,2,https://admission.swu.ac.th
10090266213101A,A0001,,Admission,admission,2026,50,2,0,1,1,1,https://admission.swu.ac.th
10090266213101A,D0001,,โครงการผู้มีทักษะพิเศษ,portfolio,2026,4,2.5,0,1,1,1,https://admission.swu.ac.th
10090266213101A,D0001,,โครงการผู้มีทักษะพิเศษ,quota,2026,15,2.5,,1,2,2,https://admission.swu.ac.th
10090266213101A,D0009,,โครงการโรงเรียนในเขตพื้นที่มหาวิทยาลัยและปริมณฑล,quota,2026,5,2.5,,1,1,1,https://admission.swu.ac.th
10090266213101A,G0001,,โครงการเด็กดีมีที่เรียน,portfolio,2026,10,2,0,1,1,1,https://admission.swu.ac.th
10090267110101A,A0001,,Admission,admission,2026,50,2.5,0,1,1,2,https://admission.swu.ac.th
10090267110101A,D0001,,โครงการผู้มีทักษะพิเศษ,quota,2026,20,2.5,,1,1,2,https://admission.swu.ac.th
10090267110101A,D0003,,โครงการความร่วมมือโรงเรียนสาธิต มศว และโรงเรียนในเครือข่าย,quota,2026,1,2.5,,1,2,2,https://admission.swu.ac.th
10090267110101A,D0009,,โครงการโรงเรียนในเขตพื้นที่มหาวิทยาลัยและปริมณฑล,quota,2026,10,2.5,,1,1,2,https://admission.swu.ac.th
10090267110101A,G0001,,โครงการเด็กดีมีที่เรียน,portfolio,2026,30,2.5,0,1,1,2,https://admission.swu.ac.th
10090267110101A,G0008,,โครงการนักกีฬา,quota,2026,2,2.5,,1,1,2,https://admission.swu.ac.th
10090267110901A,A0001,,Admission,admission,2026,23,2.5,0,1,1,2,https://admission.swu.ac.th
10090267110901A,D0003,,โครงการความร่วมมือโรงเรียนสาธิต มศว และโรงเรียนในเครือข่าย,quota,2026,1,2.5,,1,2,2,https://admission.swu.ac.th
10090267110901A,D0009,,โครงการโรงเรียนในเขตพื้นที่มหาวิทยาลัยและปริมณฑล,quota,2026,1,2.5,,1,1,2,https://admission.swu.ac.th
10090267110901A,D0010,,โครงการบริการสุขภาพของกระทรวงสาธารณสุข,quota,2026,3,2.5,,1,1,2,https://admission.swu.ac.th
10090267110901A,G0001,,โครงการเด็กดีมีที่เรียน,portfolio,2026,20,2.5,0,1,1,2,https://admission.swu.ac.th
10090267112501A,A0001,,Admission,admission,2026,36,2,0,1,1,2,https://admission.swu.ac.th
10090267112501A,D0004,,โครงการรับบุตรและคู่สมรสของทหาร ตำรวจตระเวนชายแดน,quota,2026,2,2,,1,1,2,https://admission.swu.ac.th
10090267112501A,D0009,,โครงการโรงเรียนในเขตพื้นที่มหาวิทยาลัยและปริมณฑล,quota,2026,4,2,,1,1,2,https://admission.swu.ac.th
10090267112501A,G0001,,โครงการเด็กดีมีที่เรียน,portfolio,2026,45,2,0,1,1,2,https://admission.swu.ac.th
10090267112501A,G0008,,โครงการนักกีฬา,quota,2026,1,2,,1,1,2,https://admission.swu.ac.th
10090271211001A,A0064,,Admission (รับกลุ่ม แกนกลาง) (TGAT / TPAT3),admission,2026,25,2,0,1,2,2,https://admission.swu.ac.th
10090271211001A,A0065,,Admission (รับกลุ่ม นานาชาติ อาชีวะ กศน. GED) (TGAT / TPAT3),admission,2026,25,2,0,2,1,1,https://admission.swu.ac.th
10090271211001A,A0066,,"Admission (รับกลุ่ม แกนกลาง) (TGAT / A-LEVEL เคมี, ชีววิทยา)",admission,2026,25,2,0,1,2,2,https://admission.swu.ac.th
10090271211001A,A0067,,"Admission (รับกลุ่ม นานาชาติ อาชีวะ กศน. GED) (TGAT / A-LEVEL เคมี, ชีววิทยา)",admission,2026,25,2,0,2,1,1,https://admission.swu.ac.th
10090271211001A,D0009,,โครงการโรงเรียนในเขตพื้นที่มหาวิทยาลัยและปริมณฑล,quota,2026,5,2,,1,1,1,https://admission.swu.ac.th
10090271211001A,G0001,,โครงการเด็กดีมีที่เรียน,portfolio,2026,34,2,0,1,1,1,https://admission.swu.ac.th
10090271211001A,G0002,,โครงการผู้พิการ,portfolio,2026,1,2,0,1,1,1,https://admission.swu.ac.th
10090271211201A,A0001,,Admission,admission,2026,68,2,0,1,2,2,https://admission.swu.ac.th
10090271211201A,D0009,,โครงการโรงเรียนในเขตพื้นที่มหาวิทยาลัยและปริมณฑล,quota,2026,4,2,,1,2,2,https://admission.swu.ac.th
10090271211201A,G0001,,โครงการเด็กดีมีที่เรียน,portfolio,2026,15,2,0,1,2,2,https://admission.swu.ac.th
10090271211201A,G0002,,โครงการผู้พิการ,portfolio,2026,1,2,0,1,2,2,https://admission.swu.ac.th
10090271212401A,A0001,,Admission,admission,2026,35,2,0,1,2,1,https://admission.swu.ac.th
10090271212401A,D0001,,โครงการผู้มีทักษะพิเศษ,portfolio,2026,18,2,0,1,2,1,https://admission.swu.ac.th
10090271212401A,D0001,,โครงการผู้มีทักษะพิเศษ,quota,2026,5,2,,1,2,1,https://admission.swu.ac.th
10090271212401A,D0003,,โครงการความร่วมมือโรงเรียนสาธิต มศว และโรงเรียนในเครือข่าย,quota,2026,3,2,,1,2,2,https://admission.swu.ac.th
10090271212401A,D0009,,โครงการโรงเรียนในเขตพื้นที่มหาวิทยาลัยและปริมณฑล,quota,2026,7,2,,1,2,1,https://admission.swu.ac.th
10090271212401A,G0001,,โครงการเด็กดีมีที่เรียน,portfolio,2026,20,2,0,1,2,1,https://admission.swu.ac.th
10090271212401A,G0002,,โครงการผู้พิการ,portfolio,2026,2,2,0,1,2,1,https://admission.swu.ac.th
10090271213601A,A0068,,Admission (รับกลุ่ม แกนกลาง),admission,2026,55,2,0,1,2,2,https://admission.swu.ac.th
10090271213601A,A0069,,Admission (รับกลุ่ม นานาชาติ อาชีวะ GED),admission,2026,55,2,0,2,1,1,https://admission.swu.ac.th
10090271213601A,D0004,,โครงการรับบุตรและคู่สมรสของทหาร ตำรวจตระเวนชายแดน,quota,2026,1,2,,1,1,1,https://admission.swu.ac.th
10090271213601A,D0009,,โครงการโรงเรียนในเขตพื้นที่มหาวิทยาลัยและปริมณฑล,quota,2026,4,2,,1,1,1,https://admission.swu.ac.th
10090271213601A,G0001,,โครงการเด็กดีมีที่เรียน,portfolio,2026,19,2,0,1,1,1,https://admission.swu.ac.th
10090271213601A,G0002,,โครงการผู้พิการ,portfolio,2026,1,2,0,1,1,1,https://admission.swu.ac.th
