program_id,tcas_year,year_ce,seats,applicants,accepted,min_score,max_score
10010121300001A,63,2020,55,266,55,21197.5,23542.5
10010121300001A,64,2021,33,1070,36,21761.2,24932.34
10010121300001A,65,2022,465,710,455,51.0196,85.4686
10010121300001A,66,2023,360,2424,360,54.15,80.8274
10010121300001A,67,2024,380,1119,381,53.6832,83.5332
10010121300001A,68,2025,390,1417,390,59.883,82.6
10010121300501A,64,2021,50,555,52,77.2587,95.5
10010121300501A,65,2022,50,306,50,69.6333,80.0961
10010121300501A,66,2023,65,1422,65,71.4166,86.561
10010121300501A,67,2024,65,579,65,72.2942,90.4218
10010121300501A,68,2025,80,460,80,74.7276,89.0164
10010121300599A,66,2023,185,2305,185,61.1666,84.9052
10010121300599A,67,2024,140,591,140,58.0222,78.8053
10010121300599A,68,2025,105,735,105,66.8886,85.7888
10010121301101A,63,2020,15,60,15,19846.75,20993.75
10010121301101A,64,2021,5,104,5,20515.75,21090.15
10010121301101A,65,2022,25,97,17,45.3804,62.6137
10010121301101A,66,2023,25,233,25,47.0276,59.9109
10010121301101A,67,2024,25,167,25,49.1275,53.4721
10010121301101A,68,2025,20,194,20,53.9274,62.883
10010121302101A,64,2021,10,179,10,68.3333,78.7
10010121302101A,65,2022,10,67,10,61.2921,74.1294
10010121302101A,66,2023,10,357,10,61.2109,68.833
10010121302101A,67,2024,10,118,10,58.5664,64.3274
10010121302101A,68,2025,10,176,10,66.022,77.5553
10010121302501A,64,2021,10,178,26,17500,21718.25
10010121302501A,65,2022,55,144,26,45.2471,53.8137
10010121302501A,66,2023,55,283,55,45.4942,58.3222
10010121302501A,67,2024,35,101,10,51.1498,53.6222
10010121302501A,68,2025,20,174,20,54.5,59.0666
10010121302701A,63,2020,25,76,25,18566.5,21161.75
10010121302701A,64,2021,20,172,46,17387.15,19854.5
10010121302701A,65,2022,40,86,12,45.0961,51.8137
10010121302701A,66,2023,40,306,40,50.0052,60.9332
10010121302701A,67,2024,40,238,40,50.9554,57.0996
10010121302701A,68,2025,40,259,40,55.1276,62.1386
10010121302801A,64,2021,30,197,30,51.2333,65.2753
10010121302801A,65,2022,30,171,30,45,54.4
10010121302801A,66,2023,30,344,30,49.2943,68.022
10010121302801A,67,2024,25,170,25,51.4386,69.6887
10010121302801A,68,2025,20,227,20,57.5165,59.8222
10010121303001A,63,2020,15,26,15,16351.5,20755.25
10010121303001A,64,2021,5,247,30,17518.75,19519.95
10010121303001A,65,2022,35,60,5,48.0294,49.0725
10010121303001A,66,2023,30,154,30,41.1552,54.522
10010121303001A,67,2024,25,33,3,51.4831,53.372
10010121303001A,68,2025,15,54,15,51.7444,59.5944
10010121303501A,64,2021,5,100,5,78.0333,84.5667
10010121303501A,65,2022,5,74,5,68.592,77.3583
10010121303501A,66,2023,5,142,5,71.2221,76.2444
10010121303501A,67,2024,5,92,5,68.6332,78.5108
10010121303501A,68,2025,5,125,5,74.5776,81.1164
10010122904301A,63,2020,10,149,10,21403.2,23586
10010122904301A,64,2021,10,99,10,20434.5,22265.04
10010122904301A,65,2022,240,1284,51,64.8125,77.375
10010122904301A,66,2023,233,1149,45,71.375,82.375
10010122904301A,67,2024,211,985,30,70.875,81.75
10010122904301A,68,2025,10,498,10,73.0625,75.75
10010123210301A,63,2020,18,98,18,17287.5,20391
10010123210301A,64,2021,35,206,40,16890.8,21138.7
10010123210301A,65,2022,44,318,44,41.4667,75.8804
10010123210301A,66,2023,29,635,29,63.8716,79.7054
10010123210301A,67,2024,25,353,25,57.4496,71.9332
10010123210301A,68,2025,34,265,34,55.4388,75.061
10010123210401A,63,2020,61,159,61,16417,20080.3
10010123210401A,64,2021,94,845,113,17408.9,21564.8
10010123210401A,65,2022,126,806,126,42.0471,56.5353
10010123210401A,66,2023,98,1318,98,58.4216,77.2166
10010123210401A,67,2024,70,667,70,51.9496,63.0276
10010123210401A,68,2025,105,335,105,40.1,74.0374
10010123210402A,63,2020,43,151,43,17110,21223
10010123210402A,64,2021,70,565,80,17625.5,23331.94
10010123210402A,65,2022,99,555,99,43.2804,59.3667
10010123210402A,66,2023,93,1233,93,60.5554,79.6994
10010123210402A,67,2024,92,817,92,54.9382,65.1496
10010123210402A,68,2025,41,1030,41,63.7994,73.4332
10010123210501A,63,2020,26,158,26,16983.5,19224.5
10010123210501A,64,2021,41,599,50,17566.84,19305.54
10010123210501A,65,2022,53,755,53,45.5412,59.1902
10010123210501A,66,2023,34,1426,34,63.4776,71.8494
10010123210501A,67,2024,32,420,32,53.0604,69.5882
10010123210501A,68,2025,45,169,45,33.3166,58.4208
10010123210601A,63,2020,25,148,25,17178.1,19685.5
10010123210601A,64,2021,41,450,47,17825.8,21536.24
10010123210601A,65,2022,56,418,56,42.3863,64.298
10010123210601A,66,2023,53,818,53,59.2054,81.966
10010123210601A,67,2024,53,423,53,51.644,62.9216
10010123210601A,68,2025,40,128,40,37.0286,59.6722
10010123210701A,63,2020,25,72,25,16852.5,19782.5
10010123210701A,64,2021,35,553,46,18007.4,21524.1
10010123210701A,65,2022,30,545,30,46.6,61.4333
10010123210701A,66,2023,28,892,28,62.2994,75.311
10010123210701A,67,2024,40,422,40,52.4604,65.216
10010123210701A,68,2025,16,980,16,62.1,67.4996
10010123210901A,63,2020,54,145,54,13967,17384.4
10010123210901A,64,2021,35,241,44,15257,20008.14
10010123210901A,65,2022,54,59,19,31.1373,50.7471
10010123210901A,66,2023,55,280,55,48.7938,67.9328
10010123210901A,67,2024,49,517,49,48.544,62.4722
10010123210901A,68,2025,50,137,50,39.454,56.6
10010123211001A,63,2020,35,179,35,17383,20169.5
10010123211001A,64,2021,66,785,78,17985.34,21133.1
10010123211001A,65,2022,90,944,90,45.8235,60.3745
10010123211001A,66,2023,75,1408,75,61.0664,80.494
10010123211001A,67,2024,71,861,71,54.5444,71.9276
10010123211001A,68,2025,38,169,38,35.871,52.1666
10010123212301A,63,2020,15,48,15,16295.9,18208.5
10010123212301A,64,2021,27,181,31,16758,20551.14
10010123212301A,65,2022,34,116,34,41.5117,55.4529
10010123212301A,66,2023,19,293,19,59.8996,68.9276
10010123212301A,67,2024,19,240,19,53.0882,62.4444
10010123212301A,68,2025,21,369,21,59.9666,76.1166
10010123212501A,63,2020,45,197,45,14871,17146
10010123212501A,64,2021,35,228,46,15444.5,17105.74
10010123212501A,65,2022,53,79,22,34.1,47.7019
10010123212501A,66,2023,53,241,53,47.644,60.9938
10010123212501A,67,2024,54,470,54,45.255,55.0722
10010123212501A,68,2025,50,231,50,37.45,51.011
10010123212601A,63,2020,36,76,36,15121.5,17268
10010123212601A,64,2021,35,356,42,16577.2,19365.8
10010123212601A,65,2022,54,146,53,33.6863,53.6039
10010123212601A,66,2023,50,358,50,54.044,71.2218
10010123212601A,67,2024,53,326,53,47.211,61.8552
10010123212601A,68,2025,50,308,50,45.85,63.961
10010123212701A,63,2020,29,79,29,15735,18694.5
10010123212701A,64,2021,41,265,53,16406.44,22781.5
10010123212701A,65,2022,49,160,49,33.2569,71.0833
10010123212701A,66,2023,36,481,36,60.0774,76.2108
10010123212701A,67,2024,40,367,40,52.6222,72.366
10010123212701A,68,2025,50,355,50,54.0776,73.844
10010123212801A,63,2020,84,177,84,13816.5,17399.5
10010123212801A,64,2021,62,511,75,15585.94,18410.4
10010123212801A,65,2022,97,158,43,31.5294,53.5569
10010123212801A,66,2023,95,612,95,52.6496,73.0216
10010123212801A,67,2024,95,749,95,48.5054,61.994
10010123212801A,68,2025,36,85,36,32.511,44.3276
10010123213001A,63,2020,19,52,19,15826.5,18275.5
10010123213001A,64,2021,27,279,29,17042.1,19770.64
10010123213001A,65,2022,39,122,39,35.8255,55.9961
10010123213001A,66,2023,28,626,28,59.555,77.0222
10010123213001A,67,2024,23,342,23,52.6774,66.805
10010123213001A,68,2025,33,127,33,30.9232,52.8632
10010123213101A,63,2020,68,171,68,15150,17586.4
10010123213101A,64,2021,70,526,84,16157.74,19759.84
10010123213101A,65,2022,101,272,101,33.2569,56.5253
10010123213101A,66,2023,74,785,74,55.794,68.2938
10010123213101A,67,2024,72,578,73,49.2552,61.6774
10010123213101A,68,2025,82,495,82,51.4703,58.5786
10010123213201A,63,2020,13,65,13,16442.4,19959
10010123213201A,64,2021,14,201,15,17364.3,18789.74
10010123213201A,65,2022,22,106,22,39.4333,58.5313
10010123213201A,66,2023,14,429,14,58.8216,70.855
10010123213201A,67,2024,20,265,20,50.4438,62.15
10010123213201A,68,2025,6,548,6,61.111,66.4164
10010123213501A,64,2021,49,985,52,19366.84,23513.1
10010123213501A,65,2022,39,1068,39,53.8471,75.5627
10010123213501A,66,2023,24,2695,24,74.1276,81.194
10010123213501A,67,2024,25,1015,25,66.8944,74.6832
10010123213501A,68,2025,21,684,21,67.2497,76.7972
10010124903201A,63,2020,21,8,0,,
10010124903201A,64,2021,19,10,0,0,0
10010124903201A,65,2022,66,438,3,77.0196,78.2167
10010124903201A,66,2023,66,3542,39,74.8082,82.9138
10010124903201A,67,2024,66,2378,42,73.1082,80.9916
10010124903201A,68,2025,66,8,0,0,0
10010125400201A,63,2020,20,94,20,19952.5,21535.5
10010125400201A,64,2021,5,163,6,20386.34,22137.5
10010125400201A,65,2022,22,170,22,41.6667,59.1167
10010125400201A,66,2023,15,296,15,56.95,64.9
10010125400201A,67,2024,10,152,10,53.1,69.5
10010125400201A,68,2025,5,134,5,58.25,59.1
10010125400301A,63,2020,8,70,8,20521.5,23203.5
10010125400301A,64,2021,10,195,11,20457.84,22526.3
10010125400301A,65,2022,25,177,25,43,68.5
10010125400301A,66,2023,15,285,15,56.9,65.45
10010125400301A,67,2024,16,192,16,51.85,58.45
10010125400301A,68,2025,10,140,10,54.2,58.6
10010125400401A,63,2020,11,101,11,19320.2,20295.7
10010125400401A,64,2021,8,139,16,18762,20677.9
10010125400401A,65,2022,25,154,25,39.2,55.0333
10010125400401A,66,2023,20,282,20,54.15,82.8
10010125400401A,67,2024,18,175,18,49.55,56.75
10010125400401A,68,2025,9,172,9,53.85,57.1
10010125400501A,63,2020,10,77,10,21403.5,23673
10010125400501A,64,2021,10,287,11,21600,24133.4
10010125400501A,65,2022,10,236,10,55.5,72.9167
10010125400501A,66,2023,10,523,10,66.2,78
10010125400501A,67,2024,10,340,10,61.2,80.25
10010125400501A,68,2025,11,260,11,61.15,74.25
10010125400701A,63,2020,10,84,10,21192.9,23552.5
10010125400701A,64,2021,5,197,5,21308.8,23493.7
10010125400701A,65,2022,11,193,11,50.2,59.0667
10010125400701A,66,2023,7,355,7,63,70.25
10010125400701A,67,2024,5,242,5,58.6,71.2
10010125400701A,68,2025,5,183,5,59.5,66
10010126610501A,63,2020,10,133,10,23806.2,24836.2
10010126610501A,64,2021,10,729,11,23583.54,25671
10010126610501A,65,2022,250,1067,251,58.0039,79.5333
10010126610501A,66,2023,240,5081,240,83.1552,95.8888
10010126610501A,67,2024,240,3103,241,74.3552,95.3332
10010126610501A,68,2025,20,940,20,77.922,94.9776
10010126610801A,63,2020,15,173,15,22444.5,23775.6
10010126610801A,64,2021,15,862,19,22372.2,25891.5
10010126610801A,65,2022,250,912,250,51.2667,87.0471
10010126610801A,66,2023,240,4586,240,78.3664,92.5
10010126610801A,67,2024,240,3634,240,70,91.5332
10010126610801A,68,2025,20,867,20,67.7108,85.822
10010126610901A,63,2020,12,83,12,21603,23812
10010126610901A,64,2021,12,264,14,21342,23178.6
10010126610901A,65,2022,30,226,30,53.8255,70.8824
10010126610901A,66,2023,40,711,40,60.8055,83.611
10010126610901A,67,2024,40,873,40,54.2664,66.8108
10010126610901A,68,2025,40,563,40,59.6552,66.2888
10010127703701A,63,2020,9,40,9,19595.9,20854.5
10010127703701A,64,2021,8,68,8,17768.7,20458.8
10010127703701A,65,2022,54,152,54,45.1482,73.2387
10010127703701A,66,2023,51,265,51,52.9276,80.3722
10010127703701A,67,2024,50,349,50,55.2888,81.8276
10010127703701A,68,2025,28,72,8,69.3401,72.2513
10010128901101A,63,2020,40,68,10,22543.5,23484
10010128901101A,64,2021,40,251,11,23144.64,25865.4
10010128901101A,65,2022,95,223,18,78.6039,87.8353
10010128901101A,66,2023,70,128,24,77.5332,89.3108
10010128901101A,67,2024,70,119,21,72.5666,79.7833
10010128901101A,68,2025,79,99,19,72.1998,87.2332
10010129611101A,63,2020,14,200,14,22310.4,23971.5
10010129611101A,64,2021,25,682,29,21310.74,22709.94
10010129611101A,65,2022,140,755,140,51.9608,75.102
10010129611101A,66,2023,140,1333,140,57.6164,76.1388
10010129611101A,67,2024,140,2064,140,59.2582,77.7388
10010129611101A,68,2025,140,1447,140,62.1638,82.575
10010131140101A,64,2021,10,598,11,22014.5,23100.5
10010133130201A,63,2020,14,96,14,20850,22141.9
10010133130201A,64,2021,15,626,17,21778.6,22835.5
10010133130301A,63,2020,18,113,18,21059,22432.25
10010133130301A,64,2021,20,666,21,21806.34,23400.4
10010134901001A,63,2020,10,51,10,22542,24739.2
10010134901001A,64,2021,13,168,14,22356.84,25239.24
10010134901001A,65,2022,160,590,160,53.8471,75.1794
10010134901001A,66,2023,125,2427,125,71.8554,85.9
10010134901001A,67,2024,125,1294,125,67.55,81.5666
10010134901001A,68,2025,35,231,35,70.2722,85.361
10010137110101A,63,2020,24,129,24,19548,20559
10010137110101A,64,2021,10,485,10,20514,21432.3
10010137110101A,65,2022,70,56,14,50.3167,72.5167
10010137110101A,66,2023,60,2834,60,58.5944,71.3888
10010137110101A,67,2024,41,2156,41,62.4276,73.6608
10010137110101A,68,2025,40,851,40,63.0194,78.2332
10010137111301A,63,2020,50,298,50,19994,22867
10010137111301A,64,2021,40,1759,48,20820.24,22135.1
10010137111301A,65,2022,102,5812,102,53.325,68.9279
10010137111301A,66,2023,90,2262,90,49.3666,75.316
10010137111301A,67,2024,75,3496,75,52.4544,69.8244
10010137111301A,68,2025,110,2246,110,57.7638,68.5788
10010137111801A,63,2020,18,133,18,19272.4,21346.5
10010137111801A,64,2021,10,277,11,19845.34,20416.24
10010137111801A,65,2022,51,443,51,49.75,60.152
10010137111801A,66,2023,52,59,32,35.3549,75.8031
10010137111801A,67,2024,47,347,47,44.7149,53.7
10010137111801A,68,2025,44,598,44,51.395,61.3382
10010137111901A,63,2020,14,93,14,20506.5,22340
10010137111901A,64,2021,7,580,9,21238.4,21754
10010137111901A,65,2022,33,1018,33,58.1,65.3297
10010137111901A,66,2023,27,210,27,50.8013,71.847
10010137111901A,67,2024,30,763,30,54.8555,61.779
10010137111901A,68,2025,25,485,26,58.9665,76.3153
10010138113101A,63,2020,4,145,4,20818.2,21738
10010138113101A,64,2021,15,569,17,20479.2,23172.84
10010138113101A,65,2022,28,1314,28,60.2507,71.8275
10010138113101A,66,2023,30,684,30,61.5305,76.672
10010138113101A,67,2024,22,785,22,60.697,69.561
10010138113101A,68,2025,21,1383,21,82.361,87.777
10010139112001A,63,2020,50,331,50,16186.4,18436.1
10010139112001A,64,2021,30,486,40,16802.14,20064.6
10010139112001A,65,2022,100,650,100,44.3824,69.5
10010139112001A,66,2023,60,72,40,31.8702,59.5644
10010139112001A,67,2024,60,635,60,52.11,79.0088
10010139112001A,68,2025,60,420,60,53.7088,70.142
10010140900301A,63,2020,35,330,35,16782,19977.5
10010140900301A,64,2021,40,272,48,15719.7,19296.24
10010140900301A,65,2022,56,159,56,26.4745,49.7333
10010140900301A,66,2023,42,125,34,36.3552,85.2344
10010140900301A,67,2024,48,586,41,45.6108,65.7164
10010140900301A,68,2025,70,27,1,48.9376,48.9376
10020101111802A,66,2023,7,297,7,52.7131,55.2015
10020101111802A,67,2024,13,554,13,54.2772,64.6216
10020101111802A,68,2025,7,467,7,61.2662,65.066
10020101500101A,63,2020,15,44,15,9720,12437
10020101500101A,64,2021,11,182,12,12263.3,18007.1
10020101500101A,65,2022,17,61,14,19.0662,46.6108
10020101500101A,66,2023,21,48,17,32.1165,49.6264
10020101500101A,67,2024,13,172,13,41.8776,57.2442
10020101500101A,68,2025,9,152,9,48.033,60.2104
10020101500201A,63,2020,26,49,23,8754.5,12884.5
10020101500201A,64,2021,15,82,17,8246.5,13393
10020101500201A,65,2022,34,69,10,23.8853,41.472
10020101500201A,66,2023,26,37,13,33.8781,52.9764
10020101500201A,67,2024,25,141,25,36.1,53.1664
10020101500201A,68,2025,23,169,23,43.6772,56.5444
10020101500202A,63,2020,15,81,15,12834.5,17334.5
10020101500202A,64,2021,11,210,12,15095.7,16982.1
10020101500202A,65,2022,29,186,29,32.7579,46.713
10020101500202A,66,2023,5,194,5,51.2399,57.3449
10020101500202A,67,2024,25,238,25,44.8998,56.3888
10020101500202A,68,2025,27,323,27,51.644,59.3328
10020101500203A,63,2020,14,38,13,7959.5,13779.5
10020101500203A,64,2021,18,111,22,9827.8,19258.1
10020101500203A,65,2022,31,54,13,20.0745,40.5382
10020101500203A,66,2023,29,43,15,36.6315,51.4649
10020101500203A,67,2024,30,115,30,31.6662,55.9444
10020101500203A,68,2025,22,221,22,45.7332,64.5552
10020101500204A,63,2020,45,147,45,11809,15358
10020101500204A,64,2021,65,262,66,9566.2,17116.34
10020101500204A,65,2022,151,181,38,19.2138,37.4544
10020101500204A,66,2023,144,194,67,32.7348,55.8415
10020101500204A,67,2024,145,406,145,33.4662,55.5886
10020101500204A,68,2025,133,494,133,40.6442,68.1328
10020101500205A,63,2020,16,93,16,11240,16686.9
10020101500205A,64,2021,10,100,11,10389.14,13708.7
10020101500205A,65,2022,25,54,13,19.7583,41.1965
10020101500205A,66,2023,29,35,12,29.1666,47.7799
10020101500205A,67,2024,28,118,28,31.0548,48.7664
10020101500205A,68,2025,30,158,30,37.866,50.5552
10020101500205E,64,2021,18,2,0,0,0
10020101500205E,65,2022,5,1,0,0,0
10020101500205E,66,2023,31,4,2,29.4083,35.7958
10020101500205E,67,2024,32,2,1,52.229,52.229
10020101500205E,68,2025,31,5,1,37.9699,37.9699
10020101500301A,63,2020,17,84,17,12511.5,14746
10020101500301A,64,2021,17,139,18,12944.04,16311.5
10020101500301A,65,2022,42,73,42,18.4333,43.5961
10020101500301A,66,2023,42,69,34,30.795,54.3148
10020101500301A,67,2024,40,193,40,39.1444,54.2552
10020101500301A,68,2025,44,153,44,41.5328,61.1886
10020102500601A,63,2020,100,281,100,10782.5,15910
10020102500601A,64,2021,50,361,62,9501.84,16998.44
10020102500601A,65,2022,250,672,250,25,57.5618
10020102500601A,66,2023,200,587,200,46.4165,63.31
10020102500601A,67,2024,230,486,230,26.5249,52.9998
10020102500601A,68,2025,200,1109,200,32.1414,52.6081
10020103501001A,63,2020,70,292,70,12478.5,16766.5
10020103501001A,64,2021,60,616,70,13509.84,17730.6
10020103501001A,65,2022,140,636,140,33.0368,55.5083
10020103501001A,66,2023,80,923,80,57.833,69.9745
10020103501001A,67,2024,60,741,60,49.458,67.9855
10020103501001A,68,2025,50,1179,50,55.7775,64.819
10020104210301A,63,2020,20,142,20,14109,15710
10020104210301A,64,2021,15,270,22,14764.5,17028.94
10020104210301A,65,2022,17,425,17,46.3627,60.7049
10020104210301A,66,2023,20,414,20,63.5913,76.683
10020104210301A,67,2024,15,179,15,48.0914,60.5415
10020104210301A,68,2025,13,314,13,56.1997,63.7161
10020104210401A,63,2020,25,119,25,14112.5,18823
10020104210401A,64,2021,50,498,105,15015.24,18602.94
10020104210401A,65,2022,45,1058,45,49.697,62.4
10020104210401A,66,2023,55,508,55,52.6745,61.1745
10020104210401A,67,2024,50,573,50,48.0662,57.7662
10020104210401A,68,2025,65,842,65,54.2993,64.1996
10020104210402E,66,2023,20,17,5,27.2495,64.0996
10020104210402E,67,2024,30,52,18,19.9314,54.6484
10020104210402E,68,2025,30,75,25,25.805,61.2217
10020104210404A,66,2023,30,272,30,53.0831,61.9913
10020104210404A,67,2024,30,364,30,46.5331,56.0414
10020104210404A,68,2025,24,652,24,54.691,60.1576
10020104210501A,63,2020,35,159,35,14325.5,16876
10020104210501A,64,2021,15,514,17,16814.2,17737.24
10020104210501A,65,2022,50,1716,50,51.8,67.575
10020104210501A,66,2023,45,1616,45,64.383,69.208
10020104210501A,67,2024,46,481,46,46.2913,56.5748
10020104210501A,68,2025,55,1268,56,54.9164,63.1997
10020104210601A,63,2020,20,137,20,14828.5,18370
10020104210601A,64,2021,23,174,48,14145,17927.74
10020104210601A,65,2022,40,236,40,33.738,54.1362
10020104210601A,66,2023,35,602,35,54.4,62.7106
10020104210601A,67,2024,30,351,30,49.4886,55.5106
10020104210601A,68,2025,40,587,40,54.3996,64.7998
10020104210701A,63,2020,20,81,20,13807.5,18317
10020104210701A,64,2021,10,369,13,16600.24,17974.54
10020104210701A,65,2022,30,970,30,49.5137,58.7785
10020104210701A,66,2023,25,1453,25,68.3135,74.4375
10020104210701A,67,2024,28,242,28,48.708,62.1665
10020104210701A,68,2025,31,400,31,53.5493,60.866
10020104210702A,63,2020,35,160,35,13766.5,16871.5
10020104210702A,64,2021,10,253,11,15433.34,17284.04
10020104210702A,65,2022,35,358,35,40.7735,48.0279
10020104210702A,66,2023,32,863,32,61.1329,69.1915
10020104210702A,67,2024,15,204,15,46.8332,56.5884
10020104210702A,68,2025,11,711,11,56.8915,64.025
10020104211201E,63,2020,30,16,8,11241,13819.5
10020104211201E,64,2021,20,40,9,11708.7,15400.64
10020104211201E,65,2022,30,45,5,38.1559,47.0313
10020104211201E,66,2023,40,80,31,36.1885,71.2814
10020104211201E,67,2024,40,92,27,31.1548,60.3216
10020104211201E,68,2025,53,145,53,32.5082,62.5328
10020104212301A,63,2020,18,60,18,13072,16307.8
10020104212301A,64,2021,9,127,12,14514.9,16277.8
10020104212301A,65,2022,35,265,35,44.6206,57.1333
10020104212301A,66,2023,32,187,32,55.9246,68.8665
10020104212301A,67,2024,40,163,40,42.4772,56.6884
10020104212301A,68,2025,40,223,40,46.9413,65.2161
10020104212501A,63,2020,20,109,20,12482,14592
10020104212501A,64,2021,20,129,28,11056.9,16812.94
10020104212501A,65,2022,28,195,28,35.2412,52.6823
10020104212501A,66,2023,30,436,30,68.6943,76.6735
10020104212501A,67,2024,20,87,20,31.7495,53.722
10020104212501A,68,2025,20,433,20,46.622,54.0996
10020104212601A,63,2020,15,107,15,13649,16621.5
10020104212601A,64,2021,5,120,5,15278.64,15987.5
10020104212601A,65,2022,50,244,51,40.3912,54.0539
10020104212601A,66,2023,40,128,40,47.0997,58.7121
10020104212601A,67,2024,45,284,45,46.333,54.0275
10020104212601A,68,2025,51,288,51,49.1525,65.694
10020104212701A,63,2020,25,48,22,9936.2,16438
10020104212701A,64,2021,20,274,27,12882.94,16269.94
10020104212701A,65,2022,40,212,40,24.3226,40.5547
10020104212701A,66,2023,45,260,45,48.1218,71.1216
10020104212701A,67,2024,40,409,40,47.3548,59.5662
10020104212701A,68,2025,40,416,40,53.7216,65.566
10020104212702A,63,2020,35,108,35,12221,16566
10020104212702A,64,2021,25,134,36,12061.74,15173.54
10020104212702A,65,2022,40,98,29,19.6009,48.4892
10020104212702A,66,2023,40,249,40,54.7747,71.0999
10020104212702A,67,2024,40,134,40,37.6772,57.3496
10020104212702A,68,2025,36,509,36,50.1831,57.1166
10020104213301A,63,2020,5,39,5,14900,16536
10020104213301A,64,2021,15,154,19,14624.7,16534.1
10020104213301A,65,2022,46,464,46,43.6794,56.8285
10020104213301A,66,2023,30,507,30,63.5272,75.0216
10020104213301A,67,2024,15,385,15,57.583,63.7355
10020104213301A,68,2025,15,404,15,61.458,64.6385
10020104213301B,63,2020,35,44,20,9565.4,14298.5
10020104213301B,64,2021,30,101,27,8472.54,15206.4
10020104213301B,65,2022,70,87,19,26.75,45.8029
10020104213301B,66,2023,70,75,31,34.7332,63.2608
10020104213301B,67,2024,60,297,60,42.4855,59.708
10020104213301B,68,2025,70,412,70,50.458,59.1525
10020104213601E,64,2021,20,7,4,11100.4,13363
10020104213601E,65,2022,30,20,5,26.3,28.55
10020104213601E,66,2023,30,21,11,38.5664,60.8496
10020104213601E,67,2024,30,41,13,21.4995,67.833
10020104213601E,68,2025,30,96,30,32.333,54
10020104220201A,63,2020,16,220,16,16917.5,18908.5
10020104220201A,64,2021,20,82,0,0,0
10020104220201A,65,2022,24,2815,24,62.138,74.55
10020104220201A,66,2023,28,3352,28,81.9666,88.3916
10020104220201A,67,2024,30,1781,30,71.666,77.9995
10020104220201A,68,2025,25,1208,25,75.333,81.5
10020104220201B,63,2020,60,198,60,12694.5,16518.5
10020104220201B,64,2021,45,66,8,14048.2,15390.14
10020104220201B,65,2022,75,731,75,46.2323,60.7853
10020104220201B,66,2023,55,956,55,73.4582,86.3581
10020104220201B,67,2024,60,680,60,61.666,75.4995
10020104220201B,68,2025,55,631,55,67.466,77.5998
10020105300501A,63,2020,10,114,10,20875.25,23467
10020105300501A,64,2021,8,609,9,21578.6,23217.04
10020105300501A,65,2022,45,1116,45,54.1598,76.3333
10020105300501A,66,2023,40,1702,40,56.6,66.2332
10020105300501A,67,2024,40,2189,40,57.3275,68.6773
10020105300501A,68,2025,35,1603,35,62.0051,75.6441
10020105300601A,63,2020,20,45,20,17861,22419.2
10020105300601A,64,2021,16,276,17,18048.49,21258.3
10020105300601A,65,2022,46,277,46,36.5637,49.4
10020105300601A,66,2023,26,325,26,41.3332,50.9666
10020105300601A,67,2024,15,594,15,44.3332,50.4998
10020105300601A,68,2025,10,425,10,50.2666,54.633
10020105300601B,63,2020,15,36,15,16036.9,18177
10020105300601B,64,2021,10,83,38,9972.24,17890
10020105300601B,65,2022,40,91,16,31.7206,41.4637
10020105300601B,66,2023,40,93,40,27.2664,40.4998
10020105300601B,67,2024,39,649,39,34.5664,44.0332
10020105300601B,68,2025,35,381,35,41.0166,48.5999
10020105300701A,63,2020,10,50,10,19048,20758
10020105300701A,64,2021,10,251,13,18387.84,21125.5
10020105300701A,65,2022,50,511,50,40.8583,53.4686
10020105300701A,66,2023,25,781,25,49.8664,70.5999
10020105300701A,67,2024,21,847,21,48.8498,60.9832
10020105300701A,68,2025,22,1163,22,59.3498,68.15
10020105300701B,63,2020,10,71,10,16600.75,19235.25
10020105300701B,64,2021,10,115,27,13644.9,18352.95
10020105300701B,65,2022,60,209,58,26.8049,42.0167
10020105300701B,66,2023,53,291,53,34.7665,49.7
10020105300701B,67,2024,35,532,35,38.3331,46.4332
10020105300701B,68,2025,34,743,34,47.9332,54.4166
10020105300701E,64,2021,5,63,9,12475.09,16938.95
10020105300701E,65,2022,35,34,11,31.3803,45.6047
10020105300701E,66,2023,44,34,8,25.6665,59
10020105300701E,67,2024,30,129,30,28.7666,49.1331
10020105300701E,68,2025,20,219,20,39.7665,48.4831
10020105301001E,63,2020,10,35,10,17181.35,20244.25
10020105301001E,64,2021,6,110,7,18210,19703.7
10020105301001E,65,2022,33,139,33,37.0667,55.9274
10020105301001E,66,2023,22,230,22,48.8332,58.4665
10020105301001E,67,2024,29,320,29,48.983,72.411
10020105301001E,68,2025,30,319,30,54.5274,63.6275
10020105301601A,63,2020,5,50,5,19206,20267.5
10020105301601A,64,2021,10,412,11,19620.9,20679.5
10020105301601A,65,2022,55,684,55,44.9059,54.4833
10020105301601A,66,2023,30,929,30,49.6,62.8997
10020105301601A,67,2024,20,1756,20,57.0666,70.3166
10020105301601A,68,2025,20,1110,20,62.1332,67.8332
10020105301601B,63,2020,10,57,10,17004.3,19006
10020105301601B,64,2021,65,187,67,3051.444444,5411.111111
10020105301601B,65,2022,60,283,60,33.7137,46.325
10020105301601B,66,2023,48,284,48,37.7666,49.3
10020105301601B,67,2024,38,948,38,46.8332,56.4832
10020105301601B,68,2025,30,511,30,51.5832,61.3998
10020105301601D,63,2020,5,46,5,15354.75,18185.5
10020105301601D,64,2021,5,48,6,15561.65,17654.25
10020105301601D,65,2022,30,49,11,31.7814,51.2706
10020105301601D,66,2023,35,63,24,27.6665,66.5165
10020105301601D,67,2024,30,325,30,41.4166,51.3498
10020105301601D,68,2025,30,245,30,46.8498,56.5166
10020105301901A,63,2020,5,44,5,18357,19999.75
10020105301901A,64,2021,3,84,3,18380.75,19614.55
10020105301901A,65,2022,13,208,13,41.4529,54.1118
10020105301901A,66,2023,9,180,9,47,59.3666
10020105301901A,67,2024,12,257,12,44.3664,50.9164
10020105301901A,68,2025,5,519,5,57.8332,66.4164
10020105301901B,63,2020,5,52,5,16362,17716.25
10020105301901B,64,2021,5,59,9,10350.74,16702.4
10020105301901B,65,2022,25,75,16,27.0314,40.1833
10020105301901B,66,2023,21,110,21,35,44.4999
10020105301901B,67,2024,23,242,23,34.9665,45.6
10020105301901B,68,2025,16,607,16,46.8998,52.7164
10020105301902E,66,2023,27,29,9,29.5833,51.6665
10020105301902E,67,2024,30,87,30,18.6665,45.4999
10020105301902E,68,2025,27,236,27,34.3166,46.9998
10020105302101A,63,2020,20,113,20,18324,21191.1
10020105302101A,64,2021,15,499,16,18257.44,20941.5
10020105302101A,65,2022,72,603,72,39.15,59.5333
10020105302101A,66,2023,60,1175,60,45.4165,56.75
10020105302101A,67,2024,35,1025,35,45.1832,52.8664
10020105302101A,68,2025,18,1423,18,56.7332,65.95
10020105302101D,68,2025,25,204,25,43.25,57.4998
10020105302103A,63,2020,20,51,20,15811.65,18186
10020105302103A,66,2023,55,330,56,36.4165,47.75
10020105302103A,67,2024,45,612,46,37.7498,45.4165
10020105302103A,68,2025,30,516,30,42.8333,54.9998
10020105302501A,63,2020,10,198,10,16210.4,16945.75
10020105302501A,64,2021,5,108,10,15649.99,18005.05
10020105302501A,65,2022,42,184,42,27.9715,50.4392
10020105302501A,66,2023,20,151,20,34.0331,41.2999
10020105302501A,67,2024,10,428,10,39.0998,44.6664
10020105302501A,68,2025,5,404,5,50.8,55.8999
10020105302501B,63,2020,10,92,10,15504.75,17459.25
10020105302501B,64,2021,5,55,16,12284.34,15386.64
10020105302501B,65,2022,50,36,4,32.1726,37.1451
10020105302501B,66,2023,50,25,9,17.9831,34.6999
10020105302501B,67,2024,30,293,30,31.5998,35.9998
10020105302501B,68,2025,10,237,10,42.6998,47.1999
10020105302701B,63,2020,10,56,10,14349.95,16469.3
10020105302701B,64,2021,5,59,15,12125.94,16052.89
10020105302701B,65,2022,36,31,5,30.4303,34.1785
10020105302701B,66,2023,40,50,27,16.9665,41.6331
10020105302701B,67,2024,45,302,45,29.6,41.7332
10020105302701B,68,2025,47,275,48,34.7498,45.4998
10020105302801A,63,2020,20,82,20,15246.5,19558.9
10020105302801A,64,2021,20,319,23,15996.8,18205.94
10020105302801A,65,2022,40,220,40,30.752,47.5333
10020105302801A,66,2023,35,233,35,32.8664,42.4998
10020105302801A,67,2024,45,1068,45,38.9165,54.2498
10020105302801A,68,2025,35,553,35,44.6665,56.8333
10020105302801D,68,2025,20,53,20,27.2498,45.4165
10020105303201A,63,2020,5,58,5,20136.9,20907.25
10020105303201A,64,2021,25,102,28,4895.888889,6516.666667
10020105303201A,65,2022,30,212,30,39.5417,60.8
10020105303201A,66,2023,25,399,25,45.2498,69.6665
10020105303201A,67,2024,25,560,25,45.6665,60.25
10020105303201A,68,2025,25,432,25,48.1665,58.75
10020105303201G,64,2021,35,14,3,3816.666667,5319.444444
10020105303201G,65,2022,28,25,7,30.1392,40.5137
10020105303201G,66,2023,25,45,24,17.9165,53.4998
10020105303201G,67,2024,25,158,25,29.5,54.0833
10020105303201G,68,2025,15,142,15,35.1665,48.75
10020105303402A,68,2025,8,462,8,54.5164,62.2666
10020105303501A,63,2020,10,36,10,17938.25,21175.75
10020105303501A,64,2021,10,308,12,17836.5,19919.45
10020105303501A,65,2022,60,502,60,37.4463,53.1417
10020105303501A,66,2023,50,618,50,43.9998,66.1665
10020105303501A,67,2024,30,583,30,43.9,55.6165
10020105303501A,68,2025,25,674,25,51.261,67.6052
10020105303501B,63,2020,5,45,5,16929.75,19602.4
10020105303501B,64,2021,10,86,21,11105.39,17531.65
10020105303501B,65,2022,55,170,33,29.0137,42.5686
10020105303501B,66,2023,45,198,45,32.6665,43.3333
10020105303501B,67,2024,40,462,40,34.2331,41.2665
10020105303501B,68,2025,25,584,25,42.5443,52.1554
10020105303501D,63,2020,5,21,5,12736.25,16788
10020105303501D,64,2021,5,58,9,12379.5,15865.55
10020105303501D,65,2022,20,32,4,32.5463,37.8539
10020105303501D,66,2023,15,28,7,28.1665,46.2498
10020105303501D,67,2024,20,91,20,28.1665,48.8333
10020105303501D,68,2025,15,176,15,37.4998,50.5
10020105620202B,66,2023,30,146,30,36.7417,57.6874
10020105620202B,67,2024,28,658,28,47.0581,69.9998
10020105620202B,68,2025,20,364,20,50.1249,61.8373
10020106700301A,63,2020,10,32,10,15001.5,18614
10020106700301A,64,2021,5,12,2,16702,17325.5
10020106700301A,65,2022,20,238,20,43.9392,55.3362
10020106700301A,66,2023,19,199,19,65.9281,74.6182
10020106700301A,67,2024,25,989,25,59.8415,64.4248
10020106700301A,68,2025,6,99,6,63.24,67.7399
10020106702801A,63,2020,25,167,25,14486,18495.5
10020106702801A,64,2021,25,355,27,15619.34,19982.94
10020106702801A,65,2022,35,128,35,32.3774,55.0196
10020106702801A,66,2023,29,922,29,66.1555,75.222
10020106702801A,67,2024,12,980,12,69.111,81.083
10020106702801A,68,2025,24,852,24,66.083,74.1828
10020106702802A,63,2020,26,37,26,8312,18970
10020106702802A,64,2021,10,189,17,15958.74,19217
10020106702802A,65,2022,20,57,20,40.0299,56.4932
10020106702802A,66,2023,16,362,16,67.9638,72.5164
10020106702802A,67,2024,16,596,16,67.7915,78.0416
10020106702802A,68,2025,17,788,17,68.4305,73.236
10020107611101A,63,2020,60,183,60,18111.9,20394.9
10020107611101A,64,2021,65,1192,89,18685.8,21142.74
10020107611101A,65,2022,100,526,100,47.9845,57.55
10020107611101A,66,2023,54,990,54,45.6875,55.3958
10020107611101A,67,2024,69,2170,69,54.8,64.0332
10020107611101A,68,2025,60,905,60,57.6332,67.3
10020107611101B,63,2020,100,172,81,14470.5,19054.5
10020107611101B,64,2021,140,409,149,13729.8,18651.3
10020107611101B,65,2022,180,126,16,43.9309,53.3095
10020107611101B,66,2023,157,242,150,17.875,47.3333
10020107611101B,67,2024,154,2166,155,46.6,54.6332
10020107611101B,68,2025,143,890,146,50.3,58
10020107611101D,64,2021,15,39,9,15677.34,19865.04
10020107611101D,65,2022,15,79,15,31.1667,45.1667
10020107611101D,66,2023,18,141,18,43.333,53.833
10020107611101D,67,2024,18,318,19,49.6665,56.6665
10020107611101D,68,2025,25,288,25,59.4165,69.4375
10020107611102A,63,2020,20,130,20,16375.5,18987.4
10020107611102A,65,2022,95,1167,95,43.8632,52.4
10020107611102A,66,2023,85,293,85,39.3083,53.2708
10020107611102A,67,2024,70,1946,70,46.2916,51.5832
10020107611102A,68,2025,60,698,61,47.4165,55.0416
10020107611102B,63,2020,80,560,80,14109,17326.5
10020107611102B,65,2022,100,384,100,33.3926,45.4544
10020107611102B,66,2023,100,147,64,17.5208,44.1041
10020107611102B,67,2024,70,1007,70,39.3333,50.2083
10020107611102B,68,2025,50,741,50,57.3333,70.3332
10020107611103A,63,2020,25,185,25,16515.6,19062
10020107611103A,64,2021,15,336,18,16758.54,18040.5
10020107611103A,65,2022,110,2100,111,45.747,58.2206
10020107611103A,66,2023,60,711,60,61.2082,83.3416
10020107611103A,67,2024,70,1034,70,44.4443,52.7915
10020107611103A,68,2025,40,735,40,65.8332,76.0332
10020107611103B,63,2020,80,721,80,14674.5,17460
10020107611103B,64,2021,25,254,28,13754.1,15908.7
10020107611103B,65,2022,200,729,200,34.8,47.4059
10020107611103B,66,2023,100,316,100,42.3665,70.3415
10020107611103B,67,2024,140,899,140,35.6665,49
10020107611103B,68,2025,60,695,60,54.1166,65.45
10020107611104E,65,2022,30,91,30,24.1667,51.1667
10020107611104E,66,2023,30,120,30,33.5,53.333
10020107611104E,67,2024,50,272,50,40.5,51.833
10020107611104E,68,2025,50,178,50,47.8125,63.3125
10020108113101A,63,2020,10,202,10,17787.8,20528.1
10020108113101A,64,2021,6,385,6,18695.9,19611.2
10020108113101A,65,2022,11,536,11,55.6127,61.9108
10020108113101A,66,2023,11,627,11,59.9766,62.7694
10020108113101A,67,2024,11,424,11,47,53.4041
10020108113101A,68,2025,10,369,10,57.2653,59.768
10020108113101B,63,2020,28,202,28,15727,17577
10020108113101B,64,2021,16,175,17,16520.5,19415.5
10020108113101B,65,2022,30,230,30,47.4362,56
10020108113101B,66,2023,24,231,24,51.4182,60.5188
10020108113101B,67,2024,24,156,24,41.1041,49.7125
10020108113101B,68,2025,21,268,21,46.3055,54.868
10020108901001A,63,2020,9,44,9,15433.5,19150.5
10020108901001A,64,2021,4,120,4,18891.3,20357.4
10020108901001A,65,2022,18,2103,18,53.3235,61.6118
10020108901001A,66,2023,8,313,8,61.4949,64.1866
10020108901001A,67,2024,7,2267,7,69.0652,72.9318
10020108901001A,68,2025,2,140,2,65.8152,69.8858
10020108901001B,63,2020,15,33,15,14512.5,18055.8
10020108901001B,64,2021,7,54,8,16256.94,18012.54
10020108901001B,65,2022,34,497,34,47.5412,59.4
10020108901001B,66,2023,12,771,12,66.0249,72.7581
10020108901001B,67,2024,8,234,8,52.9233,55.9902
10020108901001B,68,2025,3,70,3,59.1429,60.6902
10020108901401A,63,2020,5,18,5,17077.5,17923.5
10020108901401A,64,2021,1,17,1,17261.64,17261.64
10020108901401A,65,2022,40,688,40,50.3529,61.2706
10020108901401A,66,2023,20,253,20,58.75,65.911
10020108901401A,67,2024,20,163,20,49.979,58.9513
10020108901401A,68,2025,15,256,15,56.0625,65.9165
10020108902801B,63,2020,1,1,1,13251,13251
10020108902801B,64,2021,5,15,7,13465.5,17683.5
10020108902801B,65,2022,7,220,7,57.8412,64.0882
10020108902801B,66,2023,11,33,11,53.9749,58.6664
10020108902801B,67,2024,15,285,15,45.8206,49.7483
10020108902801B,68,2025,2,27,2,53.0666,53.9375
10020108903001A,63,2020,35,266,23,15135,17904
10020108903001A,64,2021,32,27,7,14793.54,16080.6
10020108903001A,65,2022,43,187,43,37.5735,50.35
10020108903001A,66,2023,40,81,40,36.4664,46.0914
10020108903001A,67,2024,36,290,36,38.8499,47.6498
10020108903001A,68,2025,32,471,32,53.1624,63.3496
10020108903001B,63,2020,90,478,90,13185,16101.6
10020108903001B,64,2021,70,157,44,10477.5,16250.94
10020108903001B,65,2022,100,89,44,24.6735,43.9294
10020108903001B,66,2023,120,107,50,18.1665,45.025
10020108903001B,67,2024,100,321,100,29.2108,40.6332
10020108903001B,68,2025,100,928,100,41.3776,58.0888
10020108903102A,66,2023,10,335,10,60.2332,65.795
10020108903102A,67,2024,14,261,14,57.07,64.27
10020108903102A,68,2025,16,514,16,62.1748,66.1333
10020108903102B,66,2023,42,104,42,45.4782,58.0514
10020108903102B,67,2024,39,294,39,47.36,54.1149
10020108903102B,68,2025,33,584,33,51.5582,60.9666
10020108903201A,63,2020,1,18,1,17376,17376
10020108903201A,64,2021,1,9,2,16651.5,16651.5
10020108903201A,65,2022,10,273,10,55.9265,66.4301
10020108903201A,66,2023,7,454,7,68.2382,73.135
10020108903201A,67,2024,9,338,9,62.4698,69.2466
10020108903201A,68,2025,5,309,5,64.4499,72.2915
10020108903201B,63,2020,4,4,2,11281.8,15974.4
10020108903201B,64,2021,1,4,1,15714.9,15714.9
10020108903201B,65,2022,31,60,25,27.8581,51.7184
10020108903201B,66,2023,33,118,33,50.3164,61.6381
10020108903201B,67,2024,27,183,27,47.5133,58.8898
10020108903201B,68,2025,31,594,31,53.1832,63.3081
10020108903501A,63,2020,15,74,15,16540.5,17964
10020108903501A,64,2021,10,1607,13,20591.54,22404.04
10020108903501A,65,2022,30,1472,30,59.8794,76.8618
10020108903501A,66,2023,39,3419,39,69.8608,75.2552
10020108903501A,67,2024,30,1189,30,59.486,72.444
10020108903501A,68,2025,33,998,33,62.1805,67.2915
10020108903501B,63,2020,60,220,60,14271.3,16477.2
10020108903501B,64,2021,20,661,26,17751.8,19761.4
10020108903501B,65,2022,70,303,70,41.5823,59.788
10020108903501B,66,2023,74,1185,74,61.7194,72.322
10020108903501B,67,2024,62,451,62,50.125,62.1665
10020108903501B,68,2025,60,856,60,54.7775,61.069
10020109140101A,64,2021,13,1045,13,21548.54,22198.2
10020109140101A,65,2022,23,3820,23,61.8353,66.938
10020109140101A,66,2023,11,1873,11,62.1315,68.1565
10020109140101A,67,2024,22,2348,22,61.77,69.3082
10020109140101A,68,2025,13,1456,13,67.7033,70.7398
10020110501101E,63,2020,15,0,0,,
10020110501101E,64,2021,10,10,1,16225.64,16225.64
10020110501101E,65,2022,5,9,2,32.675,32.675
10020110501101E,66,2023,10,2,0,0,0
10020110501101E,67,2024,10,5,3,37.2082,47.5831
10020110501102A,63,2020,35,63,35,12088,15665
10020110501102A,64,2021,30,174,56,8886,17889.5
10020110501102A,65,2022,70,89,31,18.7971,43.1932
10020110501102A,66,2023,50,118,48,31.1679,50.5233
10020110501102A,67,2024,50,223,50,34.4525,45.872
10020110501102A,68,2025,60,299,60,37.1025,50.6025
10020110501103A,63,2020,60,107,52,8126.7,13897.5
10020110501103A,64,2021,30,143,43,8390.34,16233
10020110501103A,65,2022,70,72,17,29.4912,52.2853
10020110501103A,66,2023,50,89,41,32.8248,54.3582
10020110501103A,67,2024,55,149,55,32.3165,43.3635
10020110501103A,68,2025,50,267,50,35.411,47.019
10020110501104A,63,2020,50,117,50,11689.5,15840.5
10020110501104A,64,2021,30,217,58,6414.34,16222.4
10020110501104A,65,2022,70,126,37,19.2804,42.8137
10020110501104A,66,2023,30,62,20,26.4844,40.5387
10020110501104A,67,2024,30,296,30,36.4402,44.9902
10020110501104A,68,2025,23,194,23,46.2816,57.2288
10020110501105A,63,2020,10,26,10,13403.8,17168.5
10020110501105A,64,2021,25,120,51,9205.94,19568.1
10020110501105A,65,2022,80,180,78,24.7358,56.3848
10020110501105A,66,2023,60,72,33,27.9715,54.8499
10020110501105A,67,2024,50,257,50,41.0415,52.847
10020110501105A,68,2025,35,122,35,42.0552,55.0664
10020110501106A,63,2020,15,112,15,16905.5,18784
10020110501106A,64,2021,5,548,20,17835.2,19005.94
10020110501106A,65,2022,15,1033,15,56.5441,68.1853
10020110501106A,66,2023,8,466,8,71.3832,73.9944
10020110501106A,67,2024,15,380,15,59.7775,65.708
10020110501106A,68,2025,4,402,4,67.8605,69.6105
10020110501106B,63,2020,20,50,20,13871.1,16613
10020110501106B,64,2021,10,129,49,13386.74,17076.9
10020110501106B,65,2022,45,160,45,40.3912,56.6206
10020110501106B,66,2023,25,34,18,29.3332,56.4688
10020110501106B,67,2024,30,108,30,45.9662,63.3494
10020110501106B,68,2025,15,286,15,58.3662,65.616
10020111620103E,66,2023,30,65,30,32.1998,65.3998
10020111620103E,67,2024,10,175,10,54.8332,69.7664
10020111620103E,68,2025,35,134,35,51.6,73.9996
10020111620105A,66,2023,25,367,25,56,72.6665
10020111620105A,67,2024,15,1225,15,67.6248,87.95
10020111620105A,68,2025,17,532,17,72.3998,87.1249
10020111800201A,65,2022,25,112,25,53.1838,75.5417
10020111800201A,66,2023,22,12,7,39.979,64.5833
10020111800201A,67,2024,5,8,5,50,54
10020111800201A,68,2025,1,16,1,54,54
10020111901501A,63,2020,35,178,35,18010,21525
10020111901501A,64,2021,40,262,42,5683.333333,8500
10020111901501A,65,2022,30,1128,30,59.1118,67.0794
10020111901501A,66,2023,42,872,42,65.7665,73.9665
10020111901501A,67,2024,27,491,27,58.1,64.0915
10020111901501A,68,2025,39,765,39,59.922,70.122
10020111901701A,65,2022,40,270,40,71.1441,86.2294
10020111901701A,66,2023,30,723,30,67.8552,85.0444
10020111901701A,67,2024,30,534,30,59.7832,82.2166
10020111901701A,68,2025,30,288,30,58.1166,80.9498
10020111901701B,67,2024,60,257,60,51.0831,65.6345
10020111901701B,68,2025,40,207,40,51.0748,63.2164
10020111901801A,63,2020,10,224,10,20535,22687.5
10020111901801A,64,2021,7,343,8,21557.1,22290
10020111901801A,65,2022,20,404,20,73.4618,83.388
10020111901801A,66,2023,21,1190,21,70.8664,78.2052
10020111901801A,67,2024,8,868,8,70.5,82.3554
10020111901801A,68,2025,12,550,12,73.3444,81.4888
10020111901802B,63,2020,40,341,40,19803,22548
10020111901802B,64,2021,42,608,44,20195.1,24168.7
10020111901802B,65,2022,82,636,82,75.0465,91.0833
10020111901802B,66,2023,60,1131,60,74.7666,84.0666
10020111901802B,67,2024,70,726,70,64.583,73.888
10020111901802B,68,2025,90,1434,90,68.333,79.7957
10020111901901A,63,2020,5,153,5,22276.5,23425.5
10020111901901A,64,2021,5,102,5,21883.14,23293.8
10020111901901A,65,2022,25,282,25,76.8618,85.75
10020111901901A,66,2023,25,817,25,75.3331,85.0248
10020111901901A,67,2024,23,802,23,76.9998,86.1944
10020111901901A,68,2025,17,600,17,80.5944,90.6332
10020111901901B,64,2021,10,43,6,14838,18152.94
10020111901901B,65,2022,65,122,58,60.1559,77.1823
10020111901901B,66,2023,35,324,35,64.775,76.0081
10020111901901B,67,2024,38,346,38,63.0623,77
10020111901901B,68,2025,21,318,21,68.1248,77.8263
10020111902001A,63,2020,40,206,40,18889,21252.7
10020111902001A,64,2021,29,611,32,20085.3,23422.64
10020111902001A,65,2022,39,1140,39,66.3735,74.75
10020111902001A,66,2023,35,1199,35,68.1662,78.7498
10020111902001A,67,2024,36,1738,36,66.8332,72.5166
10020111902001A,68,2025,30,1114,30,66.8832,73.3776
10020111902403A,68,2025,20,436,20,62.1875,72.375
10020111902501A,63,2020,12,299,12,23906.3,25157.8
10020111902501A,64,2021,19,997,21,24144.54,25558.5
10020111902501A,65,2022,35,2582,35,65.2515,71.375
10020111902501A,66,2023,40,6501,40,81.175,87.8749
10020111902501A,67,2024,42,4060,42,80.8499,88.2
10020111902501A,68,2025,40,2653,40,82.525,88.1
10020111902501B,63,2020,40,224,40,21908,23715
10020111902501B,64,2021,42,349,45,20854.04,24076.5
10020111902501B,65,2022,90,661,90,57.1206,65.3279
10020111902501B,66,2023,90,1920,90,72.6998,82.2498
10020111902501B,67,2024,90,1319,90,71.5498,79.5748
10020111902501B,68,2025,95,1112,95,74.0249,81.7749
10020111903301A,63,2020,12,67,12,22121,24088.3855
10020111903301A,64,2021,10,115,12,21678.64,22862.04
10020111903301A,65,2022,35,23,5,61.4493,67.7882
10020111903301A,66,2023,32,487,32,66.472,73.3263
10020111903301A,67,2024,25,282,25,64.4332,71.0331
10020111903301A,68,2025,18,794,18,81.6248,87.4164
10020111903801A,63,2020,12,31,0,,
10020111903801A,64,2021,36,463,0,0,0
10020111903801A,65,2022,40,938,40,59.1382,78.3029
10020111903801A,66,2023,38,9244,38,75.1664,81.6888
10020111903801A,67,2024,42,5211,42,66.1733,73.0345
10020111903801A,68,2025,40,3959,40,67.1805,71.5623
10020112610101A,63,2020,35,189,35,18721.2,21367.2
10020112610101A,64,2021,35,1214,44,19207.2,20406.6
10020112610101A,65,2022,70,1985,70,56.925,69.6765
10020112610101A,66,2023,68,4472,68,73.0388,82.772
10020112610101A,67,2024,45,2337,45,66.3832,74.1638
10020112610101A,68,2025,29,2077,29,74.4888,82.8858
10020112610201A,63,2020,50,278,50,17778,20247
10020112610201A,64,2021,30,1182,42,18613.74,20879.4
10020112610201A,65,2022,70,1549,70,54.647,68.45
10020112610201A,66,2023,62,4328,62,69.4888,78.8
10020112610201A,67,2024,51,2810,51,63.7164,70.2026
10020112610201A,68,2025,60,2269,60,70.525,77.7194
10020112610202A,63,2020,25,111,25,17476.7,20157
10020112610202A,64,2021,15,519,16,18116.94,19054.8
10020112610202A,65,2022,47,738,47,52.55,78.35
10020112610202A,66,2023,26,1723,26,68.7388,78.3052
10020112610202A,67,2024,30,1172,30,63.0664,74.3414
10020112610202A,68,2025,39,982,40,68.9026,77.3332
10020112610501A,63,2020,30,302,30,20688,23459
10020112610501A,64,2021,60,1824,113,20422.2,22519.2
10020112610501A,65,2022,155,517,155,47.0059,73.45
10020112610501A,66,2023,85,7556,85,76.3,83.825
10020112610501A,67,2024,75,4726,75,71.5414,78.3444
10020112610501A,68,2025,95,3891,95,77.9026,83.8388
10020112610501B,63,2020,50,268,50,19243.4,21912
10020112610501B,64,2021,80,718,112,18869.94,20414.34
10020112610501B,65,2022,160,516,160,47.5059,69.1529
10020112610501B,66,2023,140,2399,140,68.4526,76.0082
10020112610501B,67,2024,130,2449,130,66.0138,71.4664
10020112610501B,68,2025,115,1938,115,73.5052,77.9
10020112610601A,63,2020,20,278,20,18888.7,20251.5
10020112610601A,64,2021,20,974,26,19039.8,20062.44
10020112610601A,65,2022,70,1306,70,55.5706,69.35
10020112610601A,66,2023,9,3726,9,75.9444,82.3388
10020112610601A,67,2024,17,2264,17,65.65,71.3388
10020112610601A,68,2025,5,1982,5,75.8332,77.0526
10020113112901A,63,2020,65,179,65,16374.5,20919
10020113112901A,64,2021,25,951,25,18960.14,20433.64
10020113112901A,65,2022,40,1485,40,48.5809,60.975
10020113112901A,66,2023,70,2976,70,57.7154,68.9466
10020113112901A,67,2024,50,1084,50,50.225,58.5665
10020113112901A,68,2025,40,1022,40,55.5903,63.0845
10020113112901B,63,2020,85,337,85,13624.2,18586
10020113112901B,64,2021,60,424,72,15083.8,17977.5
10020113112901B,65,2022,70,356,70,39.9309,49.9868
10020113112901B,66,2023,75,718,75,50.0732,60.0222
10020113112901B,67,2024,70,372,70,41.868,51.825
10020113112901B,68,2025,70,670,70,46.447,54.9513
10020113112902A,63,2020,40,179,40,15997,19005.5
10020113112902A,64,2021,30,711,36,17711.94,20102.1
10020113112902A,65,2022,52,821,52,45.9123,55.6833
10020113112902A,66,2023,45,510,45,45.5833,54.0805
10020113112902A,67,2024,50,1001,50,47.6458,54.8
10020113112902A,68,2025,37,823,37,52.3778,64.7083
10020113112902B,63,2020,65,218,65,12971,16749.5
10020113112902B,64,2021,5,208,5,15966.94,16615.64
10020113112902B,65,2022,48,157,48,35.7461,45.6485
10020113112902B,66,2023,48,157,48,36.95,48.7055
10020113112902B,67,2024,50,530,50,40.5833,47.936
10020113112902B,68,2025,56,510,56,44.9443,52.111
10020114400201A,63,2020,3,10,3,16503,19872
10020114400201A,64,2021,5,57,14,13337.8,17816
10020114400201A,65,2022,22,151,22,34.423,47.1873
10020114400201A,66,2023,14,238,14,49.25,65.8
10020114400201A,67,2024,19,187,19,41.95,52
10020114400201A,68,2025,8,275,8,49.5,52.35
10020114400301A,63,2020,28,79,28,17044.2,19187.5
10020114400301A,64,2021,5,139,6,17962.3,18368.1
10020114400301A,65,2022,31,308,31,40.8762,50.2917
10020114400301A,66,2023,26,399,26,51.7,56.85
10020114400301A,67,2024,30,300,30,42.5,49.5
10020114400301A,68,2025,23,367,24,46.7,51.25
10020114400501A,63,2020,17,67,17,18410.2,21773.7
10020114400501A,64,2021,5,322,27,18483.04,20820.54
10020114400501A,65,2022,30,100,29,29.375,53.9368
10020114400501A,66,2023,15,1268,15,55.05,60.15
10020114400501A,67,2024,15,679,15,50.15,56.7
10020114400501A,68,2025,12,607,12,52.55,59.15
10020114400502A,63,2020,28,41,23,14374,18685.6
10020114400502A,64,2021,8,123,17,16062,18344.04
10020114400502A,65,2022,29,337,29,38.961,53.1858
10020114400502A,66,2023,20,406,20,50.6,56.5
10020114400502A,67,2024,12,292,12,45.4,49.9
10020114400502A,68,2025,17,203,17,43.25,47.525
10020115210101A,63,2020,35,151,35,13040,16211.5
10020115210101A,64,2021,50,501,58,13704.5,17504.44
10020115210101A,65,2022,50,273,50,23.4167,35.1176
10020115210101A,66,2023,60,35,9,29.5525,42.9749
10020115210101A,67,2024,65,182,65,20.6766,37.8654
10020115210101A,68,2025,50,1024,50,49.0415,61.1525
10020115210102A,65,2022,110,69,16,13.7,30.7127
10020115210102A,66,2023,80,107,45,28.8591,45.9675
10020115210102A,67,2024,85,118,50,16.8932,34
10020115210102A,68,2025,70,1193,70,48.916,62.694
10020116210103A,66,2023,30,36,17,28.694,52.2495
10020116210103A,67,2024,30,130,30,34.8744,46.7564
10020116210103A,68,2025,20,165,20,40.272,52.47
10020117302102A,63,2020,10,67,10,15298.5,18327.75
10020117302102A,66,2023,14,172,14,44.8666,55.3332
10020117302102A,67,2024,35,214,35,36.1996,55.5998
10020117302102A,68,2025,10,300,10,46.7332,58.0664
10020136111701A,68,2025,16,3044,16,52.8114,57.9265
10020202500601A,63,2020,80,57,20,4637.5,12109.5
10020202500601A,64,2021,10,90,10,11440.8,13423.14
10020202500601A,65,2022,100,125,31,24.8235,52.647
10020202500601A,66,2023,80,106,31,32.3249,56.0698
10020202500601A,67,2024,100,142,38,22.6249,36.4165
10020202500601A,68,2025,100,175,64,21.9333,38.1416
10020215210102A,65,2022,60,14,1,22.75,22.75
10020215210102A,66,2023,70,25,9,28.7799,42.659
10020215210102A,67,2024,60,20,5,21.64,36.8
10020215210102A,68,2025,70,163,64,26.694,49.569
10020219500102A,63,2020,20,19,14,7304,13185
10020219500102A,66,2023,35,24,11,33.4414,55.1998
10020219500102A,67,2024,18,57,18,22.8329,57.5828
10020219500102A,68,2025,12,26,10,15.225,32.925
10020219500201A,63,2020,60,109,39,6128,15228.5
10020219500201A,64,2021,40,143,23,8532.84,16037.14
10020219500201A,65,2022,120,130,36,24.4735,49.688
10020219500201A,66,2023,122,29,3,33.6748,45.2148
10020219500201A,67,2024,37,133,37,39.2164,63.1912
10020219500201A,68,2025,19,17,5,29.3,46.5932
10020219500401A,63,2020,20,7,3,10208,11710.2
10020219500401A,64,2021,15,28,1,14948.94,14948.94
10020219500401A,65,2022,25,60,9,26.3206,48.797
10020219500401A,66,2023,15,35,10,41.8414,58.7162
10020219500401A,67,2024,10,71,10,46.5331,54.9912
10020219500401A,68,2025,5,14,2,24.5464,30.62
10020219501201A,63,2020,10,51,10,13559,16807.7
10020219501201A,64,2021,18,135,19,13235.34,15307.74
10020219501201A,65,2022,25,353,25,46.8892,63.0618
10020219501201A,66,2023,7,216,7,65.35,71.7082
10020219501201A,67,2024,8,187,8,56.458,73.1748
10020219501201A,68,2025,5,19,5,31.6132,38.6432
10020220300501A,63,2020,15,114,15,15766.5,18022.6
10020220300501A,64,2021,18,238,19,16225.84,18879.39
10020220300501A,65,2022,30,413,30,36.0471,55.751
10020220300501A,66,2023,35,459,35,46.8442,56.372
10020220300501A,67,2024,32,447,32,44.4608,71.0552
10020220300501A,68,2025,30,384,30,45.7496,58.0666
10020220300701A,63,2020,45,2,0,,
10020220300701A,64,2021,5,102,27,13186.5,16125.5
10020220300701A,65,2022,23,125,23,28.4588,36.9843
10020220300701A,66,2023,17,118,17,36.5,44.083
10020220300701A,67,2024,27,251,27,34.1887,39.9554
10020220300701A,68,2025,25,358,25,38.2774,44.8498
10020220300701B,67,2024,37,41,18,25.7665,38.7554
10020220300701B,68,2025,25,226,25,33.9222,40.0832
10020220300702A,66,2023,19,58,19,45.2108,58.1608
10020220300702A,67,2024,35,132,35,36.4054,54.4274
10020220300702A,68,2025,27,306,27,49.75,58.0832
10020220302102A,63,2020,31,15,7,12996.75,15833
10020220302102A,64,2021,5,37,5,13670.14,15011.04
10020220302102A,65,2022,20,34,7,29.7333,45.2833
10020220302102A,66,2023,12,131,12,37.2054,45.233
10020220302102A,67,2024,23,624,23,50.2328,65.633
10020220302102A,68,2025,20,379,20,56.3886,62.9662
10020220302103A,66,2023,15,138,15,36.3331,44.2165
10020220302103A,67,2024,20,359,20,37.2413,45.1831
10020220302103A,68,2025,19,308,19,39.6749,45.7414
10020220302103B,67,2024,40,90,40,28.083,35.3581
10020220302103B,68,2025,24,211,24,35.0664,39.558
10020220303301A,63,2020,30,34,14,8746.9,16039
10020220303301A,64,2021,10,67,12,10782.1,15152
10020220303301A,65,2022,45,57,20,16.4402,38.6039
10020220303301A,66,2023,15,77,15,32.733,50.0775
10020220303301A,67,2024,33,123,33,28.8165,48.8498
10020220303301A,68,2025,26,204,26,35.0996,41.9498
10020220303503A,66,2023,30,263,30,44.9244,60.0332
10020220303503A,67,2024,18,191,18,36.0027,46.5623
10020220303503A,68,2025,23,261,23,38.4278,44.8192
10020220303601A,68,2025,17,74,17,42.4274,60.9888
10020221500201A,63,2020,80,31,13,8362.5,11983.5
10020221500201A,64,2021,30,27,5,8315,11658.5
10020221500201A,65,2022,30,15,7,27.7402,43.325
10020221500201A,66,2023,60,6,2,34.5082,45.35
10020221500201A,67,2024,11,410,11,61.0552,65.5216
10020221500201A,68,2025,10,205,10,59.7552,67.7716
10020221700401A,63,2020,30,7,3,10447,12598.5
10020221700401A,64,2021,20,10,1,13536.64,13536.64
10020221700401A,65,2022,52,111,48,36.6961,56.4303
10020221700401A,66,2023,47,62,36,40.7066,67.0732
10020221700401A,67,2024,38,455,38,70.1247,79.358
10020221700401A,68,2025,21,126,21,57.9998,67.1328
10020222210302A,66,2023,40,10,6,40.9054,53.7176
10020222210302A,67,2024,30,47,20,36.2888,54.9804
10020222210302A,68,2025,35,290,35,48.45,58.475
10020222210401A,63,2020,25,69,23,9193,14199
10020222210401A,64,2021,35,67,7,11878.14,15517.04
10020222210401A,65,2022,35,22,7,17.5735,28.2794
10020222210401A,66,2023,45,40,20,23.7554,36.0804
10020222210401A,67,2024,35,123,35,28.3832,36.7944
10020222210401A,68,2025,55,130,46,26.5972,41.461
10020222210501A,63,2020,10,153,10,13367,15944
10020222210501A,64,2021,20,80,21,11446.4,16186.94
10020222210501A,65,2022,80,230,80,35.8265,49.8529
10020222210501A,66,2023,80,70,40,24.7527,45.77
10020222210501A,67,2024,60,389,60,33.5333,46.5761
10020222210501A,68,2025,65,276,65,34.1894,50.7383
10020222210703A,66,2023,50,26,7,24.555,35.5438
10020222210703A,67,2024,30,115,30,30.4544,43.8722
10020222210703A,68,2025,20,44,18,21.4472,36.4666
10020222212502A,66,2023,25,21,9,26.1829,60.5995
10020222212502A,67,2024,30,72,27,38.5249,66.4249
10020222212502A,68,2025,35,403,35,58.6081,67.3527
10020222212701A,63,2020,50,8,4,9553.4,12834.5
10020222212701A,64,2021,9,13,3,11542.84,12923.1
10020222212701A,65,2022,40,13,3,24.3627,29.2921
10020222212701A,66,2023,35,5,1,29.5344,29.5344
10020222212701A,67,2024,30,130,30,54.6777,66.6189
10020222212701A,68,2025,20,165,20,58.1216,71.1804
10020222220101A,63,2020,25,146,25,11879,13295.5
10020222220101A,64,2021,15,169,15,13022.6,15582.54
10020222220101A,65,2022,20,340,20,41.5785,50.2373
10020222220101A,66,2023,15,346,15,55.336,62.611
10020222220101A,67,2024,15,376,15,58.833,68.8415
10020222220101A,68,2025,20,152,20,47.675,56.7
10020222220101B,63,2020,100,28,12,8517.5,12769.5
10020222220101B,64,2021,30,32,5,9192.3,11338.5
10020222220101B,65,2022,60,62,23,21.6412,42.9794
10020222220101B,66,2023,69,60,24,28.2415,50.1775
10020222220101B,67,2024,40,139,40,44.522,58.561
10020222220101B,68,2025,60,113,45,26.194,50.8385
10020222220201A,63,2020,30,143,30,12494,15065
10020222220201A,64,2021,10,232,11,14354.9,16739.74
10020222220201A,65,2022,20,153,10,34.0715,43.1373
10020222220201A,66,2023,25,377,25,47.3166,54.9833
10020222220201A,67,2024,20,551,20,50.5331,56.9664
10020222220201A,68,2025,20,320,20,49.6581,56.1916
10020222220201B,63,2020,100,90,37,7223,14345
10020222220201B,64,2021,30,45,3,9605.1,13582.54
10020222220201B,65,2022,50,52,21,15.2529,29.4451
10020222220201B,66,2023,70,54,27,26.6915,45.6
10020222220201B,67,2024,60,229,60,38.8831,49.575
10020222220201B,68,2025,80,196,80,30.3832,48.9
10020222610201A,63,2020,40,166,40,14214,17833.5
10020222610201A,64,2021,33,356,39,14548.2,17166.6
10020222610201A,65,2022,18,378,18,42.947,57.8
10020222610201A,66,2023,40,83,40,23.7998,42.2998
10020222610201A,67,2024,40,2114,40,62.0332,75.8832
10020222610201A,68,2025,35,687,35,65.3832,74.7664
10020222610201B,63,2020,100,302,100,11974.5,15961.5
10020222610201B,64,2021,62,163,48,6687.9,14397
10020222610201B,65,2022,28,75,28,20,42.2529
10020222610201B,66,2023,45,40,19,20.25,36.1498
10020222610201B,67,2024,54,343,54,49.5832,72.4164
10020222610201B,68,2025,45,419,45,56.3332,66.7832
10020222610502A,66,2023,60,1511,60,68.083,76.4373
10020222610502A,67,2024,55,2156,55,74.1245,80.25
10020222610502A,68,2025,50,1061,50,73.1805,81.6875
10020222610502B,66,2023,70,217,70,53.0415,67.9163
10020222610502B,67,2024,40,753,40,68.7708,74.979
10020222610502B,68,2025,55,434,55,68.2705,76.3055
10020222610601A,63,2020,55,221,56,14275.5,16945.5
10020222610601A,64,2021,40,427,44,14866.5,20630.1
10020222610601A,65,2022,65,691,65,46.725,54.4706
10020222610601A,66,2023,40,1813,40,67.3385,78.0189
10020222610601A,67,2024,65,1952,65,70.1054,84.0777
10020222610601A,68,2025,85,1145,85,67.725,75.2466
10020222610601B,63,2020,45,234,45,12777,15579
10020222610601B,64,2021,10,131,36,8338.5,14847.6
10020222610601B,65,2022,65,98,33,29.8044,49.7132
10020222610601B,66,2023,30,277,30,61.1332,69.1496
10020222610601B,67,2024,35,452,35,69.1496,75.3332
10020222610601B,68,2025,30,468,30,68.1328,74.8164
10020222900201A,63,2020,1,13,1,16090.5,16090.5
10020222900201A,64,2021,1,7,1,15065.1,15065.1
10020222900201A,65,2022,30,491,30,52.9505,62.7
10020222900201A,66,2023,30,424,30,58.5831,63.4082
10020222900201A,67,2024,70,707,70,56.3374,65.0207
10020222900201A,68,2025,50,493,50,58.7875,66.4569
10020222902501A,63,2020,30,315,30,20585,23189.3
10020222902501A,64,2021,3,19,3,15373.2,18017.1
10020222902501A,65,2022,40,1877,40,60.997,69.588
10020222902501A,66,2023,80,1584,80,71.2,84.0832
10020222902501A,67,2024,90,1305,90,70.3166,83.85
10020222902501A,68,2025,85,963,85,71.4,83.55
10020222902501B,63,2020,70,297,70,18265.5,21329
10020222902501B,64,2021,4,8,1,17115.54,17115.54
10020222902501B,65,2022,70,393,70,48.3073,63.5544
10020222902501B,66,2023,100,329,100,57.5,73.9166
10020222902501B,67,2024,100,395,100,56.05,74.8666
10020222902501B,68,2025,90,542,90,63.2832,75.5166
10020223112001A,63,2020,33,99,33,10994,15035
10020223112001A,64,2021,20,58,8,13222.14,15710.44
10020223112001A,65,2022,75,159,50,12.6412,40.8637
10020223112001A,66,2023,45,374,45,37.3849,58.6799
10020223112001A,67,2024,45,814,45,49.47,79.1832
10020223112001A,68,2025,35,516,35,49.5632,56.3166
10020223112001B,63,2020,40,29,15,8756.8,12972.5
10020223112001B,64,2021,25,9,3,9874.1,13030.54
10020223112001B,65,2022,50,59,25,13.1667,31.2127
10020223112001B,66,2023,50,61,29,21.7698,46.8749
10020223112001B,67,2024,20,172,20,43.2428,49.4996
10020223112001B,68,2025,18,203,18,45.9998,55.4798
10020233620101A,66,2023,40,49,26,34.7,48.8581
10020233620101A,67,2024,50,1653,50,76.75,86.95
10020233620101A,68,2025,80,1003,80,75.15,92.4
10020233620101B,68,2025,163,255,107,13.5,79.5
10020233620103A,67,2024,50,1200,50,63.1,75.4
10020233620103A,68,2025,70,1280,70,63.8,81.6
10020233620103B,67,2024,240,533,240,60.4,88.9
10020233620103B,68,2025,259,1916,259,76,88.95
10020233620104A,66,2023,60,193,61,51.2,65.975
10020233620104A,67,2024,70,827,70,65.35,74.925
10020233620104A,68,2025,87,701,87,61.575,78.875
10020233620104B,66,2023,70,27,8,36.9,56.625
10020233620104B,67,2024,90,224,86,7.75,89.3
10020233620104B,68,2025,149,549,149,57.5,87.15
10020233620105A,66,2023,60,573,60,68.3498,78.5496
10020233620105A,67,2024,50,1233,50,76.45,88.05
10020233620105A,68,2025,103,822,103,71.4,83.4
10020233620105B,68,2025,176,255,92,5.25,87.9
10020233620106A,66,2023,60,49,32,28.0081,56.8331
10020233620106A,67,2024,50,1557,53,75.45,82.2
10020233620106A,68,2025,67,947,67,75.1,87.75
10020233620106B,68,2025,273,435,173,4.5,90.3
10020233620201A,66,2023,45,487,45,59,71.75
10020233620201A,67,2024,50,1567,50,69.95,82.85
10020233620201A,68,2025,73,890,73,68.25,81.6
10020233620201B,66,2023,80,72,33,26,63.45
10020233620201B,67,2024,80,743,80,78.9,89.95
10020233620201B,68,2025,118,741,119,78.45,89.85
10020233902502A,66,2023,51,306,51,60.5124,88.7372
10020233902502A,67,2024,40,849,40,69.8,91.4332
10020233902502A,68,2025,32,499,32,72.9332,84.2332
10020233902502B,66,2023,97,59,28,30.2747,78.6744
10020233902502B,67,2024,22,448,22,84.8666,90.6666
10020233902502B,68,2025,116,419,118,75.2666,94.6666
10020324611101A,63,2020,250,303,153,7323,16401.8
10020324611101A,64,2021,80,535,138,6170.7,17066.04
10020324611101A,65,2022,150,463,126,38.0735,53.922
10020324611101A,66,2023,250,158,83,21.4444,49.6858
10020324611101A,67,2024,100,583,100,43.6414,56.2583
10020324611101A,68,2025,60,733,60,52.4665,72.0414
10020324611101B,63,2020,150,63,11,9174,15184.5
10020324611101B,64,2021,100,68,10,9681.3,14852.7
10020324611101B,65,2022,150,58,9,34.5956,42.7309
10020324611101B,66,2023,100,21,5,30.4927,38.0345
10020324611101B,67,2024,60,69,18,31.4498,51.2833
10020324611101B,68,2025,60,276,60,43.0248,57.7415
10020325210201A,63,2020,30,12,7,7818,14408
10020325210201A,64,2021,20,41,20,7020.54,12508.54
10020325210201A,65,2022,40,163,40,30.1647,51.2882
10020325210201A,66,2023,20,138,20,45.972,62.319
10020325210201A,67,2024,20,276,20,46.93,53.3605
10020325210201A,68,2025,20,286,20,49.4165,59.333
10020325210202A,64,2021,40,32,6,8123.84,13639.74
10020325210202A,65,2022,40,41,12,21.8176,41.6647
10020325210202A,66,2023,40,20,6,38.9108,52.8108
10020325210202A,67,2024,40,51,17,23.4888,54.6
10020325210202A,68,2025,30,88,26,29.1248,66.6453
10020325303801A,66,2023,30,33,8,35.2416,53.275
10020325303801A,67,2024,30,28,12,13.3998,30.4
10020325303801A,68,2025,20,90,20,20.8998,31
10020325303802A,66,2023,30,11,5,36.3776,65.4218
10020325303802A,67,2024,20,39,11,33.3104,47.722
10020325303802A,68,2025,10,6,2,38.9788,55.9998
10020326610102A,66,2023,50,300,50,46.004,61.6374
10020326610102A,67,2024,40,649,40,51.6083,63.0623
10020326610102A,68,2025,60,441,60,49.6375,64.6583
10020326610102B,66,2023,100,55,11,29.9248,42.3624
10020326610102B,67,2024,100,197,83,22.2499,64.4914
10020326610102B,68,2025,80,388,80,40.6374,61.8081
10020326610201A,63,2020,30,208,30,13992,17715
10020326610201A,64,2021,20,260,23,14196.84,17051.34
10020326610201A,65,2022,50,405,42,43.0368,56.1897
10020326610201A,66,2023,30,297,30,47.354,61.7499
10020326610201A,67,2024,20,387,20,53.625,59.8666
10020326610201A,68,2025,30,435,30,53.0875,71.5333
10020326610201B,63,2020,50,183,50,10987.5,14265
10020326610201B,64,2021,75,119,28,6955.74,17231.64
10020326610201B,65,2022,100,64,16,19.6529,37.1426
10020326610201B,66,2023,100,96,30,20.2083,61.5081
10020326610201B,67,2024,50,106,50,31.9664,53.0998
10020326610201B,68,2025,40,334,40,44.7665,67.204
10020326610201D,65,2022,60,14,5,23.1618,42.45
10020326610201D,66,2023,30,19,4,32.8206,56.1373
10020326610201D,67,2024,15,37,13,40.6083,52.7
10020326610201D,68,2025,20,43,14,33.2791,49.8041
10020326610502A,64,2021,20,373,23,17250,20398.8
10020326610502A,65,2022,50,910,45,51.3132,59.9868
10020326610502A,66,2023,50,561,50,54.4291,70.0457
10020326610502A,67,2024,40,994,40,58.4166,67.7956
10020326610502A,68,2025,60,656,60,57.925,69.7206
10020326610502B,64,2021,75,153,58,9837.6,17164.44
10020326610502B,65,2022,100,113,43,29.6265,50.6368
10020326610502B,66,2023,100,165,95,34.1583,58.6625
10020326610502B,67,2024,100,533,100,47.5914,58.4958
10020326610502B,68,2025,50,433,50,51.9123,59.2874
10020326610502D,65,2022,60,37,11,37.5676,57.9794
10020326610502D,66,2023,30,16,8,32.4706,59.304
10020326610502D,67,2024,30,63,24,37.7915,60.3248
10020326610502D,68,2025,40,96,38,34.4458,68.3373
10020326610602A,66,2023,50,375,50,46.3958,62.0414
10020326610602A,67,2024,20,488,20,53.1291,66.6375
10020326610602A,68,2025,30,404,30,53.4791,67.8624
10020326610602B,66,2023,100,100,44,31.0207,51.2041
10020326610602B,67,2024,50,143,50,38.6374,56.2291
10020326610602B,68,2025,40,259,40,46.0207,58.3916
10020326610602D,66,2023,30,7,1,46.9416,46.9416
10020326610602D,67,2024,15,25,8,18.9998,50.4039
10020326610602D,68,2025,20,43,12,26.8957,52.9749
10020326610802A,66,2023,50,622,50,51.5832,67.8331
10020326610802A,67,2024,40,664,40,53.154,66.6414
10020326610802A,68,2025,60,492,60,47.0791,63.5998
10020326610802B,66,2023,100,146,69,24.0208,62.2248
10020326610802B,67,2024,100,294,100,37.1541,56.3749
10020326610802B,68,2025,80,361,80,40.2625,58.3998
10020326610802D,66,2023,30,57,22,26.0414,63.2581
10020326610802D,67,2024,30,117,30,28.5832,67.6249
10020326610802D,68,2025,40,90,26,24.9581,48.2624
10020326611001A,63,2020,20,188,20,16033.5,19003.5
10020326611001A,64,2021,20,560,22,16599.6,19152.3
10020326611001A,65,2022,50,1107,47,49.7368,63.1
10020326611001A,66,2023,30,815,30,54.8373,65.354
10020326611001A,67,2024,40,921,40,54.2083,61.779
10020326611001A,68,2025,50,704,50,52.4041,64.5749
10020326611001B,63,2020,50,141,50,12537,16344
10020326611001B,64,2021,30,187,34,12348.3,15992.94
10020326611001B,65,2022,30,160,26,40.4059,50.6147
10020326611001B,66,2023,70,196,70,39.879,61.404
10020326611001B,67,2024,30,331,30,47.3331,57.7998
10020326611001B,68,2025,50,290,50,44.125,53.1373
10020326611001D,65,2022,60,70,37,17.95,50.2368
10020326611001D,66,2023,30,66,27,28.604,61.204
10020326611001D,67,2024,30,87,28,23.3748,55.6539
10020326611001D,68,2025,40,83,18,23.9999,57.4457
10020326620102A,66,2023,70,89,38,29.3498,55.854
10020326620102A,67,2024,15,300,15,50.1749,58.6458
10020326620102A,68,2025,15,216,15,53.2,61.9498
10020326620102B,66,2023,70,20,3,36.6498,43.9789
10020326620102B,67,2024,25,50,19,30.4707,46.3206
10020326620102B,68,2025,40,126,40,37.6081,57.0665
10020326620102D,66,2023,20,4,2,31.8957,50.3375
10020326620102D,67,2024,10,19,10,22.9583,54.8373
10020326620102D,68,2025,20,27,7,44.2332,55.9498
10020327210303A,66,2023,35,34,8,39.9882,54.2774
10020327210303A,67,2024,30,113,30,31.9833,56.9416
10020327210303A,68,2025,30,101,30,33.9372,46.9747
10020327210401A,63,2020,40,90,34,4965,14207
10020327210401A,64,2021,40,79,12,10001.14,14225.7
10020327210401A,65,2022,50,49,10,18.2779,27.0823
10020327210401A,66,2023,80,49,8,31.9938,50.0554
10020327210401A,67,2024,50,17,7,21.0554,29.7666
10020327210401A,68,2025,30,120,30,34.6444,47.2332
10020327212701A,63,2020,30,0,0,,
10020327212701A,64,2021,30,4,0,0,0
10020327212701A,65,2022,50,20,2,31.6588,37.35
10020327212701A,66,2023,25,5,0,0,0
10020327213501A,63,2020,40,70,19,8320.5,13920.5
10020327213501A,64,2021,40,103,18,8082.1,13736.6
10020327213501A,65,2022,55,51,10,15.8735,32.6618
10020327213501A,66,2023,40,59,19,25.85,49.8382
10020327213501A,67,2024,50,82,26,20.7054,44.1554
10020327213501A,68,2025,30,132,27,26.2577,49.6664
10020327220101A,63,2020,25,73,25,10022.5,15193
10020327220101A,64,2021,30,160,32,7271.7,16679
10020327220101A,65,2022,40,246,40,36.8882,46.1618
10020327220101A,66,2023,20,158,20,49.7994,57.2444
10020327220101A,67,2024,20,134,20,42.5276,58.7494
10020327220101A,68,2025,20,154,20,48.3218,56.3664
10020327220101B,63,2020,50,37,13,7391.5,12009
10020327220101B,64,2021,80,25,3,10069.6,11912.8
10020327220101B,65,2022,80,38,9,14.6029,34.3029
10020327220101B,66,2023,50,38,12,30.3386,55.9052
10020327220101B,67,2024,50,95,21,22.3388,51.7608
10020327220101B,68,2025,40,90,28,25.4274,56.6996
10020327220201A,63,2020,20,61,20,10929.5,14337.5
10020327220201A,64,2021,15,160,16,12260.64,15721.34
10020327220201A,65,2022,35,323,35,42.1873,59.3392
10020327220201A,66,2023,16,231,16,57.7552,70.2938
10020327220201A,67,2024,40,103,40,27.311,40.7553
10020327220201A,68,2025,25,101,25,40.4966,66.2689
10020327220201B,63,2020,50,50,21,8199,13539
10020327220201B,64,2021,80,50,10,6923.4,14173.14
10020327220201B,65,2022,80,79,27,15.4941,35.3882
10020327220201B,66,2023,40,81,38,30.8608,59.6382
10020327220201B,67,2024,50,152,44,24.3775,43.4275
10020327220201B,68,2025,25,70,25,34.6664,61.2216
10020328300502A,66,2023,55,157,55,33.8611,47.55
10020328300502A,67,2024,35,518,35,39.7638,47.6027
10020328300502A,68,2025,30,75,30,14.8277,55.9361
10020328300702A,63,2020,15,38,15,13236.5,16587.9
10020328300702A,64,2021,10,54,9,9089.75,15218.25
10020328300702A,66,2023,55,39,19,25,35.9
10020328300702A,67,2024,25,338,25,42.0554,47.4304
10020328300702A,68,2025,40,102,37,25.8108,43
10020328301602A,66,2023,40,188,40,45.1208,59.6693
10020328301602A,67,2024,35,388,35,48.0248,56.0833
10020328301602A,68,2025,55,193,55,39.9328,57.6108
10020328302001E,66,2023,40,21,6,16.2,43.05
10020328302001E,67,2024,35,61,12,32.6888,42.5776
10020328302001E,68,2025,36,110,18,38.4106,51.8552
10020328302101A,63,2020,5,57,5,14871.25,16538
10020328302101A,64,2021,15,95,16,13548,16183.7
10020328302101A,65,2022,25,277,25,42.5156,54.6206
10020328302101A,66,2023,45,317,45,51.0581,58.0914
10020328302101A,67,2024,15,353,15,53.008,59.2333
10020328302101A,68,2025,35,111,35,32.9222,46.1164
10020328302901E,63,2020,55,6,1,10716.25,10716.25
10020328302901E,64,2021,30,10,1,0,0
10020328302901E,65,2022,31,36,10,29.3245,52.8803
10020328302901E,66,2023,42,40,12,42.4748,65.2248
10020328302901E,67,2024,32,73,30,37.5994,61.6665
10020328302901E,68,2025,30,41,10,35.2774,55.9884
10020328303401A,66,2023,40,79,36,36.1829,69.4329
10020328303401A,67,2024,55,195,55,39.7928,57.015
10020328303401A,68,2025,55,132,45,28.7996,52.7216
10020328303502A,65,2022,60,48,14,29.7686,46.2137
10020328303502A,66,2023,30,75,30,34,56.3499
10020328303502A,67,2024,10,186,10,39.7,45
10020328303502A,68,2025,25,56,22,18.2388,39.0775
10020328303504D,67,2024,40,45,11,25.7916,51.4083
10020328303504D,68,2025,40,106,33,30.0216,58.2552
10020429111801A,64,2021,60,16,5,10935.84,15079.1
10020429111801A,65,2022,80,11,4,20.7647,31.2735
10020429111801A,66,2023,80,8,3,30.96,48.635
10020429111801A,67,2024,80,21,6,36.27,50.105
10020429111801A,68,2025,80,10,2,36,37.58
10020429211001A,64,2021,80,23,1,0,0
10020429211001A,65,2022,80,13,2,29.2397,31.7265
10020429211001A,66,2023,80,5,0,0,0
10020429211001A,67,2024,80,10,1,47.985,47.985
10020429211001A,68,2025,80,7,1,39.97,39.97
10020429500201A,63,2020,50,0,0,,
10020429500201A,64,2021,80,8,3,7903.8,11436.5
10020429500201A,65,2022,80,7,0,0,0
10020429500201A,66,2023,80,1,0,0,0
10020429500201A,67,2024,80,6,2,37.55,40.4
10020429500201A,68,2025,80,3,0,0,0
10020429500202A,64,2021,60,9,1,10672.9,10672.9
10020429500202A,65,2022,80,8,4,13.425,28.6029
10020429500202A,66,2023,80,1,0,0,0
10020429500202A,67,2024,80,3,1,45.77,45.77
10020429500202A,68,2025,80,3,0,0,0
10020429500601A,63,2020,50,3,0,,
10020429500601A,64,2021,60,5,0,0,0
10020429500601A,68,2025,40,11,1,38.6,38.6
10020429501201A,63,2020,50,7,1,9824,9824
10020429501201A,64,2021,80,27,1,12748.64,12748.64
10020429501201A,65,2022,80,36,16,22.175,39.3706
10020429501201A,66,2023,80,24,10,33.72,55.58
10020429501201A,67,2024,40,16,6,41.475,52.86
10020429501201A,68,2025,40,12,5,26.5,45.87
10020430210403A,66,2023,80,33,8,53.236,74.222
10020430210403A,67,2024,80,68,13,54.1385,75
10020430210403A,68,2025,60,66,16,52.25,78.472
10020430220201A,63,2020,80,9,5,7553,11341
10020430220201A,64,2021,80,19,6,6372,13724.14
10020430220201A,65,2022,90,36,14,20.7873,44.5
10020430220201A,66,2023,90,109,24,50.611,77.6665
10020430220201A,67,2024,90,165,42,24.097,82.4305
10020430220201A,68,2025,90,149,33,46.694,79.1525
10020430300501A,63,2020,40,14,5,10053.75,14272.25
10020430300501A,64,2021,40,33,7,9397.44,13782.2
10020430300501A,65,2022,40,40,9,17.6618,32.8823
10020430300501A,66,2023,40,123,37,42.7635,82.6385
10020430300501A,67,2024,38,218,38,62.8885,80.2635
10020430300501A,68,2025,40,187,40,62.597,78.069
10020430300703A,66,2023,30,45,10,23.611,73.069
10020430300703A,67,2024,30,79,20,18.0555,75.958
10020430300703A,68,2025,40,100,19,19.583,80.1665
10020430301601A,63,2020,30,11,5,5512.75,13192.5
10020430301601A,64,2021,40,40,10,9351.39,16545.2
10020430301601A,65,2022,40,18,3,34.4147,35.7627
10020430301601A,66,2023,40,82,24,39.611,77.861
10020430301601A,67,2024,40,162,40,44.2775,80.444
10020430301601A,68,2025,40,212,40,58.944,80.611
10020430302101A,63,2020,5,12,5,11212.25,15740.25
10020430302101A,64,2021,2,19,3,12197.14,13488.5
10020430302101A,65,2022,3,19,3,23.1814,24.4686
10020430302101A,66,2023,10,84,10,65.4025,76.2915
10020430302101A,67,2024,30,172,30,64.069,77.847
10020430302101A,68,2025,30,192,30,63.9025,75.4165
10020430302802A,66,2023,20,16,3,54.5135,70.458
10020430302802A,67,2024,20,45,5,19.583,78.375
10020430302802A,68,2025,20,43,6,43.2775,75.625
10020430303501A,63,2020,40,4,2,11048.5,12132.7
10020430303501A,64,2021,40,15,1,12920.54,12920.54
10020430303501A,65,2022,40,14,3,29.6285,45.9294
10020430303501A,66,2023,40,37,4,55.111,70.736
10020430303501A,67,2024,40,57,15,13.194,74.208
10020430303501A,68,2025,40,65,7,17.361,71.222
10020431610101A,63,2020,250,4,0,,
10020431610101A,64,2021,150,2,0,0,0
10020431610101A,65,2022,150,33,5,33.3702,58.946
10020431610101A,66,2023,40,32,5,23.819,64.2775
10020431610101A,67,2024,40,82,24,15.486,71.194
10020431610101A,68,2025,40,79,15,40.458,78.75
10020431610201A,63,2020,250,10,2,11467.5,12910.5
10020431610201A,64,2021,150,11,1,12491.34,12491.34
10020431610201A,65,2022,150,49,13,49.3333,71.6863
10020431610201A,66,2023,80,37,12,48.472,71.944
10020431610201A,67,2024,80,49,8,18.2635,65.944
10020431610201A,68,2025,80,46,8,46.236,73.9305
10020431610501A,63,2020,250,31,16,7992,19195.5
10020431610501A,64,2021,150,36,9,12534.9,16537.8
10020431610501A,65,2022,150,124,28,42.2892,73.7843
10020431610501A,66,2023,100,91,32,52.958,79.5
10020431610501A,67,2024,100,214,63,27.361,82.083
10020431610501A,68,2025,100,218,56,45.0415,80.972
10020431610601A,63,2020,250,5,2,12195,15789
10020431610601A,64,2021,150,11,0,0,0
10020431610601A,65,2022,150,66,12,37.7697,66.125
10020431610601A,66,2023,150,54,16,38.5275,72.972
10020431610601A,67,2024,150,77,13,15.5555,74.6385
10020431610601A,68,2025,150,57,10,54.569,68.125
10020431620101A,63,2020,250,27,8,8953,16826.5
10020431620101A,64,2021,150,23,0,0,0
10020431620101A,65,2022,150,51,18,39.5808,67.7157
10020431901001A,63,2020,250,52,22,6417.5,16424
10020431901001A,64,2021,150,55,15,8430.54,16884.04
10020431901001A,65,2022,150,187,81,33.5633,72.5932
10020431901001A,66,2023,60,96,31,34.5,75.4025
10020431901001A,67,2024,60,171,53,16.875,79.194
10020431901001A,68,2025,60,196,57,16.944,74.083
10020431902501A,63,2020,250,74,31,10464,20598
10020431902501A,64,2021,150,80,10,10862,19309.44
10020431902501A,65,2022,150,295,117,37.4383,75.7303
10020431902501A,66,2023,100,141,55,22.222,82.0555
10020431902501A,67,2024,100,169,48,8.4025,75.208
10020431902501A,68,2025,100,145,48,16.111,80.1665
10020431903101A,63,2020,250,38,8,9396.4,17488
10020431903101A,64,2021,150,42,5,7158.3,14213.24
10020431903101A,65,2022,150,63,13,41.4167,71.3382
10020431903101A,66,2023,60,37,13,47.0555,69.8055
10020431903101A,67,2024,60,68,13,38.25,69.458
10020431903101A,68,2025,60,84,21,17.2915,70.458
10020432112701A,63,2020,50,143,50,11120.5,16094.9
10020432112701A,64,2021,50,254,61,11262.4,16275.4
10020432112701A,65,2022,30,307,30,43.2735,56.197
10020432112701A,66,2023,40,124,40,33.8132,44.341
10020432112701A,67,2024,40,477,40,41.6322,49.8554
10020432112701A,68,2025,20,283,20,42.2322,48.141
10020432112702A,63,2020,50,54,21,8721,14737
10020432112702A,64,2021,50,90,23,8312.4,14849.4
10020432112702A,65,2022,30,69,30,28.3627,56.0706
10020432112702A,66,2023,40,52,11,29.0076,44.86
10020432112702A,67,2024,50,99,45,31.4832,46.4532
10020432112702A,68,2025,40,141,40,33.161,42.2954
10020432112703A,65,2022,30,75,30,30.6235,58.0009
10020432112703A,66,2023,40,114,38,29.8966,43.6244
10020432112703A,67,2024,40,287,40,40.0366,51.1754
10020432112703A,68,2025,20,174,20,41.9176,46.9332
10020535620101A,67,2024,60,22,7,20.833,53.333
10020535620101A,68,2025,40,31,8,30.277,56.666
10020535620102A,67,2024,50,30,11,39.027,63.611
10020535620102A,68,2025,50,29,7,31.666,56.388
10050102610501A,63,2020,24,141,24,21878.4,23762.4
10050102610501A,64,2021,23,757,24,22140,24048.54
10050102610501A,65,2022,50,552,50,54.5333,75.4157
10050102610501A,66,2023,70,1655,70,60.6875,79.5499
10050102610501A,67,2024,70,2158,71,61.25,77.25
10050102610501A,68,2025,50,1634,50,68.5,85.5
10050102610801A,63,2020,26,170,26,20412.3,22174.5
10050102610801A,64,2021,23,816,44,20821.5,22133.7
10050102610801A,65,2022,50,314,50,50.084,63.4705
10050102610801A,66,2023,70,1364,70,53.8,66.6625
10050102610801A,67,2024,70,2175,71,54,65.25
10050102610801A,68,2025,60,1599,64,60.125,72
10050103903201E,68,2025,45,50,40,40,94.5
10050105903701B,68,2025,100,3001,101,63.75,78.194
10050106902401B,66,2023,57,127,57,38.5415,70.5415
10050106902401B,67,2024,54,707,55,53.4583,69.7915
10050106902401B,68,2025,43,513,43,58.125,69.2083
10050106902801B,63,2020,28,39,5,18516,20874.6
10050106902801B,64,2021,34,51,11,16866.84,19677.6
10050106902801B,65,2022,70,731,70,44.5,64.375
10050106902801B,66,2023,63,415,63,52.0415,66.229
10050106902801B,67,2024,54,741,55,56.6875,67.4375
10050106902801B,68,2025,52,531,53,59.5415,69.9375
10050106904301B,66,2023,31,1258,31,71.275,80.675
10050106904301B,67,2024,27,819,27,69.1,75.5
10050106904301B,68,2025,44,787,45,71.825,80.025
10050123210801B,64,2021,30,316,34,14831.54,18942
10050123210801B,65,2022,30,710,30,47.2804,57.7167
10050123210801B,66,2023,35,490,36,64.2388,77.1552
10050123210801B,67,2024,50,505,50,58.822,73.0444
10050123210801B,68,2025,50,684,50,68.1944,74.1552
10050123904001B,63,2020,52,159,52,19254.5,23828.7
10050123904001B,64,2021,25,318,28,19770.84,24508.04
10050123904001B,65,2022,115,327,115,32.8804,64.4265
10050123904001B,66,2023,100,655,100,48.95,64.1554
10050123904001B,67,2024,105,869,105,49.4166,62.3
10050123904001B,68,2025,100,1435,100,58.5888,72.261
10050124903601B,63,2020,35,31,6,18237,19828.5
10050124903601B,64,2021,30,26,7,17782.5,21273
10050124903601B,65,2022,85,193,85,22.65,68.85
10050124903601B,66,2023,60,222,60,42.8075,62.48
10050124903601B,67,2024,60,988,60,49.7375,61.1375
10050124903601B,68,2025,45,1086,45,60.5875,76.5375
10050124903601E,64,2021,8,1,0,0,0
10050124903601E,65,2022,15,13,2,26.525,45.2625
10050124903601E,66,2023,5,5,3,43.9975,56.65
10050124903601E,67,2024,5,145,5,54.775,61.975
10050127902601E,63,2020,10,0,0,,
10050127902601E,64,2021,10,2,1,20190,20190
10050127902601E,65,2022,5,12,5,0,57.4892
10050127902601E,66,2023,10,48,10,56.9858,66.2052
10050127902601E,67,2024,15,210,15,59.5,66.097
10050127902601E,68,2025,20,214,20,63.2638,71.9802
10050127902801E,63,2020,15,1,1,18736.5,18736.5
10050127902801E,64,2021,10,3,1,22473,22473
10050127902801E,65,2022,5,30,5,53.6892,63.2574
10050127902801E,66,2023,15,111,15,60.0944,71.0358
10050127902801E,67,2024,30,310,30,61.697,71.1026
10050127902801E,68,2025,20,286,20,66.1858,74.5444
10050201901001A,63,2020,12,112,12,19173,23733
10050201901001A,64,2021,8,262,12,20796.3,23120.94
10050201901001A,65,2022,330,2581,330,73.7941,92.9118
10050201901001A,66,2023,320,2289,295,73,90
10050201901001A,67,2024,330,1837,262,79,92
10050201901001A,68,2025,3,157,3,72.369,73.95
10050202610501A,63,2020,37,439,37,22002,23789.4
10050202610501A,64,2021,28,1558,36,21982.14,23449.8
10050202610501A,65,2022,160,863,161,51.7,71.5255
10050202610501A,66,2023,190,3930,190,57.75,70.25
10050202610501A,67,2024,190,4525,197,57.5,73.75
10050202610501A,68,2025,155,3389,156,64.625,85
10050202610801A,63,2020,59,505,59,20517.4,22695
10050202610801A,64,2021,22,2037,260,19693.5,23820.24
10050202610801A,65,2022,160,538,101,50,64.2667
10050202610801A,66,2023,275,4373,275,51.3083,80.5666
10050202610801A,67,2024,275,5357,281,51.375,60.75
10050202610801A,68,2025,240,3668,244,56.875,69.875
10050203903201A,63,2020,45,8,3,19514.4,19858.5
10050203903201A,64,2021,45,6,0,0,0
10050203903201A,65,2022,45,2440,45,59.55,69.5757
10050203903201A,66,2023,45,2201,45,67.4999,79.275
10050203903201A,67,2024,45,2156,45,64.8,79.2124
10050203903201A,68,2025,40,165,40,57.1075,74.0625
10050204611101A,63,2020,60,414,60,19949.1,21963
10050204611101A,64,2021,60,1593,76,19772.4,26565
10050204611101A,65,2022,180,1784,182,42.65,57.7
10050204611101A,66,2023,270,2499,270,45.1542,57.0125
10050204611101A,67,2024,249,4144,249,46.1,60.2
10050204611101A,68,2025,230,2293,230,49.35,62.8667
10050205903701A,63,2020,94,545,94,20831.2,24532.8
10050205903701A,64,2021,80,857,88,20610.44,23960.64
10050205903701A,65,2022,150,294,150,59.2662,74.8506
10050205903701A,66,2023,181,297,181,53.4615,69.1299
10050205903701A,67,2024,170,241,170,55.0782,73.54
10050205903701A,68,2025,195,552,195,59.9781,75.875
10050206113101A,63,2020,45,574,45,18571.2,20945.5
10050206113101A,64,2021,40,1244,40,19938.84,22128.7
10050206113101A,65,2022,35,124,35,48.4,58.5
10050206113101A,66,2023,35,210,35,54.51,65.71
10050206113101A,67,2024,25,907,26,63.75,72.75
10050206113101A,68,2025,10,0,0,0,0
10050206900101A,63,2020,23,10,4,20320.5,22435.5
10050206900101A,64,2021,10,52,3,22443.54,23810.04
10050206900101A,65,2022,30,715,30,57.8125,74
10050206900101A,66,2023,30,855,30,64,78.25
10050206900101A,67,2024,30,721,30,61,70.625
10050206900101A,68,2025,30,557,30,65.625,74
10050206901201A,63,2020,25,23,4,18498,19026
10050206901201A,64,2021,15,29,2,19747.5,20083.8
10050206901201A,65,2022,35,540,35,48.375,62.375
10050206901201A,66,2023,30,457,30,56.3888,65.1875
10050206901201A,67,2024,30,615,30,57.6875,68.6875
10050206901201A,68,2025,35,376,35,61.4375,69.625
10050206901401A,63,2020,20,15,2,19166.4,19234.5
10050206901401A,64,2021,12,36,4,19786.8,20825.7
10050206901401A,65,2022,25,664,25,52.125,60.9375
10050206901401A,66,2023,25,506,25,60.0625,74.75
10050206901401A,67,2024,35,599,37,55.5625,65.875
10050206901401A,68,2025,35,631,35,60.75,70
10050206901501A,63,2020,12,12,1,18979.8,18979.8
10050206901501A,64,2021,10,24,2,19630.5,20167.8
10050206901501A,65,2022,30,157,30,36.6188,66.0688
10050206901501A,66,2023,30,1048,30,61.65,71.1
10050206901501A,67,2024,30,631,31,61.35,77.775
10050206901501A,68,2025,30,590,30,65.9,73.275
10050206901801A,63,2020,10,24,10,21168,23487
10050206901801A,64,2021,10,104,10,22043.04,26719.44
10050206901801A,65,2022,45,194,45,57.5,70.0625
10050206901801A,66,2023,40,1112,40,70.7375,82.725
10050206901801A,67,2024,45,947,45,65.3625,81.325
10050206901801A,68,2025,45,848,45,72.7375,82.325
10050206901901A,63,2020,5,25,1,22023,22023
10050206901901A,64,2021,6,55,4,22855.14,23804.4
10050206901901A,65,2022,33,232,33,63.3125,76.625
10050206901901A,66,2023,33,174,34,68.375,78.9375
10050206901901A,67,2024,33,234,33,67.0625,76.9375
10050206901901A,68,2025,22,566,24,65.8125,73.125
10050206902001A,63,2020,24,17,6,18826.5,20368.5
10050206902001A,64,2021,16,25,5,19462.5,19706.04
10050206902001A,65,2022,35,1314,36,53.9,65.1
10050206902001A,66,2023,27,731,27,60.4,67.75
10050206902001A,67,2024,25,1004,25,59.75,67.3
10050206902001A,68,2025,29,760,29,63.9,71.4
10050206902401A,63,2020,10,2,2,21441,21760.5
10050206902401A,64,2021,2,25,1,22767.3,22767.3
10050206902401A,65,2022,25,136,25,66.0294,88.0206
10050206902401A,66,2023,28,55,17,60.0666,79.0333
10050206902401A,67,2024,28,186,28,58.375,77.7
10050206902401A,68,2025,29,145,29,53.35,79.55
10050206902402A,63,2020,8,21,8,18408,20139
10050206902402A,64,2021,3,33,3,18383.1,19277.1
10050206902402A,65,2022,30,88,30,41.9647,82.1294
10050206902402A,66,2023,20,67,20,39.4083,77.7914
10050206902402A,67,2024,27,119,27,45.4999,70.1499
10050206902402A,68,2025,17,74,17,51.2081,70.0831
10050206902403A,63,2020,15,4,1,19732.5,19732.5
10050206902403A,64,2021,12,26,2,20423.04,22290.9
10050206902403A,65,2022,30,234,31,50.375,59.25
10050206902403A,66,2023,30,198,30,56.9375,65.9375
10050206902403A,67,2024,30,328,30,56.875,64.375
10050206902403A,68,2025,30,299,30,61.5,68.5625
10050206902404A,63,2020,7,15,0,,
10050206902404A,64,2021,6,44,1,24186.24,24186.24
10050206902404A,65,2022,25,438,26,59.875,71.5
10050206902404A,66,2023,27,432,27,66.1875,75.8125
10050206902404A,67,2024,27,414,27,62.375,71.625
10050206902404A,68,2025,22,0,0,0,0
10050206902501A,63,2020,5,87,5,25226.2,26177.5
10050206902501A,64,2021,5,203,5,25507.5,26001.5
10050206902501A,65,2022,35,94,35,47.725,66.675
10050206902501A,66,2023,60,4083,64,75.625,82.125
10050206902501A,67,2024,64,2044,63,73.125,83.375
10050206902501A,68,2025,67,2,0,0,0
10050206902502A,63,2020,5,32,5,24534,25326
10050206902502A,64,2021,10,80,10,23673.9,25909.14
10050206902502A,65,2022,35,3011,35,62.125,75
10050206902502A,66,2023,35,2905,35,78.375,87.125
10050206902502A,67,2024,35,1892,35,76.6,83.375
10050206902502A,68,2025,35,1,0,0,0
10050206903001A,65,2022,35,108,35,29.7333,45.9833
10050206903001A,66,2023,35,213,35,39.265,50.2466
10050206903001A,67,2024,35,490,35,44.6116,50.9566
10050206903001A,68,2025,35,226,35,45.48,51.5083
10050207903801A,63,2020,80,108,15,19756.5,24065.4
10050207903801A,64,2021,135,399,53,20765.4,25661.64
10050207903801A,65,2022,135,3898,135,57.0335,68.7426
10050207903801A,66,2023,135,3329,135,63.4666,82.8958
10050207903801A,67,2024,135,3442,135,61.8638,75.5722
10050207903801A,68,2025,135,2563,135,64.8722,80.2777
10050208903501A,63,2020,45,399,45,22039.4,23957.7
10050208903501A,64,2021,45,772,48,21782.14,24878.5
10050208903501A,65,2022,110,674,110,39.1912,65.6446
10050208903501A,66,2023,95,7338,95,65.2013,75.6318
10050208903501A,67,2024,80,3296,80,65.5555,73.1943
10050208903501A,68,2025,83,1966,83,67.875,74.979
10050208903501B,63,2020,55,255,55,19992.5,22649.5
10050208903501B,64,2021,45,285,55,17887.34,22397.04
10050208903501B,65,2022,110,187,81,4.292,44.4823
10050208903501B,66,2023,93,1473,93,55.854,66.5
10050208903501B,67,2024,80,1042,80,58.1665,66.2013
10050208903501B,68,2025,83,796,83,59.6528,68.993
10050209210301A,63,2020,24,58,24,10299,17747.5
10050209210301A,64,2021,10,241,11,15952,17089.34
10050209210301A,65,2022,55,315,55,29.738,47.4912
10050209210301A,66,2023,51,146,45,35.3165,51.2829
10050209210301A,67,2024,45,619,35,47.9776,57.7328
10050209210301A,68,2025,45,457,39,53.7884,63.933
10050209210301B,63,2020,42,61,30,7673,15895.5
10050209210301B,64,2021,10,64,17,11250.44,14802.1
10050209210301B,65,2022,60,78,19,14.9559,33.7441
10050209210301B,66,2023,62,24,9,21.2664,41.5552
10050209210301B,67,2024,55,85,41,21.7776,44.0998
10050209210301B,68,2025,55,293,40,44.1328,53.9104
10050209210302A,63,2020,16,36,16,13290,15856.5
10050209210302A,64,2021,10,129,11,14950.7,17899.8
10050209210302A,65,2022,45,239,45,28.2647,50.5529
10050209210302A,66,2023,51,107,41,24.9165,49.9414
10050209210302A,67,2024,50,833,34,49.6245,56.9165
10050209210302A,68,2025,40,383,25,56.291,65.444
10050209210302B,63,2020,23,46,23,12650.1,15870.9
10050209210302B,64,2021,15,10,3,13067,13857.9
10050209210302B,65,2022,65,121,42,13.0079,47.1687
10050209210302B,66,2023,67,29,14,20.6888,47.9776
10050209210302B,67,2024,60,163,49,31.111,52.722
10050209210302B,68,2025,65,416,46,47.402,60.111
10050209210401A,63,2020,37,106,37,14378,18051
10050209210401A,64,2021,15,443,17,16827.1,17408
10050209210401A,65,2022,60,503,60,36.7049,54.8333
10050209210401A,66,2023,49,407,49,43.7163,53.8665
10050209210401A,67,2024,80,1656,80,51.694,63.2635
10050209210401A,68,2025,80,858,81,56.25,67.902
10050209211001A,63,2020,15,135,15,16562,17707
10050209211001A,64,2021,10,494,15,17526.74,18300
10050209211001A,65,2022,55,893,55,42.4,52.402
10050209211001A,66,2023,56,925,56,52.8791,60.9983
10050209211001A,67,2024,55,963,54,52.7549,57.1456
10050209211001A,68,2025,55,828,55,57.4773,67.4
10050209211002A,63,2020,8,130,8,15927,16894.4
10050209211002A,64,2021,5,272,6,17192.7,19044.4
10050209211002A,65,2022,40,383,40,39.1196,48.8917
10050209211002A,66,2023,36,401,36,49.4999,55.8276
10050209211002A,67,2024,55,908,54,52.3706,68.5332
10050209211002A,68,2025,44,474,44,56.6204,65.4999
10050209211201A,63,2020,26,154,26,14442,17000.3
10050209211201A,64,2021,15,323,19,16136.9,18610.4
10050209211201A,65,2022,50,392,50,35.0892,49.6461
10050209211201A,66,2023,53,427,53,45.4568,63.0928
10050209211201A,67,2024,75,909,75,48.7548,60.1548
10050209211201A,68,2025,66,813,66,53.9106,62.366
10050209211401B,63,2020,24,69,24,13654.7,16727
10050209211401B,64,2021,10,26,9,12657.54,16467.4
10050209211401B,65,2022,35,113,35,28.1814,39.9294
10050209211401B,66,2023,31,36,21,24.8163,44.0412
10050209211401B,67,2024,55,258,55,40.033,51.5328
10050209211401B,68,2025,45,420,45,49.333,62.7328
10050209211801A,63,2020,29,63,29,12200.1,15487
10050209211801A,64,2021,15,81,23,10916.94,15409.14
10050209211801A,65,2022,45,147,45,18.0568,42.1667
10050209211801A,66,2023,46,52,22,24.1332,43.2414
10050209211801A,67,2024,45,235,46,36.8497,47.891
10050209211801A,68,2025,40,492,40,48.583,59.0415
10050209212701A,63,2020,26,112,26,13436.5,16312.8
10050209212701A,64,2021,10,93,26,13413,15719.94
10050209212701A,65,2022,35,118,34,13.3814,40.7862
10050209212701A,66,2023,40,116,40,26.2554,46.172
10050209212701A,67,2024,40,478,40,41.2444,58.555
10050209212701A,68,2025,45,453,45,51.0716,65.566
10050209212702A,63,2020,18,36,18,12883.7,16805
10050209212702A,64,2021,10,58,20,10828.44,16832.34
10050209212702A,65,2022,40,178,40,29.2823,41.1951
10050209212702A,66,2023,37,65,27,30.4414,45.5499
10050209212702A,67,2024,40,277,39,42.2995,55.1829
10050209212702A,68,2025,40,417,40,52.1164,63.0661
10050209212801A,63,2020,23,87,23,13728.5,16045.4
10050209212801A,64,2021,15,120,20,13909.44,15642.84
10050209212801A,65,2022,40,194,40,31.65,41.1726
10050209212801A,66,2023,40,99,40,36.0164,47.7664
10050209212801A,67,2024,45,443,45,43.5998,51.1911
10050209212801A,68,2025,40,422,40,51.4831,56.7412
10050209213101A,63,2020,31,94,31,13802.1,15789.5
10050209213101A,64,2021,17,302,19,15716,19384.74
10050209213101A,65,2022,60,290,60,27.2858,44.1167
10050209213101A,66,2023,61,340,61,38.258,50.5333
10050209213101A,67,2024,50,903,50,47.2328,67.6444
10050209213101A,68,2025,50,547,50,52.5104,62.9998
10050209213301A,63,2020,28,70,28,15022,18478.5
10050209213301A,64,2021,10,206,14,16372.2,18008.1
10050209213301A,65,2022,70,362,70,33.4706,45.7059
10050209213301A,66,2023,72,285,72,37.9164,55.2499
10050209213301A,67,2024,70,1411,70,52.0774,63.1662
10050209213301A,68,2025,70,858,70,58.955,67.8548
10050209213301B,63,2020,33,76,33,11886,14514.5
10050209213301B,64,2021,10,47,7,11548.34,14393.9
10050209213301B,65,2022,70,108,31,15.3765,44.5206
10050209213301B,66,2023,75,42,14,22.322,58.5664
10050209213301B,67,2024,70,225,44,40.2444,52.1218
10050209213301B,68,2025,65,379,47,50.8662,59.8888
10050209213302B,63,2020,25,55,25,13631,18259.2
10050209213302B,64,2021,15,205,15,16654.2,20528.04
10050209213302B,65,2022,55,170,55,35.1941,61.4529
10050209213302B,66,2023,55,82,42,8.4,56.9997
10050209213302B,67,2024,50,314,44,47.7635,59.3885
10050209213302B,68,2025,45,313,34,55.555,68.6525
10050209220201A,64,2021,25,232,1,17827.64,17827.64
10050209220201A,65,2022,70,1162,66,44.5441,59.8559
10050209220201A,66,2023,61,757,55,48.9331,74.0998
10050209220201A,67,2024,65,949,57,46.6666,59.55
10050209220201A,68,2025,70,634,60,49.8291,66.1749
10050209220201B,64,2021,25,37,2,15337.34,15392.1
10050209220201B,65,2022,70,286,60,32.3941,46.4
10050209220201B,66,2023,65,166,52,35.5583,55.2249
10050209220201B,67,2024,70,469,51,39.5041,49.6332
10050209220201B,68,2025,65,240,46,41.4791,49.1166
10050209220202B,68,2025,55,200,40,37.3791,55.6291
10050209500401A,63,2020,35,117,35,12446,15276
10050209500401A,64,2021,20,100,27,9557.4,15827
10050209500401A,65,2022,70,165,51,10.3875,55.3083
10050209500401A,66,2023,81,207,81,27.9746,64.7429
10050209500401A,67,2024,70,456,70,39.4776,55.3
10050209500401A,68,2025,70,404,70,46.3776,57.1218
10050210300501A,63,2020,22,150,22,17886.7,20157.75
10050210300501A,64,2021,14,496,15,18893.75,21777.2
10050210300501A,65,2022,34,1108,34,45.1667,62.3833
10050210300501A,66,2023,32,4137,32,70.9832,76.9666
10050210300501A,67,2024,30,1009,30,47.0332,67.0832
10050210300501A,68,2025,30,910,30,53.65,59.3
10050210300601A,63,2020,21,104,21,17159,19254.5
10050210300601A,64,2021,22,209,25,16996.94,18390.5
10050210300601A,65,2022,30,352,30,33.3333,46.5667
10050210300601A,66,2023,35,1733,35,61.6166,67.4162
10050210300601A,67,2024,60,622,60,32.8165,49.1332
10050210300601A,68,2025,55,535,55,36.7166,50.4498
10050210300701A,63,2020,20,139,20,16416.75,18186.5
10050210300701A,64,2021,22,294,26,16456.7,18353.74
10050210300701A,65,2022,30,525,31,31.7333,54.8167
10050210300701A,66,2023,40,2020,40,62.5328,80.1164
10050210300701A,67,2024,35,898,35,33.3166,46.3166
10050210300701A,68,2025,40,1264,40,40.4664,51.65
10050210301001B,63,2020,20,187,20,16362.5,18441.75
10050210301001B,64,2021,20,3,0,0,0
10050210301001B,65,2022,40,323,40,31.75,51.7
10050210301001B,66,2023,15,823,15,67.1662,77.8496
10050210301001B,67,2024,30,444,30,36.8165,48.2
10050210301001B,68,2025,25,367,25,41.4164,49.15
10050210301601A,63,2020,23,157,23,16675.5,21327.75
10050210301601A,64,2021,20,382,21,17302.74,19858.35
10050210301601A,65,2022,35,588,36,36.25,45.8167
10050210301601A,66,2023,30,2529,30,65.65,72.15
10050210301601A,67,2024,60,1228,60,35.6666,45.5666
10050210301601A,68,2025,50,1306,50,43.0332,57.1499
10050210301601B,63,2020,34,163,34,14906.25,16452.25
10050210301601B,64,2021,25,148,27,14540.35,17116.64
10050210301601B,65,2022,42,234,42,25.3167,35.55
10050210301601B,66,2023,15,317,15,55.8996,64.8996
10050210301601B,67,2024,30,453,30,30.9,39.8665
10050210301601B,68,2025,43,387,43,35.0164,40.95
10050210302101A,63,2020,25,199,25,16620,18744.75
10050210302101A,64,2021,17,419,20,16699.65,18729.9
10050210302101A,65,2022,30,740,30,34.7,46.1833
10050210302101A,66,2023,45,2974,45,61.8832,72.3
10050210302101A,67,2024,40,990,40,33.85,59.8998
10050210302101A,68,2025,46,1494,46,40.65,48.95
10050210302101B,63,2020,35,185,35,15013.5,17961.4
10050210302101B,64,2021,25,191,28,14663.9,16816.2
10050210302101B,65,2022,35,194,35,25.4333,36.2833
10050210302101B,66,2023,15,420,15,56.933,67.8328
10050210302101B,67,2024,20,464,20,30.9832,37.2499
10050210302101B,68,2025,32,497,32,35.8665,44.9
10050210303501A,63,2020,18,155,18,16649.85,18518.25
10050210303501A,64,2021,21,271,22,16763.25,19515.5
10050210303501A,65,2022,40,542,40,31.3,46.3333
10050210303501A,66,2023,30,1689,30,60.7666,67.2332
10050210303501A,67,2024,50,1175,50,31.4165,38.9666
10050210303501A,68,2025,45,675,45,35.7333,46.5999
10050211110801A,63,2020,35,138,35,17222.2,19046
10050211110801A,64,2021,35,328,47,17987,20423.5
10050211110801A,65,2022,35,291,35,29.1,43.35
10050211110801A,66,2023,35,2575,35,52.4084,60.2496
10050211110801A,67,2024,35,1535,35,56.4786,60.8309
10050211110801A,68,2025,30,523,30,54.3997,61.9268
10050212110101A,63,2020,62,432,62,18505,19509
10050212110101A,64,2021,30,1064,35,19361.54,20331.4
10050212110101A,65,2022,55,513,55,35.2,43.1667
10050212110101A,66,2023,65,2590,65,55.0916,62.9582
10050212110101A,67,2024,40,341,40,55.725,73.8875
10050212110101A,68,2025,50,412,50,57.9625,64
10050212111301A,63,2020,76,521,76,18933.5,20697
10050212111301A,64,2021,70,3342,89,20148,21289.3
10050212111301A,65,2022,90,2540,90,36.5333,50.1333
10050212111301A,66,2023,80,7773,80,47.8732,67.9116
10050212111301A,67,2024,60,4924,60,49.7816,56.0588
10050212111301A,68,2025,60,2762,60,55.0076,71.55
10050212111901B,63,2020,27,298,27,19370.5,20496
10050212111901B,64,2021,15,851,19,20552.34,21121.54
10050212111901B,65,2022,39,538,39,37.6,53.0667
10050212111901B,66,2023,38,1158,38,43.2332,49.4732
10050212111901B,67,2024,34,1292,34,47.4532,54.7332
10050212111901B,68,2025,40,790,40,48.4,55.9932
10050212112001A,63,2020,25,199,25,15047,18280.9
10050212112001A,64,2021,12,353,16,16258.6,19276.44
10050212112001A,65,2022,32,104,32,19.4353,34.6333
10050212112001A,66,2023,32,358,32,29.7576,35.5444
10050212112001A,67,2024,30,452,30,31.711,37.7188
10050212112001A,68,2025,35,274,35,31.9544,39.8332
10050212112001B,64,2021,103,304,115,29.66,55.23
10050212112001B,65,2022,80,640,80,46.1655,59.511
10050212112001B,66,2023,82,462,82,49.2108,62.4888
10050212112001B,67,2024,75,977,75,53.1888,60.4888
10050212112001B,68,2025,55,941,55,56.922,64.5664
10050212112002B,65,2022,110,174,109,0,46.5422
10050212112002B,66,2023,90,212,90,29.8828,51.5946
10050212112002B,67,2024,105,712,105,40.5116,55.608
10050212112002B,68,2025,110,701,110,45.4414,60.3646
10050214111701A,63,2020,59,744,59,17359.1,20053
10050214111701A,64,2021,54,1924,61,18233.64,20954.8
10050214111701A,65,2022,80,1252,80,28.8667,39.9333
10050214111701A,66,2023,45,3555,45,52.0531,60.295
10050214111701A,67,2024,50,2479,50,56.7449,65.5965
10050214111701A,68,2025,30,480,30,55.65,71.5081
10050215800101A,63,2020,12,102,12,18215.5,22003
10050215800101A,64,2021,14,149,18,18052.2,21418.4
10050215800101A,65,2022,20,79,20,36.5587,49.7995
10050215800101A,66,2023,20,128,20,47.8332,58.4804
10050215800101A,67,2024,20,255,20,49.411,57.6
10050215800101A,68,2025,25,31,25,49.9166,87.5833
10050215800401A,64,2021,35,296,35,51.73,83.08
10050215800401A,65,2022,40,157,40,55.4206,84.675
10050215800401A,66,2023,25,54,25,60.2499,84.2583
10050215800401A,67,2024,21,207,21,63.5781,82.3916
10050216400301B,63,2020,6,78,6,15795,19242
10050216400301B,64,2021,12,128,24,11011.14,19441.2
10050216400301B,65,2022,35,135,35,23.7941,42.8306
10050216400301B,66,2023,31,195,31,50.1348,59.8332
10050216400301B,67,2024,28,169,28,43.2232,57.5098
10050216400301B,68,2025,35,246,35,47.0116,59.0831
10050216400401B,65,2022,55,633,55,48.9544,68.8184
10050216400401B,66,2023,50,493,50,61.3541,78.0708
10050216400401B,67,2024,52,404,52,58.8832,74.0207
10050216400401B,68,2025,55,629,55,63.7956,76.9289
10050216400501B,63,2020,32,147,32,15945.5,19138
10050216400501B,64,2021,15,220,17,15456.94,17550.54
10050216400501B,65,2022,105,409,105,32.2647,50.4323
10050216400501B,66,2023,95,513,95,51.3915,62.5333
10050216400501B,67,2024,65,216,65,44.7498,57.9999
10050216400501B,68,2025,78,304,78,47.7914,60.6748
10050216400502B,63,2020,20,78,20,14337.2,17904.5
10050216400502B,64,2021,11,132,26,11950.5,17618.4
10050216400502B,65,2022,35,83,35,10.6,47.2112
10050216400502B,66,2023,31,151,31,36.8899,55.7131
10050216400502B,67,2024,33,185,33,40.115,54.3698
10050216400502B,68,2025,27,143,27,40.4349,49.9998
10050216400701B,63,2020,10,101,10,18034.9,20142
10050216400701B,64,2021,11,148,12,14336.1,18491
10050216400701B,65,2022,45,250,45,31.861,51.6946
10050216400701B,66,2023,41,489,41,53.945,66.8616
10050216400701B,67,2024,22,312,22,51.8981,65.0698
10050216400701B,68,2025,24,277,24,52.5998,63.2399
10050216610201E,67,2024,25,9,4,26.4833,53.3166
10050216610201E,68,2025,40,0,0,0,0
10050217112501A,63,2020,26,228,26,16068.5,17666.5
10050217112501A,64,2021,30,310,37,16395.7,19647.14
10050217112501A,65,2022,70,30,16,22,37.75
10050217112501A,66,2023,35,314,35,29.17,42.96
10050217112501A,67,2024,25,710,25,35.275,42.4
10050217112701A,63,2020,42,338,42,16728.5,18757
10050217112701A,64,2021,20,640,24,17625.34,19175.6
10050217112701A,65,2022,70,23,6,29.25,35.6875
10050217112701A,66,2023,60,778,60,34.1625,48.9375
10050217112701A,67,2024,70,1038,70,35.05,50.45
10050217112701A,68,2025,70,874,70,37.925,49.8625
10050217112702A,63,2020,26,185,26,16213,18419
10050217112702A,64,2021,25,269,28,16403.3,17397.4
10050217112702A,65,2022,70,21,4,30.1125,33.4625
10050217112702A,66,2023,50,303,50,30.605,41.3525
10050217112702A,67,2024,60,1024,61,34.4,42.2025
10050217112702A,68,2025,60,694,60,36.965,48.015
10050218130101A,63,2020,70,577,70,19470.4,21608.5
10050218130101A,64,2021,60,2426,67,20664.5,21763.14
10050218130101A,65,2022,60,3205,62,44.15,60.15
10050218130101A,66,2023,60,6315,60,54.0811,66.5955
10050218130101A,67,2024,70,4656,70,55.2943,60.6909
10050218130101A,68,2025,60,2554,60,61.6643,79.9077
10050219903601A,63,2020,10,61,10,21071.3,22095
10050219903601A,64,2021,10,149,11,21567.64,26361.5
10050219903601A,65,2022,10,219,10,57.3696,67.9608
10050219903601A,66,2023,17,169,17,61.6,67.9332
10050219903601A,67,2024,25,514,25,63.6608,67.7
10050219903601A,68,2025,13,280,13,66.4305,70.604
10050222300001E,64,2021,30,115,36,18.71,47.59
10050222300001E,65,2022,200,176,81,8,35.9
10050222300001E,66,2023,150,189,69,0,39.1
10050222300001E,67,2024,110,279,93,0,46.8499
10050222300001E,68,2025,130,429,131,17.5,53.7498
10050222300501E,67,2024,35,327,36,37.0998,49.8998
10050222300501E,68,2025,15,275,15,44.9,75.7998
10050222300601E,67,2024,20,42,16,0,46.7498
10050222300601E,68,2025,15,93,15,25.6498,46.3498
10050222300701E,67,2024,10,41,8,13.9998,34.7499
10050222300701E,68,2025,10,116,10,26.9499,36.0499
10050222301601E,67,2024,15,62,14,7.9998,47.55
10050222301601E,68,2025,10,193,10,34.1499,53.6499
10050222302101E,67,2024,10,62,11,22.2,36.75
10050222302101E,68,2025,10,132,10,29.6,43.2498
10050222303501E,67,2024,20,85,20,17.1,41.4414
10050222303501E,68,2025,15,159,15,28.9998,47.25
10050222610801E,67,2024,60,196,60,22.6998,47.4998
10050222610801E,68,2025,45,388,45,33.6999,48.2
10050224220301B,66,2023,45,173,45,34.6754,62.2132
10050224220301B,67,2024,45,409,45,40.6176,54.851
10050224220301B,68,2025,20,285,20,46.5232,53.3766
10050224903601B,67,2024,67,1133,68,53.625,62.575
10050224903601B,68,2025,55,1811,57,63.5,72.05
10050229110501E,63,2020,20,20,15,5269,18907
10050229110501E,64,2021,6,6,2,19013.14,19013.14
10050229110501E,65,2022,15,11,7,25.55,45.15
10050229110501E,66,2023,30,28,17,25.41,41.5
10050229110501E,67,2024,24,229,24,33.64,46.58
10050229110501E,68,2025,5,305,5,47.53,50.23
10050229111501E,63,2020,1,73,1,20242.5,20242.5
10050229111501E,64,2021,6,6,2,20131.74,20131.74
10050229111501E,65,2022,15,29,15,16.65,38.75
10050229111501E,66,2023,30,53,30,22.52,49.25
10050229111501E,67,2024,20,905,20,40.61,50.46
10050229111501E,68,2025,6,283,6,51.45,55.16
10050229113001E,65,2022,35,13,7,0,42.6
10050229113001E,66,2023,30,12,3,30.25,39.65
10050229113001E,67,2024,23,161,23,33.52,57.78
10050229113001E,68,2025,15,178,15,38.94,46.13
10050230903601B,63,2020,62,298,62,17723.1,21438.3
10050230903601B,64,2021,47,228,59,14502.5,21977.34
10050230903601B,65,2022,105,169,76,6.1412,40.9823
10050230903601B,66,2023,85,95,47,23.5899,59.1056
10050230903601B,67,2024,60,703,60,43.4832,58.4544
10050230903601B,68,2025,55,1011,55,51.4088,62.7676
10050310302001B,66,2023,20,100,20,50.4,61.333
10050310302001B,67,2024,37,196,37,26.45,38.25
10050310302001B,68,2025,30,156,30,31.65,54.9498
10050401901001A,63,2020,16,85,16,16791,19314
10050401901001A,64,2021,15,110,18,16836.3,19420.5
10050401901001A,65,2022,133,1187,133,69.0441,79.763
10050401901001A,66,2023,130,888,108,68,72
10050401901001A,67,2024,117,922,98,75,82
10050401901001A,68,2025,2,20,2,50.8,51.4885
10050405903701A,63,2020,51,195,51,16801,20181.5
10050405903701A,64,2021,35,199,44,14893.8,20079.84
10050405903701A,65,2022,95,115,66,37.1318,59.2097
10050405903701A,66,2023,98,76,36,11.625,55.9999
10050405903701A,67,2024,60,334,60,41.5408,52.1176
10050405903701A,68,2025,70,201,70,52.31,61.2933
10050409220201A,64,2021,6,4,1,13419.2,13419.2
10050409220201A,65,2022,37,41,25,0,39.2618
10050409220201A,66,2023,32,28,13,27.5625,65.2915
10050409220201A,67,2024,25,99,12,34.1665,45.097
10050409220201A,68,2025,30,11,2,51.88,56.75
10050415800101A,63,2020,40,35,20,8225,19587.5
10050415800101A,64,2021,25,62,14,11474.7,15174.2
10050415800101A,65,2022,20,44,18,29.098,50.6
10050417112701A,63,2020,35,88,35,12715.5,16350
10050417112701A,64,2021,25,179,40,13091.1,17055.64
10050417112701A,65,2022,45,9,2,21.575,27.7875
10050417112701A,66,2023,31,49,28,13.5775,33.2225
10050417112701A,67,2024,28,256,28,25.8675,33.4775
10050417112701A,68,2025,20,263,20,29.48,37.5175
10050417112702A,63,2020,29,41,22,8134,14608.5
10050417112702A,64,2021,25,114,45,10007.5,16341.64
10050417112702A,65,2022,45,1,0,0,0
10050417112702A,66,2023,43,19,10,15.71,29.25
10050417112702A,67,2024,36,95,36,18.3525,30.2625
10050417112702A,68,2025,30,289,30,25.8225,36.285
10050417112703A,63,2020,31,183,31,13278.5,14949.5
10050417112703A,64,2021,27,216,52,13199.24,17261.04
10050417112703A,65,2022,45,15,7,20.0875,31.7125
10050417112703A,66,2023,26,105,26,24.8375,35.4925
10050417112703A,67,2024,27,156,27,26.085,39.2175
10050417112703A,68,2025,45,221,45,26.4825,38.1825
10050424903601A,63,2020,100,196,100,12461,20674.5
10050424903601A,64,2021,30,120,31,8776.24,17425.14
10050424903601A,65,2022,86,63,23,21.9,40.2563
10050424903601A,66,2023,172,41,15,31,45.9
10050424903601A,67,2024,105,189,98,21.65,55.075
10050424903601A,68,2025,15,30,11,46,66
10050424903601B,63,2020,50,17,10,10503,15045.3
10050424903601B,64,2021,12,3,0,0,0
10050424903601B,65,2022,55,33,9,0,35
10050424903601B,66,2023,60,15,9,31.21,48.1575
10050424903601B,67,2024,35,55,20,18.175,42.8125
10050424903601B,68,2025,35,177,35,36.3125,47.95
10060101110201A,63,2020,22,74,22,18062.5,21531
10060101110201A,64,2021,2,150,2,20090.5,21966.24
10060101110201A,65,2022,19,0,0,0,0
10060101110201A,66,2023,16,427,16,47.8939,59.1792
10060101110201A,67,2024,13,606,13,50.5484,58.3832
10060101110201A,68,2025,15,361,15,52.6774,59.3958
10060101110801A,63,2020,10,106,10,18757.5,21445.1
10060101110801A,64,2021,6,185,10,19023.5,21654.84
10060101110801A,65,2022,42,833,42,44.8294,55.3837
10060101110801A,66,2023,39,1421,39,53.4621,59.498
10060101110801A,67,2024,35,1728,35,57.8008,66.4013
10060101110801A,68,2025,35,680,35,56.134,65.4569
10060101111401A,63,2020,12,97,12,18412.7,20541
10060101111401A,64,2021,2,130,3,19898.3,21731.9
10060101111401A,65,2022,13,6,6,55.5353,63.5603
10060101111401A,66,2023,5,125,5,56.935,67.915
10060101111401A,67,2024,2,258,2,66.08,71.17
10060101111401A,68,2025,3,118,3,69.68,72.78
10060102111001A,63,2020,25,114,25,18464.6,20224.7
10060102111001A,64,2021,10,335,22,19758,22167.7
10060102111001A,65,2022,15,46,10,44.45,54.35
10060102111001A,66,2023,12,75,12,47.9778,57.4228
10060102111001A,67,2024,11,600,11,54.6375,58.1875
10060102111001A,68,2025,15,135,15,54.0283,65.0755
10060102111601A,63,2020,15,158,15,18976.7,21646.5
10060102111601A,64,2021,10,305,11,35.3625,43.1
10060102111601A,65,2022,11,23,11,38.1,51.1705
10060102111601A,66,2023,8,111,8,42.645,52.45
10060102111601A,68,2025,12,987,12,57.3062,63.512
10060102111701A,63,2020,10,263,10,19096,21470.9
10060102111701A,64,2021,60,1500,150,18497,21710.34
10060102111701A,65,2022,84,1157,84,45.3662,60.3985
10060102111701A,66,2023,123,759,123,50.0068,64.2653
10060102111701A,67,2024,80,1229,80,55.8333,75.0653
10060102111701A,68,2025,70,1127,70,58.3375,76.972
10060102700701B,68,2025,5,431,5,90.6,92.4
10060103130101A,63,2020,47,262,47,20492.1,22134.1
10060103130101A,64,2021,10,1084,10,22009.5,23383.94
10060103130101A,66,2023,17,657,17,58.187,64.9882
10060103130101A,67,2024,50,373,50,57.2696,71.1188
10060103130101A,68,2025,32,548,32,66.1788,73.279
10060105112101E,63,2020,15,82,15,16649,18650
10060105112101E,64,2021,15,277,18,17305.34,19774.94
10060105112101E,65,2022,10,31,10,44.2,64.3
10060105112101E,66,2023,15,78,15,54.52,66.64
10060105112101E,67,2024,15,65,15,51.46,60.62
10060105112101E,68,2025,10,259,10,60.84,76.04
10060105210001A,64,2021,80,2526,96,17222.04,21111.9
10060105210001A,65,2022,170,765,170,36.7941,57.4627
10060105210001A,66,2023,120,281,120,31.946,49.0876
10060105210001A,67,2024,135,1093,135,35.9542,47.5422
10060105210001A,68,2025,100,625,100,38.1298,47.4938
10060105210301A,63,2020,200,72,34,13694.5,19873.5
10060105210301A,64,2021,30,154,36,27.725,46.6
10060105210301A,65,2022,25,191,25,36.2079,60.6686
10060105210301A,66,2023,25,39,15,23.1704,43.6532
10060105210301A,67,2024,25,478,25,36.1354,60.8454
10060105210301A,68,2025,25,252,25,38.4916,43.54
10060105210301E,66,2023,40,164,40,61.7,88.075
10060105210301E,67,2024,40,153,40,55.525,89.8
10060105210301E,68,2025,40,198,40,61.75,84.575
10060105210302E,64,2021,80,35,7,14044.5,16436.9
10060105210302E,65,2022,40,75,34,26.65,56.2
10060105210302E,66,2023,40,56,29,27.85,75.95
10060105210302E,67,2024,40,117,40,36.975,69.975
10060105210302E,68,2025,40,144,40,45.475,73.325
10060105210401A,63,2020,200,176,62,13759,19363
10060105210401A,64,2021,10,393,14,34.075,43.125
10060105210401A,65,2022,10,402,10,46.7177,52.3294
10060105210401A,66,2023,15,102,15,36.9532,48.227
10060105210401A,67,2024,15,435,15,41.6114,57.332
10060105210401A,68,2025,10,227,10,44.7232,67.7254
10060105210401E,68,2025,30,99,30,41.79,61.76
10060105210701A,63,2020,200,170,69,13685.8,19092.5
10060105210701A,64,2021,10,530,12,36.225,61.125
10060105210701A,65,2022,10,539,10,47.7,64.5
10060105210701A,66,2023,10,123,10,41.1604,51.4804
10060105210701A,67,2024,10,269,10,42.6994,51.9372
10060105210701A,68,2025,10,196,10,44.797,63.486
10060105210701E,63,2020,40,24,10,8558.8,17084.6
10060105210701E,64,2021,40,159,49,12132.14,19127
10060105210701E,65,2022,60,32,15,43,60.275
10060105210701E,66,2023,60,4,2,55.17,56.23
10060105210701E,67,2024,60,1,0,0,0
10060105210701E,68,2025,30,111,24,36.01,68.02
10060105211201A,63,2020,200,67,17,14004.8,17865.5
10060105211201A,64,2021,10,215,10,35.925,55.225
10060105211201A,65,2022,15,231,15,41.6255,69.4079
10060105211201A,66,2023,15,54,15,33.2404,50.9454
10060105211201A,67,2024,15,388,15,40.6126,53.9782
10060105211201A,68,2025,10,178,10,43.5472,51.9014
10060105212401E,63,2020,30,22,7,11212,16438.6
10060105212401E,64,2021,60,76,24,11837.7,16905.5
10060105212401E,65,2022,120,184,64,39.375,60.45
10060105212401E,66,2023,60,0,0,0,0
10060105212401E,67,2024,40,37,15,51.625,66.1
10060105212401E,68,2025,40,253,40,53.625,74.3
10060105212501A,63,2020,200,23,5,14598.4,17556.9
10060105212501A,64,2021,20,41,16,16.5,32.975
10060105212501A,65,2022,20,57,15,21.8,39.9333
10060105212501A,66,2023,20,50,20,22.41,36.8426
10060105212501A,67,2024,20,211,20,32.5788,40.481
10060105212501A,68,2025,20,177,20,35.0998,39.1094
10060105212701A,63,2020,200,37,13,13788,18399.5
10060105212701A,64,2021,25,62,24,10.075,41.275
10060105212701A,65,2022,30,122,30,27.0215,44.2412
10060105212701A,66,2023,30,80,30,30.9532,58.1026
10060105212701A,67,2024,30,232,30,34.5072,47.0954
10060105212701A,68,2025,25,267,25,38.2742,45.9548
10060105212801E,63,2020,30,11,6,10825.5,15867
10060105212801E,64,2021,30,45,10,13787.6,19543.44
10060105212801E,65,2022,40,28,4,45.8,49.55
10060105212801E,66,2023,40,0,0,0,0
10060105212801E,67,2024,40,11,2,42.275,51.085
10060105212801E,68,2025,40,273,40,44.1,57.02
10060106111301A,63,2020,80,383,80,19245.8,21732
10060106111301A,64,2021,40,1905,74,20631.94,23127.6
10060106111301A,65,2022,107,275,88,46.9279,59.875
10060106111301A,66,2023,56,831,56,48.2894,59.3404
10060106111301A,67,2024,52,3208,52,50.6972,59.4244
10060106111301A,68,2025,49,1864,49,56.3532,80.556
10060106111901A,63,2020,45,185,45,19371.2,22489.5
10060106111901A,64,2021,15,1007,42,21131.14,23536.3
10060106111901A,65,2022,54,98,39,43.7696,60.3461
10060106111901A,66,2023,41,991,41,49.4982,58.8094
10060106111901A,67,2024,39,1316,39,53.9258,74.6288
10060106111901A,68,2025,30,1982,30,58.51,67.5838
10060107111803A,66,2023,35,332,35,38.09,49.84
10060107111803A,67,2024,40,267,40,39.4,49.25
10060107111803A,68,2025,45,480,45,43.855,58.095
10060107112701A,63,2020,120,307,120,16206,19152.6
10060107112701A,64,2021,70,1227,88,17744.84,19887.14
10060107112701A,65,2022,120,256,114,29.525,42.7375
10060107112701A,66,2023,40,630,40,39.195,52.7975
10060107112701A,67,2024,40,731,40,39.5275,50.56
10060107112701A,68,2025,20,438,20,46.03,60.1775
10060107112702A,63,2020,45,121,45,16597,19264.5
10060107112702A,64,2021,45,634,82,17600.14,20448.7
10060107112702A,65,2022,60,126,44,31.8,52.7
10060107112702A,66,2023,45,432,45,37.05,50.2
10060107112702A,67,2024,35,593,35,39.375,48.05
10060107112702A,68,2025,48,617,48,41.6,55.05
10060107112704A,66,2023,40,146,40,29.495,44.21
10060107112704A,67,2024,45,1016,45,37.38,52.31
10060107112704A,68,2025,45,257,45,39.355,47.445
10060108111701A,63,2020,180,850,180,17205.5,19672.7
10060108111701A,64,2021,120,1845,196,18092,20999.5
10060108111701A,65,2022,170,1735,170,41.3333,58.7292
10060108111701A,66,2023,25,1001,25,51.0491,59.0591
10060108111701A,67,2024,50,780,50,51.5589,63.5258
10060108111701A,68,2025,118,1122,118,52.3356,62.1124
10060109110101A,63,2020,46,119,46,18286,20955.6
10060109110101A,64,2021,5,663,75,19626.5,21765.4
10060109110101A,65,2022,65,1071,65,55.8421,66.5907
10060109110101A,66,2023,45,622,45,57.7638,67.9414
10060109110101A,67,2024,41,557,41,62.0166,76.3708
10060109110101A,68,2025,35,323,35,63.475,76.5
10060109110901A,63,2020,25,106,25,18021.1,20311.5
10060109110901A,64,2021,5,184,7,19260,19797.5
10060109110901A,65,2022,21,157,21,45.3655,53.75
10060109110901A,66,2023,20,149,20,52.6095,59.8875
10060109110901A,67,2024,15,331,15,57.543,66.5278
10060109110901A,68,2025,15,116,15,59.1526,68.7054
10060110140101A,64,2021,15,972,17,21388.54,23242.5
10060110140101A,65,2022,10,3426,10,61.725,66.175
10060110140101A,66,2023,10,1635,10,61.4849,67.5083
10060110140101A,67,2024,10,2380,10,63.1832,71.66
10060110140101A,68,2025,15,1363,15,67.1382,73.9664
10060111210102E,64,2021,15,13,5,11417.74,12993.3
10060111210102E,65,2022,40,27,12,17.5625,26.25
10060111210102E,66,2023,40,52,16,18.2625,39
10060111210102E,67,2024,40,133,40,24.5125,39.5125
10060111210102E,68,2025,40,34,15,24.0375,36.5
10060111213101A,63,2020,40,103,40,12778.5,17658.5
10060111213101A,64,2021,40,431,78,14413.7,18806.8
10060111213101A,65,2022,85,241,80,30.01,46.995
10060111213101A,66,2023,65,93,45,22.75,40.5625
10060111213101A,67,2024,70,476,70,33.035,49.28
10060111213101A,68,2025,70,440,70,35.985,51.845
10060112300501A,63,2020,12,60,12,18190,21865.25
10060112300501A,64,2021,5,326,9,20343.1,21751.4
10060112300501A,65,2022,20,124,20,42.5804,60.292
10060112300501A,66,2023,28,795,28,53.05,64.5498
10060112300501A,67,2024,35,595,35,47.8998,58.6498
10060112300501A,68,2025,26,516,26,53.479,68.9375
10060112300601A,63,2020,5,15,5,16646.75,18029.2
10060112300601A,64,2021,5,183,32,16794,20784
10060112300601A,65,2022,5,18,5,33.7265,41.8294
10060112300601A,66,2023,14,168,14,39.0998,45.1999
10060112300601A,67,2024,5,144,5,36.7499,42.6248
10060112300601A,68,2025,10,238,10,43.975,51.2499
10060112300601E,66,2023,20,22,12,0,42.3
10060112300601E,67,2024,15,31,9,15.45,35.6748
10060112300601E,68,2025,20,85,20,16.75,44.0332
10060112300701A,63,2020,5,15,5,15754.8,18634.05
10060112300701A,64,2021,5,71,16,13725.89,18381.6
10060112300701A,65,2022,20,51,6,32.1755,40.9529
10060112300701A,66,2023,20,292,20,41.4332,52.6942
10060112300701A,67,2024,10,345,10,43.9498,50.2831
10060112300701A,68,2025,10,251,10,44.7499,75.8222
10060112300901E,63,2020,3,15,3,20147.25,21170.5
10060112300901E,64,2021,3,43,3,21647.75,23120.2
10060112300901E,65,2022,3,4,2,66.2294,70.001
10060112300901E,66,2023,6,144,6,54.8124,70.0673
10060112300901E,67,2024,5,155,5,52.5375,56.625
10060112300901E,68,2025,3,115,3,60.1624,64.6874
10060112301601A,63,2020,10,39,10,17954,20337
10060112301601A,64,2021,36,216,43,16916.3,19658.15
10060112301601A,65,2022,40,50,11,30.2255,56.1765
10060112301601A,66,2023,20,466,22,41.3749,51.4498
10060112301601A,67,2024,25,412,25,37.7998,51.2249
10060112301601A,68,2025,30,326,30,41.6,51.1749
10060112302101A,63,2020,65,219,65,15629.75,19567.25
10060112302101A,64,2021,44,415,60,16189.2,19825.75
10060112302101A,65,2022,60,68,14,26.0304,44.0127
10060112302101A,66,2023,30,722,30,42.1442,54.7275
10060112302101A,67,2024,45,376,45,38.6721,49.0443
10060112302101A,68,2025,55,248,55,35.0999,47.25
10060112303501A,63,2020,10,35,10,16280.75,19577.95
10060112303501A,65,2022,20,19,1,37.3873,37.3873
10060112303501A,66,2023,10,147,10,41.2831,45.2665
10060112303501A,67,2024,10,278,10,46.0166,52.4722
10060112303501A,68,2025,28,30,12,36.1078,50.8375
10060112303501E,63,2020,2,4,1,15517.5,15517.5
10060112303501E,64,2021,10,5,4,15497.65,16868.55
10060112303501E,65,2022,15,0,0,0,0
10060112303501E,66,2023,15,12,6,0,42.5722
10060112303501E,67,2024,15,49,14,26,46.666
10060112303501E,68,2025,15,56,13,38.666,54
10060113901801E,65,2022,28,38,12,56.1,69.05
10060113901801E,66,2023,5,16,1,81.55,83.8
10060113901801E,67,2024,12,43,12,79.25,98.7
10060113901801E,68,2025,5,53,5,93.25,98.5
10060113902001A,63,2020,60,166,60,20067.6,25033
10060113902001A,64,2021,10,356,46,20686.8,23132
10060113902001A,65,2022,62,41,4,63.6,70.1
10060113902001A,66,2023,60,1039,61,70.2,78.7
10060113902001A,67,2024,56,634,56,68.7,75.35
10060113902001A,68,2025,55,671,55,70.2,75.9
10060113902501A,63,2020,60,330,60,23249.5,25802
10060113902501A,64,2021,23,839,39,23420.14,24970
10060113902501A,65,2022,58,21,0,0,0
10060113902501A,66,2023,60,4405,64,76.05,84
10060113902501A,67,2024,33,1681,33,75.65,83.55
10060113902501A,68,2025,45,1422,45,77.65,84.9
10060114112401A,63,2020,30,164,30,15950,19129
10060114112401A,64,2021,30,231,33,16658.34,19989.54
10060114112401A,65,2022,70,41,11,35.5034,45.1245
10060114112401A,66,2023,45,229,45,43.6983,56.9845
10060114112401A,67,2024,35,233,35,44.168,52.315
10060114112401A,68,2025,30,500,30,50.6485,58.5625
10060115220101E,63,2020,50,46,25,10755.5,17608
10060115220101E,64,2021,30,126,42,10675.6,18778.94
10060115220101E,65,2022,50,106,45,28.1088,62.1047
10060115220101E,66,2023,50,135,50,34.0749,66.0582
10060115220101E,67,2024,50,125,49,34.8791,64.2498
10060115220101E,68,2025,50,59,26,50.805,66.5135
10060115220301A,64,2021,20,220,21,14617.04,19026
10060115220301A,65,2022,40,203,18,35.3833,50.5833
10060115220301A,66,2023,40,345,17,54.8581,64.5249
10060115220301A,67,2024,40,228,0,0,0
10060115220301A,68,2025,30,205,23,59.055,68.9165
10060116901501A,63,2020,65,178,65,16888.5,21130.5
10060116901501A,64,2021,60,103,41,12185.5,21028.74
10060116901501A,65,2022,100,263,98,49.8617,67.601
10060116901501A,66,2023,125,166,123,35.7832,68.4662
10060116901501A,67,2024,125,1482,125,65.4916,77.5164
10060116901501A,68,2025,80,613,80,65.2498,75.2207
10060117112001A,63,2020,12,75,12,15684.5,18935.8
10060117112001A,64,2021,25,11,3,59.463,75.1
10060117112001A,65,2022,35,568,35,46.5882,61.147
10060117112001A,66,2023,35,427,35,47.8162,82.3532
10060117112001A,67,2024,35,955,35,52.7098,68.6032
10060117112001A,68,2025,30,604,30,56.6166,67.6028
10060117112002A,63,2020,12,89,12,14839,16611.5
10060117112002A,64,2021,25,222,27,60.378,74.825
10060117112002A,65,2022,40,178,40,26.4294,50.9632
10060117112002A,66,2023,30,355,30,43.243,49.9066
10060117112002A,67,2024,30,677,30,48.7228,56.3432
10060117112002A,68,2025,5,296,5,53.59,69.613
10060219210701A,63,2020,30,28,15,9295.5,13712.5
10060219210701A,64,2021,10,38,8,11792,13721.04
10060219210701A,65,2022,35,15,12,32.3309,44.7132
10060219210701A,66,2023,25,75,26,41.08,55.21
10060219210701A,67,2024,30,311,31,89.75,99.25
10060219210701A,68,2025,40,237,40,87.75,100
10060219211001A,63,2020,30,78,30,11902.5,17464.5
10060219211001A,64,2021,30,122,35,9947.1,17907.6
10060219211001A,65,2022,35,6,2,43.3125,54.2125
10060219211001A,66,2023,30,0,0,0,0
10060219211001A,67,2024,30,50,24,16.99,31.55
10060219211001A,68,2025,40,101,33,20.83,33.92
10060219212301A,63,2020,25,19,7,11146,13154.1
10060219212301A,64,2021,20,48,14,9680.74,14484
10060219212301A,65,2022,30,20,7,39.575,47.425
10060219212301A,66,2023,35,4,0,0,0
10060219212301A,67,2024,25,67,25,46.8498,62.1332
10060219212301A,68,2025,30,635,30,93.5,99.5
10060219302801A,63,2020,15,3,2,12800.65,15521.25
10060219302801A,64,2021,10,11,1,15637.74,15637.74
10060219302801A,65,2022,40,2,0,0,0
10060219302801A,66,2023,30,0,0,0,0
10060219302801A,67,2024,30,371,30,93.75,100
10060219302801A,68,2025,30,271,30,91,100
10060219500201A,63,2020,40,16,8,7882.1,13624.3
10060219500201A,64,2021,40,24,6,11189.5,14635.44
10060219500201A,65,2022,40,24,9,13.25,36.05
10060219500201A,66,2023,30,101,29,61.0666,92.9166
10060219500201A,67,2024,40,206,41,73.5,94.75
10060219500201A,68,2025,50,221,50,78.75,99.5
10060219610501A,63,2020,35,187,35,16831.5,20478
10060219610501A,64,2021,10,317,65,16767,20497.44
10060219610501A,65,2022,45,96,20,43.4,60.95
10060219610501A,66,2023,45,120,45,49.2,64.05
10060219610501A,67,2024,55,441,55,49.6416,60.9666
10060219610501A,68,2025,40,600,40,54.6081,61.7081
10060219610801A,63,2020,30,142,30,14839.5,18181.5
10060219610801A,64,2021,20,204,30,15195.24,17157
10060219610801A,65,2022,40,143,41,37.85,55.525
10060219610801A,66,2023,35,181,35,48.325,62.85
10060219610801A,67,2024,35,723,35,85.75,91
10060219610801A,68,2025,40,492,41,87.5,94.3
10060320111701A,67,2024,5,184,5,51.8959,56.4775
10060320112701A,63,2020,15,76,15,13530.5,15718.5
10060320112701A,64,2021,5,74,5,15615.7,16180.34
10060320112701A,65,2022,30,545,30,55.5172,63.7912
10060320112701A,66,2023,40,44,28,0,36.46
10060320112701A,67,2024,40,256,40,27.285,36.98
10060320112701A,68,2025,30,230,30,32,41.145
10060320500201A,63,2020,60,4,2,9205,10400
10060320500201A,64,2021,30,3,1,9979.7,9979.7
10060320500201A,65,2022,30,48,16,55.75,98
10060320500201A,66,2023,20,51,17,38.75,92.5
10060320500201A,67,2024,30,44,6,60.25,98.5
10060320500201A,68,2025,45,10,4,67,83.5
10060320900301A,63,2020,30,10,4,10422.5084,18871
10060320900301A,64,2021,20,15,3,9395.5,15657.7
10060320900301A,65,2022,40,143,40,63.75,99.25
10060320900301A,66,2023,20,101,20,82,94.5
10060320900301A,67,2024,25,115,25,77.25,98.25
10060320900301A,68,2025,50,128,45,67.75,99
10060421112101A,65,2022,30,59,30,26.975,52.892
10060421112101A,66,2023,35,90,35,30.436,49.4333
10060421112101A,67,2024,25,499,25,43.5028,58.2638
10060421112101A,68,2025,40,247,40,44.4708,57.6278
10060421112701A,63,2020,35,36,28,9748,16106.5
10060421112701A,64,2021,10,64,17,12657.1,16902.14
10060421112701A,65,2022,35,900,35,65.8162,73.9485
10060421112701A,66,2023,35,65,35,26.2725,47.0675
10060421112701A,67,2024,35,555,35,38.2075,47.2725
10060421112701A,68,2025,45,258,45,37.855,48.7725
10060421500201A,63,2020,33,1,1,12066,12066
10060421500201A,64,2021,10,0,0,0,0
10060421500201A,65,2022,30,53,20,57,92.25
10060421500201A,66,2023,30,16,2,68.211,75.4388
10060421500201A,67,2024,30,65,13,54.5,94.75
10060421500201A,68,2025,40,100,23,50.75,100
10060421903503A,64,2021,10,6,1,0,0
10060421903503A,65,2022,30,63,22,40.1,64.475
10060421903503A,66,2023,30,38,18,43.2,68.75
10060421903503A,67,2024,20,113,20,51,67.575
10060421903503A,68,2025,30,127,28,52.65,67.975
10090101702001A,63,2020,30,2,0,,
10090101702001A,64,2021,10,78,10,18943.5,20497.04
10090101702001A,65,2022,24,116,24,52.251,68.2917
10090101702001A,66,2023,21,386,21,71.8527,79.3361
10090101702001A,67,2024,14,248,14,72.5388,76.35
10090101702001A,68,2025,14,151,14,72.0028,76.85
10090101702002A,63,2020,25,9,7,20915.5,22218.5
10090101702002A,64,2021,2,57,3,21990,22488.14
10090101702002A,65,2022,14,41,12,57.2706,67.0392
10090101702002A,66,2023,15,338,15,74.0249,81.7332
10090101702002A,67,2024,14,183,14,75.4581,82.0583
10090101702002A,68,2025,12,0,0,0,0
10090101900701A,63,2020,50,479,50,21025.5,24980.8
10090101900701A,64,2021,40,960,47,22005.5,25288.74
10090101900701A,65,2022,63,1171,63,55.853,72.9177
10090101900701A,66,2023,78,2398,78,65.361,76.194
10090101900701A,67,2024,78,1764,78,63.4055,84.922
10090101900701A,68,2025,60,964,60,66.522,78.133
10090101900701B,67,2024,30,585,30,57.4805,73.7385
10090101900701B,68,2025,29,373,29,61.4635,70
10090101901201A,63,2020,26,123,26,17614.5,20826.9
10090101901201A,64,2021,15,179,16,18929.94,21052.7
10090101901201A,65,2022,50,533,50,41.1177,63.2882
10090101901201A,66,2023,50,244,50,47.7999,60.7083
10090101901201A,67,2024,48,613,48,48.9276,54.5722
10090101901201A,68,2025,47,16,4,51.5166,55.3054
10090101901201B,67,2024,46,138,46,38.45,48.861
10090101901201B,68,2025,46,12,0,0,0
10090101901501A,63,2020,70,13,5,18448,20778.5
10090101901501A,64,2021,15,182,18,18204.24,23632.5
10090101901501A,65,2022,30,751,30,48.0294,61.95
10090101901501A,66,2023,62,426,62,51.8582,61.8
10090101901501A,67,2024,67,678,67,52.7414,61.5916
10090101901501A,68,2025,55,668,55,55.4332,62.5998
10090101902001A,63,2020,38,139,38,18225.5,22207
10090101902001A,64,2021,15,191,26,19003.8,21712.5
10090101902001A,65,2022,44,720,44,54.8152,66.3475
10090101902001A,66,2023,44,96,32,56.6305,71.4055
10090101902001A,67,2024,42,3228,42,64.3304,71.0694
10090101902001A,68,2025,58,1335,58,65.0416,72.8082
10090101902501E,63,2020,78,617,78,20040.4,23774.5
10090101902501E,64,2021,33,237,58,18084.5,22848.8
10090101902501E,65,2022,160,714,161,49.4975,70
10090101902501E,66,2023,166,1278,166,62.6385,86.944
10090101902501E,67,2024,162,141,59,44.583,80.5555
10090101902501E,68,2025,164,1002,164,58.819,83.6805
10090101902502E,63,2020,71,387,71,19169,23458
10090101902502E,64,2021,30,234,81,16531.54,24007.5
10090101902502E,65,2022,55,223,55,45.0764,71.9412
10090101902502E,66,2023,59,208,59,57.708,78.611
10090101902502E,67,2024,62,240,62,54.9305,79.0275
10090101902502E,68,2025,23,0,0,0,0
10090101902503A,66,2023,79,2390,79,71.7665,85.3749
10090101902503A,67,2024,68,1076,68,70.2832,80.0831
10090101902503A,68,2025,77,13,0,0,0
10090101902503B,67,2024,31,329,31,64.1666,70.0833
10090101902503B,68,2025,29,8,0,0,0
10090101902601A,65,2022,48,937,48,49.5432,65.2
10090101902601A,66,2023,52,502,52,54.1055,67.5385
10090101902601A,67,2024,32,699,32,56.8039,68.179
10090101902601A,68,2025,36,581,36,59.7375,66.1832
10090101902601B,68,2025,40,356,40,53.6916,63.9124
10090101902801A,63,2020,22,245,22,20688,24379.5
10090101902801A,64,2021,20,763,21,21849.84,23300.64
10090101902801A,65,2022,40,1101,40,62.4818,74.5058
10090101902801A,66,2023,44,689,44,64.9026,78.0957
10090101902801A,67,2024,45,736,45,61.1278,75.393
10090101902801A,68,2025,52,319,52,54.7125,77.2776
10090101903301A,63,2020,19,37,16,17148,24188.2
10090101903301A,64,2021,15,53,15,16790.1,21201.7
10090101903301A,65,2022,30,583,30,53.0529,63.275
10090101903301A,66,2023,21,81,21,55.1598,73.6116
10090101903301A,67,2024,20,136,20,54.93,67.7348
10090101903301A,68,2025,17,63,17,54.5764,67.8298
10090102210301A,63,2020,20,54,20,13213.8,17179
10090102210301A,64,2021,5,188,7,16140.1,16677
10090102210301A,65,2022,43,221,43,20.6117,43.5098
10090102210301A,66,2023,32,242,32,49.527,59.944
10090102210301A,67,2024,31,79,28,21,47.0388
10090102210301A,68,2025,35,1,0,0,0
10090102210401A,63,2020,15,71,15,12331,16246.5
10090102210401A,64,2021,25,382,28,15316.64,17025.6
10090102210401A,65,2022,57,417,57,31.0353,46.0019
10090102210401A,66,2023,71,540,71,49.1525,57.2495
10090102210401A,67,2024,45,292,45,42.361,63.9305
10090102210401A,68,2025,63,475,63,49.1943,58.9165
10090102210501A,63,2020,15,82,15,14178,16603.4
10090102210501A,64,2021,10,363,13,16016.84,16928.8
10090102210501A,65,2022,57,1340,57,40.6794,49.1265
10090102210501A,66,2023,59,854,59,53.6886,62.5548
10090102210501A,67,2024,46,381,47,46.0218,55.8552
10090102210501A,68,2025,46,5,0,0,0
10090102210701A,63,2020,20,70,20,12126.5,17127.5
10090102210701A,64,2021,10,846,16,15924.4,17103.2
10090102210701A,65,2022,40,636,40,38.2882,45.0706
10090102210701A,66,2023,45,506,45,51.5831,60.0326
10090102210701A,67,2024,59,267,59,39.7497,54.2911
10090102210701A,68,2025,18,682,18,53.5076,62.3083
10090102212701A,63,2020,25,145,25,12048.5,16235
10090102212701A,64,2021,7,75,9,13737.84,17589.04
10090102212701A,65,2022,53,104,29,11.3176,35.863
10090102212701A,66,2023,58,107,38,15.8332,56.5884
10090102212701A,67,2024,57,230,57,35.7358,50.6272
10090102212701A,68,2025,52,270,52,44.2247,54.4333
10090102212801A,63,2020,10,73,10,13155,14376.2
10090102212801A,64,2021,3,67,5,13278.54,15150.74
10090102212801A,65,2022,34,136,34,22.2167,41.605
10090102212801A,66,2023,33,124,30,43.6245,52.583
10090102212801A,67,2024,41,121,36,32.736,53.555
10090102212801A,68,2025,34,6,2,50.4995,52.208
10090102213301A,63,2020,14,63,14,13308.1,15019.5
10090102213301A,64,2021,7,101,10,14126.9,15307.74
10090102213301A,65,2022,43,176,33,9.1127,44.0667
10090102213301A,66,2023,33,295,33,48.2216,68.066
10090102213301A,67,2024,25,487,25,58.2666,65.7996
10090102213301A,68,2025,21,166,21,58.5104,65.3772
10090102220201A,63,2020,6,83,6,14749.5,16812
10090102220201A,64,2021,5,322,6,16815.04,18673.74
10090102220201A,65,2022,13,238,13,43.8147,51.8991
10090102220201A,66,2023,9,840,9,71.1577,80.6828
10090102220201A,67,2024,26,160,25,50.869,60.272
10090102220201A,68,2025,20,66,1,67.9078,67.9078
10090102700801A,63,2020,15,54,15,18317.1,20281.5
10090102700801A,64,2021,7,309,8,19790,20219.6
10090102700801A,65,2022,39,270,39,40.8079,54.5
10090102700801A,66,2023,28,462,28,65.975,74.1138
10090102700801A,67,2024,24,160,24,62.2944,71.4776
10090102700801A,68,2025,26,228,26,68.425,73.7054
10090102701001A,63,2020,18,36,18,15360,19111
10090102701001A,64,2021,5,96,6,17608.2,19813
10090102701001A,65,2022,31,141,31,32.2833,39.2833
10090102701001A,66,2023,27,57,27,38.05,56.12
10090102701001A,67,2024,27,144,27,46.9,53.8611
10090102701001A,68,2025,18,0,0,0,0
10090102701301A,63,2020,15,23,15,10419,18228.5
10090102701301A,64,2021,2,245,2,19476.4,19807.44
10090102701301A,65,2022,30,117,30,37.0539,53.8073
10090102701301A,66,2023,25,243,25,57.055,66.125
10090102701301A,67,2024,22,220,22,59.0433,67.4977
10090102701301A,68,2025,16,1,0,0,0
10090102701801A,63,2020,22,69,22,13805,18020
10090102701801A,64,2021,7,79,7,17302.4,19449.5
10090102701801A,65,2022,29,44,19,22.1338,42.65
10090102701801A,66,2023,25,33,15,39.0916,53.8166
10090102701801A,67,2024,25,25,8,42.05,56.8083
10090102701801A,68,2025,21,0,0,0,0
10090102703801A,66,2023,30,318,30,66,71.3388
10090102703801A,67,2024,30,236,30,65.1166,73.4026
10090102703801A,68,2025,30,33,18,41.8222,63.6054
10090103702701A,63,2020,17,32,14,16241.6,20522.8
10090103702701A,64,2021,20,16,5,18128.3,21710
10090103702701A,65,2022,41,367,41,46.1363,57.5127
10090103702701A,66,2023,40,677,40,63.0944,74.911
10090103702701A,67,2024,60,412,60,57.7776,68.6944
10090103702701A,68,2025,60,448,61,61.2444,74.9222
10090103901001A,63,2020,41,235,41,16711.5,20061
10090103901001A,64,2021,25,58,2,20283,20283
10090103901001A,65,2022,45,576,45,56.0863,65.0343
10090103901001A,66,2023,50,738,50,62.344,68.3385
10090103901001A,67,2024,38,565,38,62.0415,74.6055
10090103901001A,68,2025,35,605,35,67.247,74.6525
10090103901001B,63,2020,20,62,20,15667.5,19039.8
10090103901001B,64,2021,20,7,3,16091.7,17358.54
10090103901001B,65,2022,37,137,37,50.6833,58.4215
10090103901001B,66,2023,41,143,41,53.625,63.661
10090103901001B,67,2024,41,210,41,56.1805,64.844
10090103901001B,68,2025,31,231,31,59.9915,65.594
10090103901401A,63,2020,60,278,60,17066.5,20717.5
10090103901401A,64,2021,30,414,35,17630.44,20999.6
10090103901401A,65,2022,75,236,33,50.15,68.826
10090103901401A,66,2023,58,1960,58,67.275,78.3108
10090103901401A,67,2024,49,714,50,59.027,75
10090103901401A,68,2025,47,1033,48,62.361,74.722
10090103901401B,63,2020,35,113,35,14420,19969.5
10090103901401B,64,2021,20,97,25,14177.04,16724.44
10090103901401B,65,2022,44,26,0,0,0
10090103901401B,66,2023,44,192,44,56.0277,69.3635
10090103901401B,67,2024,44,179,45,50.694,63.75
10090103901401B,68,2025,25,755,26,58.75,62.916
10090103903001A,66,2023,78,6,2,36.95,41.6332
10090103903001A,67,2024,87,536,87,40.5625,49.8373
10090103903001A,68,2025,80,0,0,0,0
10090103903001B,67,2024,40,69,40,28.0499,40.9497
10090103903001B,68,2025,40,48,28,24.5125,50.1675
10090103903201A,63,2020,14,240,14,18964.5,23430
10090103903201A,64,2021,15,81,4,19468.74,21504.24
10090103903201A,65,2022,42,1216,42,48.228,60.7221
10090103903201A,66,2023,45,1676,45,59.7664,64.8164
10090103903201A,67,2024,57,1067,57,56.4165,64.175
10090103903201A,68,2025,63,1348,63,65.1248,76.3998
10090103903201B,63,2020,20,315,20,16823.1,18415.5
10090103903201B,64,2021,20,15,6,14925.3,17343
10090103903201B,65,2022,92,732,92,43.4162,55.4235
10090103903201B,66,2023,105,828,105,52.0581,63.3581
10090103903201B,67,2024,61,865,61,55.1331,62.4331
10090103903201B,68,2025,60,651,60,54.9832,58.8498
10090103903501A,63,2020,45,408,45,17873,20684.5
10090103903501A,64,2021,30,371,35,17952.5,21603.14
10090103903501A,65,2022,85,1073,85,45.297,55.35
10090103903501A,66,2023,79,1001,79,54.1748,63.8578
10090103903501A,67,2024,78,1146,78,55.7248,65.3664
10090103903501A,68,2025,68,566,68,56.7162,66.9078
10090103903501B,63,2020,20,126,20,16224,19566.4
10090103903501B,64,2021,10,65,11,15485,18675.9
10090103903501B,65,2022,40,281,40,35.9038,46.9137
10090103903501B,66,2023,40,176,40,44.2666,53.1
10090103903501B,67,2024,45,508,45,51.0332,56.6328
10090103903501B,68,2025,40,359,40,53.7916,61.0248
10090105703501A,63,2020,5,56,5,18056.5,18873.5
10090105703501A,64,2021,5,79,9,18213.74,20088.5
10090105703501A,65,2022,30,40,6,43.0299,49.8328
10090105703501A,66,2023,30,440,30,66.8625,74.8373
10090105703501A,67,2024,40,298,40,61.5249,68.6747
10090105703501A,68,2025,25,135,25,63.3746,73.5624
10090105703502A,67,2024,30,1301,30,70.1874,75.8873
10090105703502A,68,2025,11,155,11,59.4694,64.6304
10090109301001P,66,2023,21,24,12,28.6722,46.5274
10090109301401P,64,2021,10,0,0,0,0
10090109301401P,65,2022,49,2,1,44.0362,44.0362
10090109301401P,66,2023,21,21,9,23.5166,59.5221
10090110800101A,66,2023,12,165,12,54.1912,61.5079
10090110800101A,67,2024,25,285,25,58.3,66.8583
10090110800101A,68,2025,5,356,5,65.8248,73.3582
10090110800301A,64,2021,17,296,18,16908.9,21000
10090110800301A,65,2022,15,455,15,51.65,61.5118
10090110800301A,66,2023,10,175,10,59.1077,63.3829
10090110800301A,67,2024,10,237,10,58.0249,66.8
10090110800301A,68,2025,10,236,10,58.6081,64.6665
10090110904001C,63,2020,15,231,15,18701.5,20868.9
10090110904001C,64,2021,5,177,6,18882.54,19987
10090110904001C,65,2022,45,363,45,41.5241,69.7441
10090110904001C,66,2023,40,225,40,48.6,68.2802
10090110904001C,67,2024,50,572,50,51.0414,63.675
10090110904001C,68,2025,45,594,45,57.1888,64.2664
10090130900101C,63,2020,8,126,8,21633.1,23506
10090130900101C,64,2021,15,224,16,19677.5,23044.1
10090130900101C,65,2022,52,438,52,48.9765,62.6363
10090130900101C,66,2023,44,534,44,60.572,68.8635
10090130900101C,67,2024,47,499,47,61.7135,69.5885
10090130900101C,68,2025,30,381,30,66.336,71.9415
10090130900801C,63,2020,17,131,17,19784.5,21863.5
10090130900801C,64,2021,12,246,15,20278.5,22836.54
10090130900801C,65,2022,32,455,32,52.6525,69.371
10090130900801C,66,2023,34,499,34,64.5,76.586
10090130900801C,67,2024,32,451,32,65.1805,74.8635
10090130900801C,68,2025,30,357,30,67.019,81.0885
10090130901601C,64,2021,5,922,5,23289.5,24658.5
10090130901601C,65,2022,32,1181,32,57.428,68.4573
10090130901601C,66,2023,38,1615,38,69.6415,78.0305
10090130901601C,67,2024,39,1411,39,70.4055,82.5775
10090130901601C,68,2025,38,787,38,71.325,79.744
10090149611101A,63,2020,50,200,50,16091.7,20676
10090149611101A,64,2021,50,1471,67,17945.04,19542.9
10090149611101A,65,2022,106,1495,106,39.3775,54.2083
10090149611101A,66,2023,110,2687,110,59.1915,69.9775
10090149611101A,67,2024,110,895,110,50.6275,60.0055
10090149611101A,68,2025,124,2,0,0,0
10090149611101B,63,2020,75,119,59,10845,18943.5
10090149611101B,64,2021,60,575,69,14511.6,17856.84
10090149611101B,65,2022,120,565,120,31.7579,45.5941
10090149611101B,66,2023,120,729,120,44.622,62.658
10090149611101B,67,2024,120,521,120,43.7775,54.4165
10090149611101B,68,2025,120,0,0,0,0
10090149611101E,63,2020,50,67,25,12634.5,17412
10090149611101E,64,2021,38,283,46,14406,19557
10090149611101E,65,2022,67,536,67,35.7236,52.7
10090149611101E,66,2023,74,346,74,45.683,74.6996
10090149611101E,67,2024,70,649,70,52.883,76.6996
10090149611101E,68,2025,80,312,80,48.4,62.7496
10090166620101A,63,2020,40,235,40,18836.5,21331.8
10090166620101A,64,2021,25,165,26,18922,22912.6
10090166620101A,65,2022,61,131,36,50.0015,62.1647
10090166620101A,66,2023,53,598,53,55.7333,68.5249
10090166620101A,67,2024,43,1195,43,57.6914,65.9914
10090166620101A,68,2025,32,858,32,62.2248,70.0498
10090168610501A,63,2020,62,492,62,18745.5,20641.5
10090168610501A,64,2021,32,1396,39,19176,20802.3
10090168610501A,65,2022,54,2112,54,46.9324,56.3725
10090168610501A,66,2023,63,3157,63,59.2166,65.975
10090168610501A,67,2024,47,2477,47,60.2915,66.375
10090168610501A,68,2025,45,29,0,0,0
10090168610501B,63,2020,37,198,37,17488.5,18775.5
10090168610501B,64,2021,16,401,22,18190.5,18879.9
10090168610501B,65,2022,32,632,32,42.0912,49.1007
10090168610501B,66,2023,38,688,38,53.7832,58.6164
10090168610501B,67,2024,31,1064,31,57.025,60.0082
10090168610501B,68,2025,44,7,0,0,0
10090168610801A,63,2020,50,395,50,16923,19558.5
10090168610801A,64,2021,45,1175,55,17778.3,21256.5
10090168610801A,65,2022,52,1698,52,46.65,57.2833
10090168610801A,66,2023,57,1987,57,62.7385,74.422
10090168610801A,67,2024,45,2126,45,63.086,76.386
10090168610801A,68,2025,46,441,46,57.8165,67.9081
10090168610801B,63,2020,40,79,40,10992,18262.2
10090168610801B,64,2021,10,485,11,16805.4,17321.64
10090168610801B,65,2022,28,439,28,39.1803,51.7283
10090168610801B,66,2023,41,134,41,43,51.8386
10090168610801B,67,2024,36,294,36,48.0748,55.0581
10090168610801B,68,2025,41,252,41,51.4581,58.2499
10090168610802A,63,2020,40,181,40,15334.5,18450
10090168610802A,64,2021,20,540,26,16846.8,17757.6
10090168610802A,65,2022,60,840,60,41.2922,53.9137
10090168610802A,66,2023,63,1037,63,56.122,69.9305
10090168610802A,67,2024,48,1226,48,58.8055,68.825
10090168610802A,68,2025,66,781,66,61.5305,69.55
10090168610802B,63,2020,25,73,25,12879,17012
10090168610802B,64,2021,15,207,15,14946.54,16800.9
10090168610802B,65,2022,44,326,44,35.0038,42.0068
10090168610802B,66,2023,44,345,44,46.244,57.5555
10090168610802B,67,2024,41,659,41,52.625,60.297
10090168610802B,68,2025,31,499,31,58.811,67.897
10090168620102A,66,2023,40,260,40,49.7081,63.6359
10090168620102A,67,2024,45,386,45,49.7832,57.7664
10090168620102A,68,2025,30,328,30,53.5916,62.8748
10090168620102B,66,2023,36,31,22,32.8054,47.4166
10090168620102B,67,2024,35,249,35,43.4999,49.5999
10090168620102B,68,2025,20,245,20,50.4915,56.6831
10090169213401C,63,2020,15,26,15,9701.5,16371.5
10090169213401C,64,2021,3,42,10,10040.8,17002.3
10090169213401C,65,2022,20,32,12,14.1402,46.1152
10090169213401C,66,2023,50,38,22,32.3333,58.854
10090169213401C,67,2024,50,450,50,51.0415,70.625
10090169213401C,68,2025,58,0,0,0,0
10090169800103C,66,2023,53,58,32,36.4582,69.3498
10090169800103C,67,2024,45,70,37,38.7416,74.3499
10090169800103C,68,2025,41,88,41,42.4083,64.4665
10090170620101E,63,2020,30,71,30,16768.5,20838.5
10090170620101E,64,2021,40,49,11,11515.5,21373.64
10090170620101E,65,2022,110,184,98,33.4793,59.9579
10090170620101E,66,2023,90,365,91,53.75,87.5
10090170620101E,67,2024,106,327,109,47.5,78.75
10090170620101E,68,2025,102,576,103,57.5,90
10090170902504E,66,2023,55,448,55,65,97.5
10090170902504E,67,2024,50,250,54,66.25,88.75
10090170902504E,68,2025,68,306,72,70,93.75
10090204112001A,67,2024,20,362,20,45.2464,52.7264
10090204112001A,68,2025,25,1,0,0,0
10090204112701A,67,2024,43,179,43,24.2375,31.55
10090204112701A,68,2025,35,0,0,0,0
10090204702801A,67,2024,45,241,45,41.5831,56.1248
10090204702801A,68,2025,50,363,50,46.7915,55.9166
10090204702803A,67,2024,8,223,8,57.3581,61.2165
10090204702803A,68,2025,9,210,9,58.4164,64.6248
10090206111701A,67,2024,60,974,60,49.7448,56.135
10090206111701A,68,2025,80,675,80,49.3,59.3698
10090209300501A,67,2024,15,144,15,39.5165,48.5274
10090209300501A,68,2025,15,231,15,43.211,53.9943
10090209300601A,67,2024,12,189,12,36.4052,40.1554
10090209300601A,68,2025,19,172,19,40.1888,47.0332
10090209300701A,67,2024,26,289,26,35.3274,38.9442
10090209300701A,68,2025,17,267,17,39.1164,44.2498
10090209300901A,67,2024,36,34,5,42.7498,53.1776
10090209300901A,68,2025,37,0,0,0,0
10090209301601A,67,2024,34,256,34,32.6887,39.3387
10090209301601A,68,2025,26,285,26,37.5443,41.9331
10090209302101A,67,2024,21,78,17,26.7609,44.0444
10090209302101A,68,2025,31,297,31,37.672,45.1943
10090209302401C,67,2024,43,78,42,19.0944,36.4553
10090209302401C,68,2025,43,86,32,25.1444,39.2164
10090209302801A,67,2024,26,130,26,29.6998,37.4443
10090209302801A,68,2025,23,112,23,32.3386,40.9332
10090209303501A,67,2024,18,161,18,33.2499,40.15
10090209303501A,68,2025,21,0,0,0,0
10090212130101A,67,2024,51,2134,51,52.4133,58.1054
10090212130101A,68,2025,11,996,11,60.6236,64.1924
10090247500401A,67,2024,59,63,21,31.388,53.611
10090247500401A,68,2025,55,142,43,29.166,59.722
10090247904201A,67,2024,62,117,44,27.2,49.25
10090247904201A,68,2025,56,232,56,40.3,54.1
10090266211901A,67,2024,50,55,18,23.8666,33.5988
10090266211901A,68,2025,53,89,30,32.3828,55.1494
10090267110101A,67,2024,52,1723,52,56.8444,62.4026
10090267110101A,68,2025,44,1173,44,57.6164,61.9526
10090267110901A,67,2024,20,509,20,58.4381,64.2649
10090267110901A,68,2025,13,306,13,59.2048,61.6581
10090267112501A,67,2024,45,671,45,57.5302,63.3732
10090267112501A,68,2025,50,509,50,57.6676,64.557
10090271211001A,67,2024,46,142,45,37.3772,51.822
10090271211001A,68,2025,55,1,0,0,0
10090271211201A,67,2024,65,57,30,23.055,61.388
10090271211201A,68,2025,55,393,55,47.5,58.611
10090271213601A,67,2024,63,29,5,33.277,50.2355
10090271213601A,68,2025,65,209,65,40.972,60.277
