program_id,university_slug,university_id,faculty_id,campus_id,campus_name_th,campus_name_en,program_name_th,program_name_en,program_type_id,program_type_name_th,field_id,field_name_th,field_name_en,cost,graduate_rate
10010121300001A,chulalongkorn,001,21,01,วิทยาเขตหลัก,Main Campus,หลักสูตรวิศวกรรมศาสตรบัณฑิต สาขาวิชาวิศวกรรมศาสตร์,Bachelor of Engineering Program,A,ภาษาไทย ปกติ,00,วิศวกรรมทั่วไป,General Engineering,"ภาคการศึกษาต้นและภาคการศึกษาปลาย ภาคการศึกษาละ 25,500 บาท ภาคฤดูร้อน(ถ้ามี) ภาคการศึกษาละ 6,375 บาท ดูรายละเอียดเพิ่มเติม https://www.reg.chula.ac.th/th/information/fee/",ร้อยละ 86.8 ต่อปีการศึกษา
10010121300501A,chulalongkorn,001,21,01,วิทยาเขตหลัก,Main Campus,หลักสูตรวิศวกรรมศาสตรบัณฑิต สาขาวิชาวิศวกรรมคอมพิวเตอร์,Bachelor of Engineering Program in Computer Engineering,A,ภาษาไทย ปกติ,05,วิศวกรรมคอมพิวเตอร์,Computer Engineering,"ภาคการศึกษาต้นและภาคการศึกษาปลาย ภาคการศึกษาละ 25,500 บาท ภาคฤดูร้อน(ถ้ามี) ภาคการศึกษาละ 6,375 บาท ดูรายละเอียดเพิ่มเติม https://www.reg.chula.ac.th/th/information/fee/",ร้อยละ 86.8 ต่อปีการศึกษา
10010121300599A,chulalongkorn,001,21,01,วิทยาเขตหลัก,Main Campus,หลักสูตรวิศวกรรมศาสตรบัณฑิต สาขาวิชาวิศวกรรมคอมพิวเตอร์และเทคโนโลยีดิจิทัล,Bachelor of Engineering Program in Computer Engineering and Digital Technology,A,ภาษาไทย ปกติ,05,วิศวกรรมคอมพิวเตอร์,Computer Engineering,"ภาคการศึกษาต้นและภาคการศึกษาปลาย ภาคการศึกษาละ 25,500 บาท ภาคฤดูร้อน(ถ้ามี) ภาคการศึกษาละ 6,375 บาท ดูรายละเอียดเพิ่มเติม https://www.reg.chula.ac.th/th/information/fee/",ร้อยละ 86.8 ต่อปีการศึกษา
10010121300601A,chulalongkorn,001,21,01,วิทยาเขตหลัก,Main Campus,หลักสูตรวิศวกรรมศาสตรบัณฑิต สาขาวิชาวิศวกรรมเคมี,Bachelor of Engineering Program in Chemical Engineering,A,ภาษาไทย ปกติ,06,วิศวกรรมเคมี,Chemical Engineering,"ภาคการศึกษาต้นและภาคการศึกษาปลาย ภาคการศึกษาละ 25,500 บาท ภาคฤดูร้อน(ถ้ามี) ภาคการศึกษาละ 6,375 บาท ดูรายละเอียดเพิ่มเติม https://www.reg.chula.ac.th/th/information/fee/",ร้อยละ 86.8 ต่อปีการศึกษา
10010121300601E,chulalongkorn,001,21,01,วิทยาเขตหลัก,Main Campus,หลักสูตรวิศวกรรมศาสตรบัณฑิต สาขาวิชาวิศวกรรมเคมีและกระบวนการ (หลักสูตรนานาชาติ),Bachelor of Engineering Program in Chemical and Process Engineering (International Program),E,นานาชาติ,06,วิศวกรรมเคมี,Chemical Engineering,ดูรายละเอียดเพิ่มเติม https://www.chula.ac.th/academics/admissions/tuition-and-fees/,0
10010121301101A,chulalongkorn,001,21,01,วิทยาเขตหลัก,Main Campus,หลักสูตรวิศวกรรมศาสตรบัณฑิต สาขาวิชาวิศวกรรมนิวเคลียร์และรังสี,Bachelor of Engineering Program in Nuclear and Radiological Engineering,A,ภาษาไทย ปกติ,11,วิศวกรรมนิวเคลียร์,Nuclear Engineering,"ภาคการศึกษาต้นและภาคการศึกษาปลาย ภาคการศึกษาละ 25,500 บาท ภาคฤดูร้อน(ถ้ามี) ภาคการศึกษาละ 6,375 บาท ดูรายละเอียดเพิ่มเติม https://www.reg.chula.ac.th/th/information/fee/",ร้อยละ 86.8 ต่อปีการศึกษา
10010121301601A,chulalongkorn,001,21,01,วิทยาเขตหลัก,Main Campus,หลักสูตรวิศวกรรมศาสตรบัณฑิต สาขาวิชาวิศวกรรมไฟฟ้า,Bachelor of Engineering Program in Electrical Engineering,A,ภาษาไทย ปกติ,16,วิศวกรรมไฟฟ้า,Electrical Engineering,"ภาคการศึกษาต้นและภาคการศึกษาปลาย ภาคการศึกษาละ 25,500 บาท ภาคฤดูร้อน(ถ้ามี) ภาคการศึกษาละ 6,375 บาท ดูรายละเอียดเพิ่มเติม https://www.reg.chula.ac.th/th/information/fee/",ร้อยละ 86.8 ต่อปีการศึกษา
10010121301801E,chulalongkorn,001,21,01,วิทยาเขตหลัก,Main Campus,หลักสูตรวิศวกรรมศาสตรบัณฑิต สาขาวิชาวิศวกรรมสารสนเทศและการสื่อสาร (หลักสูตรนานาชาติ),Bachelor of Engineering Program in Information and Communication Engineering (International Program),E,นานาชาติ,18,วิศวกรรมไฟฟ้าสื่อสาร วิศวกรรมโทรคมนาคม,Electrical Communication Engineering/Electronic Engineering,ดูรายละเอียดเพิ่มเติม https://www.chula.ac.th/academics/admissions/tuition-and-fees/,ร้อยละ 86.8 ต่อปีการศึกษา
10010121302001A,chulalongkorn,001,21,01,วิทยาเขตหลัก,Main Campus,หลักสูตรวิศวกรรมศาสตรบัณฑิต สาขาวิชาวิศวกรรมยานยนต์,Bachelor of Engineering Program in Automotive Engineering,A,ภาษาไทย ปกติ,20,วิศวกรรมยานยนต์,Automotive Engineering,"ภาคการศึกษาต้นและภาคการศึกษาปลาย ภาคการศึกษาละ 25,500 บาท ภาคฤดูร้อน(ถ้ามี) ภาคการศึกษาละ 6,375 บาท ดูรายละเอียดเพิ่มเติม https://www.reg.chula.ac.th/th/information/fee/",ร้อยละ 86.8 ต่อปีการศึกษา
10010121302002E,chulalongkorn,001,21,01,วิทยาเขตหลัก,Main Campus,หลักสูตรวิศวกรรมศาสตรบัณฑิต สาขาวิชาวิศวกรรมการออกแบบและการผลิตยานยนต์ (หลักสูตรนานาชาติ),Bachelor of Engineering Program in Automotive Design and Manufacturing Engineering (International Program),E,นานาชาติ,20,วิศวกรรมยานยนต์,Automotive Engineering,ดูรายละเอียดเพิ่มเติม https://www.chula.ac.th/academics/admissions/tuition-and-fees/,ร้อยละ 86.8 ต่อปีการศึกษา
10010121302101A,chulalongkorn,001,21,01,วิทยาเขตหลัก,Main Campus,หลักสูตรวิศวกรรมศาสตรบัณฑิต สาขาวิชาวิศวกรรมโยธา,Bachelor of Engineering Program in Civil Engineering,A,ภาษาไทย ปกติ,21,วิศวกรรมโยธา,Civil Engineering,"ภาคการศึกษาต้นและภาคการศึกษาปลาย ภาคการศึกษาละ 25,500 บาท ภาคฤดูร้อน(ถ้ามี) ภาคการศึกษาละ 6,375 บาท ดูรายละเอียดเพิ่มเติม https://www.reg.chula.ac.th/th/information/fee/",ร้อยละ 86.8 ต่อปีการศึกษา
10010121302501A,chulalongkorn,001,21,01,วิทยาเขตหลัก,Main Campus,หลักสูตรวิศวกรรมศาสตรบัณฑิต สาขาวิชาวิศวกรรมโลหการและวัสดุ,Bachelor of Engineering Program in Metallurgical and Materials Engineering,A,ภาษาไทย ปกติ,25,วิศวกรรมวัสดุ,Materials Engineering,"ภาคการศึกษาต้นและภาคการศึกษาปลาย ภาคการศึกษาละ 25,500 บาท ภาคฤดูร้อน(ถ้ามี) ภาคการศึกษาละ 6,375 บาท ดูรายละเอียดเพิ่มเติม https://www.reg.chula.ac.th/th/information/fee/",ร้อยละ 86.8 ต่อปีการศึกษา
10010121302502E,chulalongkorn,001,21,01,วิทยาเขตหลัก,Main Campus,หลักสูตรวิศวกรรมศาสตรบัณฑิต สาขาวิชาวิศวกรรมนาโน (หลักสูตรนานาชาติ),Bachelor of Engineering Program in Nano-Engineering (International Program),E,นานาชาติ,25,วิศวกรรมวัสดุ,Materials Engineering,ดูรายละเอียดเพิ่มเติม https://www.chula.ac.th/academics/admissions/tuition-and-fees/,ร้อยละ 86.8 ต่อปีการศึกษา
10010121302701A,chulalongkorn,001,21,01,วิทยาเขตหลัก,Main Campus,หลักสูตรวิศวกรรมศาสตรบัณฑิต สาขาวิชาวิศวกรรมสำรวจ,Bachelor of Engineering Program in Survey Engineering,A,ภาษาไทย ปกติ,27,วิศวกรรมสำรวจ,Survey Engineering,"ภาคการศึกษาต้นและภาคการศึกษาปลาย ภาคการศึกษาละ 25,500 บาท ภาคฤดูร้อน(ถ้ามี) ภาคการศึกษาละ 6,375 บาท ดูรายละเอียดเพิ่มเติม https://www.reg.chula.ac.th/th/information/fee/",ร้อยละ 86.8 ต่อปีการศึกษา
10010121302801A,chulalongkorn,001,21,01,วิทยาเขตหลัก,Main Campus,หลักสูตรวิศวกรรมศาสตรบัณฑิต สาขาวิชาวิศวกรรมสิ่งแวดล้อม,Bachelor of Engineering Program in Environmental Engineering,A,ภาษาไทย ปกติ,28,วิศวกรรมสิ่งแวดล้อม,Environmental Engineering,"ภาคการศึกษาต้นและภาคการศึกษาปลาย ภาคการศึกษาละ 25,500 บาท ภาคฤดูร้อน(ถ้ามี) ภาคการศึกษาละ 6,375 บาท ดูรายละเอียดเพิ่มเติม https://www.reg.chula.ac.th/th/information/fee/",ร้อยละ 86.8 ต่อปีการศึกษา
10010121302901E,chulalongkorn,001,21,01,วิทยาเขตหลัก,Main Campus,หลักสูตรวิศวกรรมศาสตรบัณฑิต สาขาวิชาวิศวกรรมหุ่นยนต์และปัญญาประดิษฐ์ (หลักสูตรนานาชาติ),Bachelor of Engineering Program in Robotics and Artificial Intelligence Engineering (International Program),E,นานาชาติ,29,วิศวกรรมหุ่นยนต์,Robotics Engineering,ดูรายละเอียดเพิ่มเติม https://www.chula.ac.th/academics/admissions/tuition-and-fees/,ร้อยละ 86.8 ต่อปีการศึกษา
10010121303001A,chulalongkorn,001,21,01,วิทยาเขตหลัก,Main Campus,หลักสูตรวิศวกรรมศาสตรบัณฑิต สาขาวิชาวิศวกรรมทรัพยากรธรณี,Bachelor of Engineering Program in Georesources Engineering,A,ภาษาไทย ปกติ,30,วิศวกรรมเหมืองแร่,Mining Engineering,"ภาคการศึกษาต้นและภาคการศึกษาปลาย ภาคการศึกษาละ 25,500 บาท ภาคฤดูร้อน(ถ้ามี) ภาคการศึกษาละ 6,375 บาท ดูรายละเอียดเพิ่มเติม https://www.reg.chula.ac.th/th/information/fee/",ร้อยละ 86.8 ต่อปีการศึกษา
10010121303201E,chulalongkorn,001,21,01,วิทยาเขตหลัก,Main Campus,หลักสูตรวิศวกรรมศาสตรบัณฑิต สาขาวิชาวิศวกรรมอากาศยาน (หลักสูตรนานาชาติ),Bachelor of Engineering Program in Aerospace Engineering (International Program),E,นานาชาติ,32,วิศวกรรมอากาศยาน,Aeronautical Engineering,ดูรายละเอียดเพิ่มเติม https://www.chula.ac.th/academics/admissions/tuition-and-fees/,ร้อยละ 86.8 ต่อปีการศึกษา
10010121303401E,chulalongkorn,001,21,01,วิทยาเขตหลัก,Main Campus,หลักสูตรวิศวกรรมศาสตรบัณฑิต สาขาวิชาวิศวกรรมเซมิคอนดักเตอร์ (หลักสูตรนานาชาติ),Bachelor of Engineering Program in Semiconductor Engineering (International Program),E,นานาชาติ,34,วิศวกรรมอิเล็กทรอนิกส์,Electronics Engineering,ดูรายละเอียดเพิ่มเติมhttps://www.arts.chula.ac.th/balac/index.php/admission/tuition-fees/,0
10010121303501A,chulalongkorn,001,21,01,วิทยาเขตหลัก,Main Campus,หลักสูตรวิศวกรรมศาสตรบัณฑิต สาขาวิชาวิศวกรรมอุตสาหการ,Bachelor of Engineering Program in Industrial Engineering,A,ภาษาไทย ปกติ,35,วิศวกรรมอุตสาหการ,Industrial Engineering,"ภาคการศึกษาต้นและภาคการศึกษาปลาย ภาคการศึกษาละ 25,500 บาท ภาคฤดูร้อน(ถ้ามี) ภาคการศึกษาละ 6,375 บาท ดูรายละเอียดเพิ่มเติม https://www.reg.chula.ac.th/th/information/fee/",ร้อยละ 86.8 ต่อปีการศึกษา
10010122904301A,chulalongkorn,001,22,01,วิทยาเขตหลัก,Main Campus,หลักสูตรอักษรศาสตรบัณฑิต,Bachelor of Arts,A,ภาษาไทย ปกติ,43,อักษรศาสตร์,Arts,"ภาคการศึกษาต้นและภาคการศึกษาปลาย ภาคการศึกษาละ 21,000 บาท ภาคฤดูร้อน(ถ้ามี) ภาคการศึกษาละ 5,250 บาท ดูรายละเอียดเพิ่มเติม https://www.reg.chula.ac.th/th/information/fee/",ร้อยละ 82.42 ต่อปีการศึกษา
10010122904301A,chulalongkorn,001,22,01,วิทยาเขตหลัก,Main Campus,หลักสูตรอักษรศาสตรบัณฑิต,Bachelor of Arts,A,ภาษาไทย ปกติ,43,อักษรศาสตร์,Arts,"ภาคการศึกษาต้นและภาคการศึกษาปลาย ภาคการศึกษาละ 21,000 บาท ภาคฤดูร้อน(ถ้ามี) ภาคการศึกษาละ 5,250 บาท ดูรายละเอียดเพิ่มเติม https://www.reg.chula.ac.th/th/information/fee/",ร้อยละ 82.42 ต่อปีการศึกษา
10010122904301A,chulalongkorn,001,22,01,วิทยาเขตหลัก,Main Campus,หลักสูตรอักษรศาสตรบัณฑิต,Bachelor of Arts,A,ภาษาไทย ปกติ,43,อักษรศาสตร์,Arts,"ภาคการศึกษาต้นและภาคการศึกษาปลาย ภาคการศึกษาละ 21,000 บาท ภาคฤดูร้อน(ถ้ามี) ภาคการศึกษาละ 5,250 บาท ดูรายละเอียดเพิ่มเติม https://www.reg.chula.ac.th/th/information/fee/",ร้อยละ 82.42 ต่อปีการศึกษา
10010122904301A,chulalongkorn,001,22,01,วิทยาเขตหลัก,Main Campus,หลักสูตรอักษรศาสตรบัณฑิต,Bachelor of Arts,A,ภาษาไทย ปกติ,43,อักษรศาสตร์,Arts,"ภาคการศึกษาต้นและภาคการศึกษาปลาย ภาคการศึกษาละ 21,000 บาท ภาคฤดูร้อน(ถ้ามี) ภาคการศึกษาละ 5,250 บาท ดูรายละเอียดเพิ่มเติม https://www.reg.chula.ac.th/th/information/fee/",ร้อยละ 82.42 ต่อปีการศึกษา
10010122904301A,chulalongkorn,001,22,01,วิทยาเขตหลัก,Main Campus,หลักสูตรอักษรศาสตรบัณฑิต,Bachelor of Arts,A,ภาษาไทย ปกติ,43,อักษรศาสตร์,Arts,"ภาคการศึกษาต้นและภาคการศึกษาปลาย ภาคการศึกษาละ 21,000 บาท ภาคฤดูร้อน(ถ้ามี) ภาคการศึกษาละ 5,250 บาท ดูรายละเอียดเพิ่มเติม https://www.reg.chula.ac.th/th/information/fee/",ร้อยละ 82.42 ต่อปีการศึกษา
10010122904301A,chulalongkorn,001,22,01,วิทยาเขตหลัก,Main Campus,หลักสูตรอักษรศาสตรบัณฑิต,Bachelor of Arts,A,ภาษาไทย ปกติ,43,อักษรศาสตร์,Arts,"ภาคการศึกษาต้นและภาคการศึกษาปลาย ภาคการศึกษาละ 21,000 บาท ภาคฤดูร้อน(ถ้ามี) ภาคการศึกษาละ 5,250 บาท ดูรายละเอียดเพิ่มเติม https://www.reg.chula.ac.th/th/information/fee/",ร้อยละ 82.42 ต่อปีการศึกษา
10010122904301A,chulalongkorn,001,22,01,วิทยาเขตหลัก,Main Campus,หลักสูตรอักษรศาสตรบัณฑิต,Bachelor of Arts,A,ภาษาไทย ปกติ,43,อักษรศาสตร์,Arts,"ภาคการศึกษาต้นและภาคการศึกษาปลาย ภาคการศึกษาละ 21,000 บาท ภาคฤดูร้อน(ถ้ามี) ภาคการศึกษาละ 5,250 บาท ดูรายละเอียดเพิ่มเติม https://www.reg.chula.ac.th/th/information/fee/",ร้อยละ 82.42 ต่อปีการศึกษา
10010122904301A,chulalongkorn,001,22,01,วิทยาเขตหลัก,Main Campus,หลักสูตรอักษรศาสตรบัณฑิต,Bachelor of Arts,A,ภาษาไทย ปกติ,43,อักษรศาสตร์,Arts,"ภาคการศึกษาต้นและภาคการศึกษาปลาย ภาคการศึกษาละ 21,000 บาท ภาคฤดูร้อน(ถ้ามี) ภาคการศึกษาละ 5,250 บาท ดูรายละเอียดเพิ่มเติม https://www.reg.chula.ac.th/th/information/fee/",ร้อยละ 82.42 ต่อปีการศึกษา
10010122904301A,chulalongkorn,001,22,01,วิทยาเขตหลัก,Main Campus,หลักสูตรอักษรศาสตรบัณฑิต,Bachelor of Arts,A,ภาษาไทย ปกติ,43,อักษรศาสตร์,Arts,"ภาคการศึกษาต้นและภาคการศึกษาปลาย ภาคการศึกษาละ 21,000 บาท ภาคฤดูร้อน(ถ้ามี) ภาคการศึกษาละ 5,250 บาท ดูรายละเอียดเพิ่มเติม https://www.reg.chula.ac.th/th/information/fee/",ร้อยละ 82.42 ต่อปีการศึกษา
10010122904301A,chulalongkorn,001,22,01,วิทยาเขตหลัก,Main Campus,หลักสูตรอักษรศาสตรบัณฑิต,Bachelor of Arts,A,ภาษาไทย ปกติ,43,อักษรศาสตร์,Arts,"ภาคการศึกษาต้นและภาคการศึกษาปลาย ภาคการศึกษาละ 21,000 บาท ภาคฤดูร้อน(ถ้ามี) ภาคการศึกษาละ 5,250 บาท ดูรายละเอียดเพิ่มเติม https://www.reg.chula.ac.th/th/information/fee/",ร้อยละ 82.42 ต่อปีการศึกษา
10010122904301A,chulalongkorn,001,22,01,วิทยาเขตหลัก,Main Campus,หลักสูตรอักษรศาสตรบัณฑิต,Bachelor of Arts,A,ภาษาไทย ปกติ,43,อักษรศาสตร์,Arts,"ภาคการศึกษาต้นและภาคการศึกษาปลาย ภาคการศึกษาละ 21,000 บาท ภาคฤดูร้อน(ถ้ามี) ภาคการศึกษาละ 5,250 บาท ดูรายละเอียดเพิ่มเติม https://www.reg.chula.ac.th/th/information/fee/",ร้อยละ 82.42 ต่อปีการศึกษา
10010122904301A,chulalongkorn,001,22,01,วิทยาเขตหลัก,Main Campus,หลักสูตรอักษรศาสตรบัณฑิต,Bachelor of Arts,A,ภาษาไทย ปกติ,43,อักษรศาสตร์,Arts,"ภาคการศึกษาต้นและภาคการศึกษาปลาย ภาคการศึกษาละ 21,000 บาท ภาคฤดูร้อน(ถ้ามี) ภาคการศึกษาละ 5,250 บาท ดูรายละเอียดเพิ่มเติม https://www.reg.chula.ac.th/th/information/fee/",ร้อยละ 82.42 ต่อปีการศึกษา
10010122904301A,chulalongkorn,001,22,01,วิทยาเขตหลัก,Main Campus,หลักสูตรอักษรศาสตรบัณฑิต,Bachelor of Arts,A,ภาษาไทย ปกติ,43,อักษรศาสตร์,Arts,"ภาคการศึกษาต้นและภาคการศึกษาปลาย ภาคการศึกษาละ 21,000 บาท ภาคฤดูร้อน(ถ้ามี) ภาคการศึกษาละ 5,250 บาท ดูรายละเอียดเพิ่มเติม https://www.reg.chula.ac.th/th/information/fee/",ร้อยละ 82.42 ต่อปีการศึกษา
10010122904301A,chulalongkorn,001,22,01,วิทยาเขตหลัก,Main Campus,หลักสูตรอักษรศาสตรบัณฑิต,Bachelor of Arts,A,ภาษาไทย ปกติ,43,อักษรศาสตร์,Arts,"ภาคการศึกษาต้นและภาคการศึกษาปลาย ภาคการศึกษาละ 21,000 บาท ภาคฤดูร้อน(ถ้ามี) ภาคการศึกษาละ 5,250 บาท ดูรายละเอียดเพิ่มเติม https://www.reg.chula.ac.th/th/information/fee/",ร้อยละ 82.42 ต่อปีการศึกษา
10010122904301A,chulalongkorn,001,22,01,วิทยาเขตหลัก,Main Campus,หลักสูตรอักษรศาสตรบัณฑิต,Bachelor of Arts,A,ภาษาไทย ปกติ,43,อักษรศาสตร์,Arts,"ภาคการศึกษาต้นและภาคการศึกษาปลาย ภาคการศึกษาละ 21,000 บาท ภาคฤดูร้อน(ถ้ามี) ภาคการศึกษาละ 5,250 บาท ดูรายละเอียดเพิ่มเติม https://www.reg.chula.ac.th/th/information/fee/",ร้อยละ 82.42 ต่อปีการศึกษา
10010122904301A,chulalongkorn,001,22,01,วิทยาเขตหลัก,Main Campus,หลักสูตรอักษรศาสตรบัณฑิต,Bachelor of Arts,A,ภาษาไทย ปกติ,43,อักษรศาสตร์,Arts,"ภาคการศึกษาต้นและภาคการศึกษาปลาย ภาคการศึกษาละ 21,000 บาท ภาคฤดูร้อน(ถ้ามี) ภาคการศึกษาละ 5,250 บาท ดูรายละเอียดเพิ่มเติม https://www.reg.chula.ac.th/th/information/fee/",ร้อยละ 82.42 ต่อปีการศึกษา
10010122904301A,chulalongkorn,001,22,01,วิทยาเขตหลัก,Main Campus,หลักสูตรอักษรศาสตรบัณฑิต,Bachelor of Arts,A,ภาษาไทย ปกติ,43,อักษรศาสตร์,Arts,"ภาคการศึกษาต้นและภาคการศึกษาปลาย ภาคการศึกษาละ 21,000 บาท ภาคฤดูร้อน(ถ้ามี) ภาคการศึกษาละ 5,250 บาท ดูรายละเอียดเพิ่มเติม https://www.reg.chula.ac.th/th/information/fee/",ร้อยละ 82.42 ต่อปีการศึกษา
10010122904301A,chulalongkorn,001,22,01,วิทยาเขตหลัก,Main Campus,หลักสูตรอักษรศาสตรบัณฑิต,Bachelor of Arts,A,ภาษาไทย ปกติ,43,อักษรศาสตร์,Arts,"ภาคการศึกษาต้นและภาคการศึกษาปลาย ภาคการศึกษาละ 21,000 บาท ภาคฤดูร้อน(ถ้ามี) ภาคการศึกษาละ 5,250 บาท ดูรายละเอียดเพิ่มเติม https://www.reg.chula.ac.th/th/information/fee/",ร้อยละ 82.42 ต่อปีการศึกษา
10010122904301A,chulalongkorn,001,22,01,วิทยาเขตหลัก,Main Campus,หลักสูตรอักษรศาสตรบัณฑิต,Bachelor of Arts,A,ภาษาไทย ปกติ,43,อักษรศาสตร์,Arts,"ภาคการศึกษาต้นและภาคการศึกษาปลาย ภาคการศึกษาละ 21,000 บาท ภาคฤดูร้อน(ถ้ามี) ภาคการศึกษาละ 5,250 บาท ดูรายละเอียดเพิ่มเติม https://www.reg.chula.ac.th/th/information/fee/",ร้อยละ 82.42 ต่อปีการศึกษา
10010122904301E,chulalongkorn,001,22,01,วิทยาเขตหลัก,Main Campus,หลักสูตรอักษรศาสตรบัณฑิต สาขาวิชาภาษาและวัฒนธรรม (หลักสูตรนานาชาติ),Bachelor of Arts Program in Language and Culture (International Program),E,นานาชาติ,43,อักษรศาสตร์,Arts,ดูรายละเอียดเพิ่มเติมhttps://www.arts.chula.ac.th/balac/index.php/admission/tuition-fees/,ร้อยละ 82.42 ต่อปีการศึกษา
10010123210301A,chulalongkorn,001,23,01,วิทยาเขตหลัก,Main Campus,หลักสูตรวิทยาศาสตรบัณฑิต สาขาวิชาคณิตศาสตร์,Bachelor of Science Program in Mathematics,A,ภาษาไทย ปกติ,03,คณิตศาสตร์,Mathematics,"ภาคการศึกษาต้นและภาคการศึกษาปลาย ภาคการศึกษาละ 25,500 บาท ภาคฤดูร้อน(ถ้ามี) ภาคการศึกษาละ 6,375 บาท ดูรายละเอียดเพิ่มเติม https://www.reg.chula.ac.th/th/information/fee/",ร้อยละ 69.23ต่อปีการศึกษา
10010123210401A,chulalongkorn,001,23,01,วิทยาเขตหลัก,Main Campus,หลักสูตรวิทยาศาสตรบัณฑิต สาขาวิชาเคมี,Bachelor of Science Program in Chemistry,A,ภาษาไทย ปกติ,04,เคมี,Chemistry,"ภาคการศึกษาต้นและภาคการศึกษาปลาย ภาคการศึกษาละ 25,500 บาท ภาคฤดูร้อน(ถ้ามี) ภาคการศึกษาละ 6,375 บาท ดูรายละเอียดเพิ่มเติม https://www.reg.chula.ac.th/th/information/fee/",ร้อยละ 72.13 ต่อปีการศึกษา
10010123210402A,chulalongkorn,001,23,01,วิทยาเขตหลัก,Main Campus,หลักสูตรวิทยาศาสตรบัณฑิต สาขาวิชาเคมีวิศวกรรม,Bachelor of Science Program in Chemical Engineering,A,ภาษาไทย ปกติ,04,เคมี,Chemistry,"ภาคการศึกษาต้นและภาคการศึกษาปลาย ภาคการศึกษาละ 25,500 บาท ภาคฤดูร้อน(ถ้ามี) ภาคการศึกษาละ 6,375 บาท ดูรายละเอียดเพิ่มเติม https://www.reg.chula.ac.th/th/information/fee/",ร้อยละ 62.92 ต่อปีการศึกษา
10010123210403E,chulalongkorn,001,23,01,วิทยาเขตหลัก,Main Campus,หลักสูตรวิทยาศาสตรบัณฑิต สาขาวิชาเคมีประยุกต์ (หลักสูตรนานาชาติ),Bachelor of Science Program in Applied Chemistry (International Program),E,นานาชาติ,04,เคมี,Chemistry,"ภาคการศึกษาต้นและภาคการศึกษาปลาย ภาคการศึกษาละ 95,500 บาท ภาคฤดูร้อน(ถ้ามี) ภาคการศึกษาละ 46,375 บาท ดูรายละเอียดเพิ่มเติม https://www.reg.chula.ac.th/th/information/fee/",ร้อยละ 63.33 ต่อปีการศึกษา
10010123210403E,chulalongkorn,001,23,01,วิทยาเขตหลัก,Main Campus,หลักสูตรวิทยาศาสตรบัณฑิต สาขาวิชาเคมีประยุกต์ (หลักสูตรนานาชาติ),Bachelor of Science Program in Applied Chemistry (International Program),E,นานาชาติ,04,เคมี,Chemistry,"ภาคการศึกษาต้นและภาคการศึกษาปลาย ภาคการศึกษาละ 95,500 บาท ภาคฤดูร้อน(ถ้ามี) ภาคการศึกษาละ 46,375 บาท ดูรายละเอียดเพิ่มเติม https://www.reg.chula.ac.th/th/information/fee/",ร้อยละ 63.33 ต่อปีการศึกษา
10010123210403E,chulalongkorn,001,23,01,วิทยาเขตหลัก,Main Campus,หลักสูตรวิทยาศาสตรบัณฑิต สาขาวิชาเคมีประยุกต์ (หลักสูตรนานาชาติ),Bachelor of Science Program in Applied Chemistry (International Program),E,นานาชาติ,04,เคมี,Chemistry,"ภาคการศึกษาต้นและภาคการศึกษาปลาย ภาคการศึกษาละ 95,500 บาท ภาคฤดูร้อน(ถ้ามี) ภาคการศึกษาละ 46,375 บาท ดูรายละเอียดเพิ่มเติม https://www.reg.chula.ac.th/th/information/fee/",ร้อยละ 63.33 ต่อปีการศึกษา
10010123210403E,chulalongkorn,001,23,01,วิทยาเขตหลัก,Main Campus,หลักสูตรวิทยาศาสตรบัณฑิต สาขาวิชาเคมีประยุกต์ (หลักสูตรนานาชาติ),Bachelor of Science Program in Applied Chemistry (International Program),E,นานาชาติ,04,เคมี,Chemistry,"ภาคการศึกษาต้นและภาคการศึกษาปลาย ภาคการศึกษาละ 95,500 บาท ภาคฤดูร้อน(ถ้ามี) ภาคการศึกษาละ 46,375 บาท ดูรายละเอียดเพิ่มเติม https://www.reg.chula.ac.th/th/information/fee/",ร้อยละ 63.33 ต่อปีการศึกษา
10010123210403E,chulalongkorn,001,23,01,วิทยาเขตหลัก,Main Campus,หลักสูตรวิทยาศาสตรบัณฑิต สาขาวิชาเคมีประยุกต์ (หลักสูตรนานาชาติ),Bachelor of Science Program in Applied Chemistry (International Program),E,นานาชาติ,04,เคมี,Chemistry,"ภาคการศึกษาต้นและภาคการศึกษาปลาย ภาคการศึกษาละ 95,500 บาท ภาคฤดูร้อน(ถ้ามี) ภาคการศึกษาละ 46,375 บาท ดูรายละเอียดเพิ่มเติม https://www.reg.chula.ac.th/th/information/fee/",ร้อยละ 63.33 ต่อปีการศึกษา
10010123210501A,chulalongkorn,001,23,01,วิทยาเขตหลัก,Main Campus,หลักสูตรวิทยาศาสตรบัณฑิต สาขาวิชาจุลชีววิทยา,Bachelor of Science Program in Microbiology,A,ภาษาไทย ปกติ,05,จุลชีววิทยา,Microbiology,"ภาคการศึกษาต้นและภาคการศึกษาปลาย ภาคการศึกษาละ 25,500 บาท ภาคฤดูร้อน(ถ้ามี) ภาคการศึกษาละ 6,375 บาท ดูรายละเอียดเพิ่มเติม https://www.reg.chula.ac.th/th/information/fee/",ร้อยละ 50.85 ต่อปีการศึกษา
10010123210601A,chulalongkorn,001,23,01,วิทยาเขตหลัก,Main Campus,หลักสูตรวิทยาศาสตรบัณฑิต สาขาวิชาชีวเคมี,Bachelor of Science Program in Biochemistry,A,ภาษาไทย ปกติ,06,ชีวเคมี,Biochemistry,"ภาคการศึกษาต้นและภาคการศึกษาปลาย ภาคการศึกษาละ 25,500 บาท ภาคฤดูร้อน(ถ้ามี) ภาคการศึกษาละ 6,375 บาท ดูรายละเอียดเพิ่มเติม https://www.reg.chula.ac.th/th/information/fee/",ร้อยละ 67.74 ต่อปีการศึกษา
10010123210701A,chulalongkorn,001,23,01,วิทยาเขตหลัก,Main Campus,หลักสูตรวิทยาศาสตรบัณฑิต สาขาวิชาชีววิทยา,Bachelor of Science Program in Biology,A,ภาษาไทย ปกติ,07,ชีววิทยา,Biology,"ภาคการศึกษาต้นและภาคการศึกษาปลาย ภาคการศึกษาละ 25,500 บาท ภาคฤดูร้อน(ถ้ามี) ภาคการศึกษาละ 6,375 บาท ดูรายละเอียดเพิ่มเติม https://www.reg.chula.ac.th/th/information/fee/",ร้อยละ 48 ต่อปีการศึกษา
10010123210901A,chulalongkorn,001,23,01,วิทยาเขตหลัก,Main Campus,หลักสูตรวิทยาศาสตรบัณฑิต สาขาวิชาเทคโนโลยีทางภาพและการพิมพ์,Bachelor of Science Program in Imaging and Printing Technology,A,ภาษาไทย ปกติ,09,เทคโนโลยีการพิมพ์,Printing Technology,"ภาคการศึกษาต้นและภาคการศึกษาปลาย ภาคการศึกษาละ 25,500 บาท ภาคฤดูร้อน(ถ้ามี) ภาคการศึกษาละ 6,375 บาท ดูรายละเอียดเพิ่มเติม https://www.reg.chula.ac.th/th/information/fee/",ร้อยละ 63.33 ต่อปีการศึกษา
10010123211001A,chulalongkorn,001,23,01,วิทยาเขตหลัก,Main Campus,หลักสูตรวิทยาศาสตรบัณฑิต สาขาวิชาเทคโนโลยีทางอาหาร,Bachelor of Science Program in Food Technology,A,ภาษาไทย ปกติ,10,เทคโนโลยีการอาหาร,Food Technology,"ภาคการศึกษาต้นและภาคการศึกษาปลาย ภาคการศึกษาละ 25,500 บาท ภาคฤดูร้อน(ถ้ามี) ภาคการศึกษาละ 6,375 บาท ดูรายละเอียดเพิ่มเติม https://www.reg.chula.ac.th/th/information/fee/",ร้อยละ 71.43 ต่อปีการศึกษา
10010123211201E,chulalongkorn,001,23,01,วิทยาเขตหลัก,Main Campus,หลักสูตรวิทยาศาสตรบัณฑิต สาขาวิชาเทคโนโลยีชีวภาพ (หลักสูตรนานาชาติ),Bachelor of Science Program in Biotechnology (International Program),E,นานาชาติ,12,เทคโนโลยีชีวภาพ,Biotechnology,"ภาคการศึกษาต้นและภาคการศึกษาปลาย ภาคการศึกษาละ 95,500 บาท ภาคฤดูร้อน(ถ้ามี) ภาคการศึกษาละ 46,375 บาท ดูรายละเอียดเพิ่มเติม https://www.reg.chula.ac.th/th/information/fee/ และ http://www.bbtech.sc.chula.ac.th/?page_id=3642",ร้อยละ 99 ต่อปีการศึกษา
10010123212101E,chulalongkorn,001,23,01,วิทยาเขตหลัก,Main Campus,หลักสูตรวิทยาศาสตรบัณฑิต สาขาวิชาวิทยาศาสตร์และเทคโนโลยีอุตสาหการ (หลักสูตรนานาชาติ),Bachelor of Science Program in Industrial Science and Technology,E,นานาชาติ,21,เทคโนโลยีอุตสาหกรรม,Industry Technology,"ภาคการศึกษาต้นและภาคการศึกษาปลาย ภาคการศึกษาละ 95,500 บาท ภาคฤดูร้อน(ถ้ามี) ภาคการศึกษาละ 46,375 บาท ดูรายละเอียดเพิ่มเติม https://www.bistech.sc.chula.ac.th/program/tuition-and-fees/",0
10010123212301A,chulalongkorn,001,23,01,วิทยาเขตหลัก,Main Campus,หลักสูตรวิทยาศาสตรบัณฑิต สาขาวิชาธรณีวิทยา,Bachelor of Science Program in Geology,A,ภาษาไทย ปกติ,23,ธรณีวิทยา,Geology,"ภาคการศึกษาต้นและภาคการศึกษาปลาย ภาคการศึกษาละ 25,500 บาท ภาคฤดูร้อน(ถ้ามี) ภาคการศึกษาละ 6,375 บาท ดูรายละเอียดเพิ่มเติม https://www.reg.chula.ac.th/th/information/fee/",ร้อยละ 69.77 ต่อปีการศึกษา
10010123212501A,chulalongkorn,001,23,01,วิทยาเขตหลัก,Main Campus,หลักสูตรวิทยาศาสตรบัณฑิต สาขาวิชาพฤกษศาสตร์,Bachelor of Science Program in Botany,A,ภาษาไทย ปกติ,25,พฤกษศาสตร์,Botany,"ภาคการศึกษาต้นและภาคการศึกษาปลาย ภาคการศึกษาละ 25,500 บาท ภาคฤดูร้อน(ถ้ามี) ภาคการศึกษาละ 6,375 บาท ดูรายละเอียดเพิ่มเติม https://www.reg.chula.ac.th/th/information/fee/",ร้อยละ 41.46 ต่อปีการศึกษา
10010123212601A,chulalongkorn,001,23,01,วิทยาเขตหลัก,Main Campus,หลักสูตรวิทยาศาสตรบัณฑิต สาขาวิชาพันธุศาสตร์,Bachelor of Science Program in Genetics,A,ภาษาไทย ปกติ,26,พันธุศาสตร์,Genetics,"ภาคการศึกษาต้นและภาคการศึกษาปลาย ภาคการศึกษาละ 25,500 บาท ภาคฤดูร้อน(ถ้ามี) ภาคการศึกษาละ 6,375 บาท ดูรายละเอียดเพิ่มเติม https://www.reg.chula.ac.th/th/information/fee/",ร้อยละ 52.5 ต่อปีการศึกษา
10010123212701A,chulalongkorn,001,23,01,วิทยาเขตหลัก,Main Campus,หลักสูตรวิทยาศาสตรบัณฑิต สาขาวิชาฟิสิกส์,Bachelor of Science Program in Physics,A,ภาษาไทย ปกติ,27,ฟิสิกส์,Physics,"ภาคการศึกษาต้นและภาคการศึกษาปลาย ภาคการศึกษาละ 25,500 บาท ภาคฤดูร้อน(ถ้ามี) ภาคการศึกษาละ 6,375 บาท ดูรายละเอียดเพิ่มเติม https://www.reg.chula.ac.th/th/information/fee/",ร้อยละ 64.15 ต่อปีการศึกษา
10010123212801A,chulalongkorn,001,23,01,วิทยาเขตหลัก,Main Campus,หลักสูตรวิทยาศาสตรบัณฑิต สาขาวิชาวัสดุศาสตร์และเทคโนโลยี,Bachelor of Science Program in Materials Science and Technology,A,ภาษาไทย ปกติ,28,วัสดุศาสตร์,Materials Science,"ภาคการศึกษาต้นและภาคการศึกษาปลาย ภาคการศึกษาละ 25,500 บาท ภาคฤดูร้อน(ถ้ามี) ภาคการศึกษาละ 6,375 บาท ดูรายละเอียดเพิ่มเติม https://www.reg.chula.ac.th/th/information/fee/",ร้อยละ 62.07 ต่อปีการศึกษา
10010123213001A,chulalongkorn,001,23,01,วิทยาเขตหลัก,Main Campus,หลักสูตรวิทยาศาสตรบัณฑิต สาขาวิชาวิทยาศาสตร์ทางทะเล,Bachelor of Science Program in Marine Science,A,ภาษาไทย ปกติ,30,วิทยาศาสตร์ทางทะเล,Marine Science,"ภาคการศึกษาต้นและภาคการศึกษาปลาย ภาคการศึกษาละ 25,500 บาท ภาคฤดูร้อน(ถ้ามี) ภาคการศึกษาละ 6,375 บาท ดูรายละเอียดเพิ่มเติม https://www.reg.chula.ac.th/th/information/fee/",ร้อยละ 58.54 ต่อปีการศึกษา
10010123213101A,chulalongkorn,001,23,01,วิทยาเขตหลัก,Main Campus,หลักสูตรวิทยาศาสตรบัณฑิต สาขาวิชาวิทยาศาสตร์สิ่งแวดล้อม,Bachelor of Science Program in Environmental Science,A,ภาษาไทย ปกติ,31,วิทยาศาสตร์สิ่งแวดล้อม,Environmental Science,"ภาคการศึกษาต้นและภาคการศึกษาปลาย ภาคการศึกษาละ 25,500 บาท ภาคฤดูร้อน(ถ้ามี) ภาคการศึกษาละ 6,375 บาท ดูรายละเอียดเพิ่มเติม https://www.reg.chula.ac.th/th/information/fee/",ร้อยละ 55.93 ต่อปีการศึกษา
10010123213201A,chulalongkorn,001,23,01,วิทยาเขตหลัก,Main Campus,หลักสูตรวิทยาศาสตรบัณฑิต สาขาวิชาสัตววิทยา,Bachelor of Science Program in Zoology,A,ภาษาไทย ปกติ,32,สัตววิทยา,Zoology,"ภาคการศึกษาต้นและภาคการศึกษาปลาย ภาคการศึกษาละ 25,500 บาท ภาคฤดูร้อน(ถ้ามี) ภาคการศึกษาละ 6,375 บาท ดูรายละเอียดเพิ่มเติม https://www.reg.chula.ac.th/th/information/fee/",ร้อยละ 29.41 ต่อปีการศึกษา
10010123213501A,chulalongkorn,001,23,01,วิทยาเขตหลัก,Main Campus,หลักสูตรวิทยาศาสตรบัณฑิต สาขาวิชาวิทยาการคอมพิวเตอร์,Bachelor of Science Program in Computer Science,A,ภาษาไทย ปกติ,35,วิทยาศาสตร์และเทคโนโลยี,Science and Technology,"ภาคการศึกษาต้นและภาคการศึกษาปลาย ภาคการศึกษาละ 25,500 บาท ภาคฤดูร้อน(ถ้ามี) ภาคการศึกษาละ 6,375 บาท ดูรายละเอียดเพิ่มเติม https://www.reg.chula.ac.th/th/information/fee/",ร้อยละ 80 ต่อปีการศึกษา
10010124903201A,chulalongkorn,001,24,01,วิทยาเขตหลัก,Main Campus,หลักสูตรรัฐศาสตรบัณฑิต,Bachelor of Arts Program in Political Science,A,ภาษาไทย ปกติ,32,รัฐศาสตร์,Political Science,"ภาคการศึกษาต้นและภาคการศึกษาปลาย ภาคการศึกษาละ 21,000 บาท ภาคฤดูร้อน(ถ้ามี) ภาคการศึกษาละ 5,250 บาท อัตราสำหรับชาวต่างประเทศเก็บอัตรานิสิตชาวต่างประเทศ ภาคการศึกษาต้น และ ภาคการศึกษาปลาย จำนวนภาคการศึกษาละ 76,000 บาท ภาคฤดูร้อน จำนวน 36,750 บาท  ดูรายละเอียดเพิ่มเติม https://www.reg.chula.ac.th/th/information/fee/",ร้อยละ 79.37 ต่อปีการศึกษา
10010124903201A,chulalongkorn,001,24,01,วิทยาเขตหลัก,Main Campus,หลักสูตรรัฐศาสตรบัณฑิต,Bachelor of Arts Program in Political Science,A,ภาษาไทย ปกติ,32,รัฐศาสตร์,Political Science,"ภาคการศึกษาต้นและภาคการศึกษาปลาย ภาคการศึกษาละ 21,000 บาท ภาคฤดูร้อน(ถ้ามี) ภาคการศึกษาละ 5,250 บาท อัตราสำหรับชาวต่างประเทศเก็บอัตรานิสิตชาวต่างประเทศ ภาคการศึกษาต้น และ ภาคการศึกษาปลาย จำนวนภาคการศึกษาละ 76,000 บาท ภาคฤดูร้อน จำนวน 36,750 บาท  ดูรายละเอียดเพิ่มเติม https://www.reg.chula.ac.th/th/information/fee/",ร้อยละ 79.37 ต่อปีการศึกษา
10010124903201A,chulalongkorn,001,24,01,วิทยาเขตหลัก,Main Campus,หลักสูตรรัฐศาสตรบัณฑิต,Bachelor of Arts Program in Political Science,A,ภาษาไทย ปกติ,32,รัฐศาสตร์,Political Science,"ภาคการศึกษาต้นและภาคการศึกษาปลาย ภาคการศึกษาละ 21,000 บาท ภาคฤดูร้อน(ถ้ามี) ภาคการศึกษาละ 5,250 บาท อัตราสำหรับชาวต่างประเทศเก็บอัตรานิสิตชาวต่างประเทศ ภาคการศึกษาต้น และ ภาคการศึกษาปลาย จำนวนภาคการศึกษาละ 76,000 บาท ภาคฤดูร้อน จำนวน 36,750 บาท  ดูรายละเอียดเพิ่มเติม https://www.reg.chula.ac.th/th/information/fee/",ร้อยละ 79.37 ต่อปีการศึกษา
10010124903201A,chulalongkorn,001,24,01,วิทยาเขตหลัก,Main Campus,หลักสูตรรัฐศาสตรบัณฑิต,Bachelor of Arts Program in Political Science,A,ภาษาไทย ปกติ,32,รัฐศาสตร์,Political Science,"ภาคการศึกษาต้นและภาคการศึกษาปลาย ภาคการศึกษาละ 21,000 บาท ภาคฤดูร้อน(ถ้ามี) ภาคการศึกษาละ 5,250 บาท อัตราสำหรับชาวต่างประเทศเก็บอัตรานิสิตชาวต่างประเทศ ภาคการศึกษาต้น และ ภาคการศึกษาปลาย จำนวนภาคการศึกษาละ 76,000 บาท ภาคฤดูร้อน จำนวน 36,750 บาท  ดูรายละเอียดเพิ่มเติม https://www.reg.chula.ac.th/th/information/fee/",ร้อยละ 79.37 ต่อปีการศึกษา
10010124903201A,chulalongkorn,001,24,01,วิทยาเขตหลัก,Main Campus,หลักสูตรรัฐศาสตรบัณฑิต,Bachelor of Arts Program in Political Science,A,ภาษาไทย ปกติ,32,รัฐศาสตร์,Political Science,"ภาคการศึกษาต้นและภาคการศึกษาปลาย ภาคการศึกษาละ 21,000 บาท ภาคฤดูร้อน(ถ้ามี) ภาคการศึกษาละ 5,250 บาท อัตราสำหรับชาวต่างประเทศเก็บอัตรานิสิตชาวต่างประเทศ ภาคการศึกษาต้น และ ภาคการศึกษาปลาย จำนวนภาคการศึกษาละ 76,000 บาท ภาคฤดูร้อน จำนวน 36,750 บาท  ดูรายละเอียดเพิ่มเติม https://www.reg.chula.ac.th/th/information/fee/",ร้อยละ 79.37 ต่อปีการศึกษา
10010124903202P,chulalongkorn,001,24,01,วิทยาเขตหลัก,Main Campus,หลักสูตรรัฐศาสตรบัณฑิต สาขาวิชาการเมืองและโลกสัมพันธ์ศึกษา (หลักสูตรนานาชาติ),Bachelor of Arts Program in Politics and Global Studies (International Program),P,Double Degree - นานาชาติ ปกติ,32,รัฐศาสตร์,Political Science,"ภาคการศึกษาต้นและภาคการศึกษาปลาย ภาคการศึกษาละ 21,000 บาท ภาคฤดูร้อน(ถ้ามี) ภาคการศึกษาละ 5,250 บาท ดูรายละเอียดเพิ่มเติม https://www.reg.chula.ac.th/th/information/fee/",0
10010124903202P,chulalongkorn,001,24,01,วิทยาเขตหลัก,Main Campus,หลักสูตรรัฐศาสตรบัณฑิต สาขาวิชาการเมืองและโลกสัมพันธ์ศึกษา (หลักสูตรนานาชาติ),Bachelor of Arts Program in Politics and Global Studies (International Program),P,Double Degree - นานาชาติ ปกติ,32,รัฐศาสตร์,Political Science,"ภาคการศึกษาต้นและภาคการศึกษาปลาย ภาคการศึกษาละ 21,000 บาท ภาคฤดูร้อน(ถ้ามี) ภาคการศึกษาละ 5,250บาท ดูรายละเอียดเพิ่มเติม https://www.reg.chula.ac.th/th/information/fee/",0
10010124903202P,chulalongkorn,001,24,01,วิทยาเขตหลัก,Main Campus,หลักสูตรรัฐศาสตรบัณฑิต สาขาวิชาการเมืองและโลกสัมพันธ์ศึกษา (หลักสูตรนานาชาติ),Bachelor of Arts Program in Politics and Global Studies (International Program),P,Double Degree - นานาชาติ ปกติ,32,รัฐศาสตร์,Political Science,"ภาคการศึกษาต้นและภาคการศึกษาปลาย ภาคการศึกษาละ 21,000 บาท ภาคฤดูร้อน(ถ้ามี) ภาคการศึกษาละ 5,250บาท ดูรายละเอียดเพิ่มเติม https://www.reg.chula.ac.th/th/information/fee/",0
10010125400101E,chulalongkorn,001,25,01,วิทยาเขตหลัก,Main Campus,หลักสูตรศิลปกรรมศาสตรบัณฑิต สาขาวิชาการออกแบบนิเทศศิลป์ (หลักสูตรนานาชาติ),Bachelor of Fine and Applied Arts Program in Communication Design (International Program),E,นานาชาติ,01,การออกแบบนิเทศศิลป์,Visual Communication Design,ดูรายละเอียดเพิ่มเติม https://www.chula.ac.th/academics/admissions/tuition-and-fees/,0
10010125400201A,chulalongkorn,001,25,01,วิทยาเขตหลัก,Main Campus,หลักสูตรการออกแบบอุตสาหกรรมบัณฑิต สาขาวิชาการออกแบบอุตสาหกรรม,Bachelor of Industrial Design Program in Industrial Design,A,ภาษาไทย ปกติ,02,การออกแบบอุตสาหกรรม,Industrial Design,"ภาคการศึกษาต้นและภาคการศึกษาปลาย ภาคการศึกษาละ 25,500 บาท ภาคฤดูร้อน(ถ้ามี) ภาคการศึกษาละ 6,375 บาท ดูรายละเอียดเพิ่มเติม https://www.reg.chula.ac.th/th/information/fee/",ร้อยละ 100 ต่อปีการศึกษา
10010125400301A,chulalongkorn,001,25,01,วิทยาเขตหลัก,Main Campus,หลักสูตรภูมิสถาปัตยกรรมศาสตรบัณฑิต สาขาวิชาภูมิสถาปัตยกรรม,Bachelor of Landscape Architecture Program in Landscape Architecture,A,ภาษาไทย ปกติ,03,ภูมิสถาปัตยกรรม,Landscape Architecture,"ภาคการศึกษาต้นและภาคการศึกษาปลาย ภาคการศึกษาละ 25,500 บาท ภาคฤดูร้อน(ถ้ามี) ภาคการศึกษาละ 6,375 บาท ดูรายละเอียดเพิ่มเติม https://www.reg.chula.ac.th/th/information/fee/",ร้อยละ 100 ต่อปีการศึกษา
10010125400401A,chulalongkorn,001,25,01,วิทยาเขตหลัก,Main Campus,หลักสูตรสถาปัตยกรรมศาสตรบัณฑิต สาขาวิชาสถาปัตยกรรมผังเมือง,Bachelor of Architecture Program in Urban Architecture,A,ภาษาไทย ปกติ,04,วางแผนภาคและเมือง,Urban and Regional Planning,"ภาคการศึกษาต้นและภาคการศึกษาปลาย ภาคการศึกษาละ 25,500 บาท ภาคฤดูร้อน(ถ้ามี) ภาคการศึกษาละ 6,375 บาท ดูรายละเอียดเพิ่มเติม https://www.reg.chula.ac.th/th/information/fee/",ร้อยละ 100 ต่อปีการศึกษา
10010125400501A,chulalongkorn,001,25,01,วิทยาเขตหลัก,Main Campus,หลักสูตรสถาปัตยกรรมศาสตรบัณฑิต สาขาวิชาสถาปัตยกรรม,Bachelor of Architecture Program in Architecture,A,ภาษาไทย ปกติ,05,สถาปัตยกรรม,Architecture,"ภาคการศึกษาต้นและภาคการศึกษาปลาย ภาคการศึกษาละ 25,500 บาท ภาคฤดูร้อน(ถ้ามี) ภาคการศึกษาละ 6,375 บาท ดูรายละเอียดเพิ่มเติม https://www.reg.chula.ac.th/th/information/fee/",ร้อยละ 100 ต่อปีการศึกษา
10010125400502E,chulalongkorn,001,25,01,วิทยาเขตหลัก,Main Campus,หลักสูตรวิทยาศาสตรบัณฑิต สาขาวิชาการออกแบบสถาปัตยกรรม (หลักสูตรนานาชาติ),Bachelor of Science Program in Architectural Design (International Program),E,นานาชาติ,05,สถาปัตยกรรม,Architecture,ดูรายละเอียดเพิ่มเติม https://www.chula.ac.th/academics/admissions/tuition-and-fees/,0
10010125400601A,chulalongkorn,001,25,01,วิทยาเขตหลัก,Main Campus,หลักสูตรสถาปัตยกรรมศาสตรบัณฑิต สาขาวิชาสถาปัตยกรรมไทย,Bachelor of Architecture Program in Thai Architecture,A,ภาษาไทย ปกติ,06,สถาปัตยกรรมไทย,Thai Architecture,"ภาคการศึกษาต้นและภาคการศึกษาปลาย ภาคการศึกษาละ 25,500 บาท ภาคฤดูร้อน(ถ้ามี) ภาคการศึกษาละ 6,375 บาท ดูรายละเอียดเพิ่มเติม https://www.reg.chula.ac.th/th/information/fee/",ร้อยละ 100 ต่อปีการศึกษา
10010125400701A,chulalongkorn,001,25,01,วิทยาเขตหลัก,Main Campus,หลักสูตรสถาปัตยกรรมศาสตรบัณฑิต สาขาวิชาสถาปัตยกรรมภายใน,Bachelor of Architecture Program in Interior Architecture,A,ภาษาไทย ปกติ,07,สถาปัตยกรรมภายใน,Interior Architecture,"ภาคการศึกษาต้นและภาคการศึกษาปลาย ภาคการศึกษาละ 25,500 บาท ภาคฤดูร้อน(ถ้ามี) ภาคการศึกษาละ 6,375 บาท ดูรายละเอียดเพิ่มเติม https://www.reg.chula.ac.th/th/information/fee/",ร้อยละ 100 ต่อปีการศึกษา
10010126610301E,chulalongkorn,001,26,01,วิทยาเขตหลัก,Main Campus,หลักสูตรบริหารธุรกิจบัณฑิต สาขาวิชาการจัดการธุรกิจระหว่างประเทศ (หลักสูตรนานาชาติ),Bachelor of Business Administration Program in International Business Management (International Program),E,นานาชาติ,03,การบริการ พาณิชยการและธุรกิจ,Service Commerce and Business,ดูรายละเอียดเพิ่มเติม https://www.chula.ac.th/academics/admissions/tuition-and-fees/,0
10010126610301E,chulalongkorn,001,26,01,วิทยาเขตหลัก,Main Campus,หลักสูตรบริหารธุรกิจบัณฑิต สาขาวิชาการจัดการธุรกิจระหว่างประเทศ (หลักสูตรนานาชาติ),Bachelor of Business Administration Program in International Business Management (International Program),E,นานาชาติ,03,การบริการ พาณิชยการและธุรกิจ,Service Commerce and Business,ดูรายละเอียดเพิ่มเติม https://www.chula.ac.th/academics/admissions/tuition-and-fees/,0
10010126610301E,chulalongkorn,001,26,01,วิทยาเขตหลัก,Main Campus,หลักสูตรบริหารธุรกิจบัณฑิต สาขาวิชาการจัดการธุรกิจระหว่างประเทศ (หลักสูตรนานาชาติ),Bachelor of Business Administration Program in International Business Management (International Program),E,นานาชาติ,03,การบริการ พาณิชยการและธุรกิจ,Service Commerce and Business,ดูรายละเอียดเพิ่มเติม https://www.chula.ac.th/academics/admissions/tuition-and-fees/,0
10010126610301E,chulalongkorn,001,26,01,วิทยาเขตหลัก,Main Campus,หลักสูตรบริหารธุรกิจบัณฑิต สาขาวิชาการจัดการธุรกิจระหว่างประเทศ (หลักสูตรนานาชาติ),Bachelor of Business Administration Program in International Business Management (International Program),E,นานาชาติ,03,การบริการ พาณิชยการและธุรกิจ,Service Commerce and Business,ดูรายละเอียดเพิ่มเติม https://www.chula.ac.th/academics/admissions/tuition-and-fees/,0
10010126610501A,chulalongkorn,001,26,01,วิทยาเขตหลัก,Main Campus,หลักสูตรบัญชีบัณฑิต,Bachelor of Accountancy,A,ภาษาไทย ปกติ,05,การบัญชี,Accountancy,"ภาคการศึกษาต้นและภาคการศึกษาปลาย ภาคการศึกษาละ 21,000 บาท ภาคฤดูร้อน(ถ้ามี) ภาคการศึกษาละ 5,250 บาท ดูรายละเอียดเพิ่มเติม https://www.reg.chula.ac.th/th/information/fee/",0
10010126610502E,chulalongkorn,001,26,01,วิทยาเขตหลัก,Main Campus,หลักสูตรบริหารธุรกิจบัณฑิต สาขาวิชาการบัญชี (หลักสูตรนานาชาติ),Bachelor of Business Administration Program in Accounting (International Program),E,นานาชาติ,05,การบัญชี,Accountancy,ดูรายละเอียดเพิ่มเติม https://www.chula.ac.th/academics/admissions/tuition-and-fees/,ร้อยละ 95.97 ต่อปีการศึกษา
10010126610801A,chulalongkorn,001,26,01,วิทยาเขตหลัก,Main Campus,หลักสูตรบริหารธุรกิจบัณฑิต,Bachelor of Business Administration,A,ภาษาไทย ปกติ,08,บริหารธุรกิจ,Business Administration,"ภาคการศึกษาต้นและภาคการศึกษาปลาย ภาคการศึกษาละ 21,000 บาท ภาคฤดูร้อน(ถ้ามี) ภาคการศึกษาละ 5,250 บาท ดูรายละเอียดเพิ่มเติม https://www.reg.chula.ac.th/th/information/fee/",0
10010126610801A,chulalongkorn,001,26,01,วิทยาเขตหลัก,Main Campus,หลักสูตรบริหารธุรกิจบัณฑิต,Bachelor of Business Administration,A,ภาษาไทย ปกติ,08,บริหารธุรกิจ,Business Administration,"ภาคการศึกษาต้นและภาคการศึกษาปลาย ภาคการศึกษาละ 21,000 บาท ภาคฤดูร้อน(ถ้ามี) ภาคการศึกษาละ 5,250 บาท ดูรายละเอียดเพิ่มเติม https://www.reg.chula.ac.th/th/information/fee/",ร้อยละ 91.74 ต่อปีการศึกษา
10010126610801A,chulalongkorn,001,26,01,วิทยาเขตหลัก,Main Campus,หลักสูตรบริหารธุรกิจบัณฑิต,Bachelor of Business Administration,A,ภาษาไทย ปกติ,08,บริหารธุรกิจ,Business Administration,"ภาคการศึกษาต้นและภาคการศึกษาปลาย ภาคการศึกษาละ 21,000 บาท ภาคฤดูร้อน(ถ้ามี) ภาคการศึกษาละ 5,250 บาท ดูรายละเอียดเพิ่มเติม https://www.reg.chula.ac.th/th/information/fee/",ร้อยละ 91.74 ต่อปีการศึกษา
10010126610801A,chulalongkorn,001,26,01,วิทยาเขตหลัก,Main Campus,หลักสูตรบริหารธุรกิจบัณฑิต,Bachelor of Business Administration,A,ภาษาไทย ปกติ,08,บริหารธุรกิจ,Business Administration,"ภาคการศึกษาต้นและภาคการศึกษาปลาย ภาคการศึกษาละ 21,000 บาท ภาคฤดูร้อน(ถ้ามี) ภาคการศึกษาละ 5,250 บาท ดูรายละเอียดเพิ่มเติม https://www.reg.chula.ac.th/th/information/fee/",ร้อยละ 91.74 ต่อปีการศึกษา
10010126610801A,chulalongkorn,001,26,01,วิทยาเขตหลัก,Main Campus,หลักสูตรบริหารธุรกิจบัณฑิต,Bachelor of Business Administration,A,ภาษาไทย ปกติ,08,บริหารธุรกิจ,Business Administration,"ภาคการศึกษาต้นและภาคการศึกษาปลาย ภาคการศึกษาละ 21,000 บาท ภาคฤดูร้อน(ถ้ามี) ภาคการศึกษาละ 5,250 บาท ดูรายละเอียดเพิ่มเติม https://www.reg.chula.ac.th/th/information/fee/",ร้อยละ 91.74 ต่อปีการศึกษา
10010126610801A,chulalongkorn,001,26,01,วิทยาเขตหลัก,Main Campus,หลักสูตรบริหารธุรกิจบัณฑิต,Bachelor of Business Administration,A,ภาษาไทย ปกติ,08,บริหารธุรกิจ,Business Administration,"ภาคการศึกษาต้นและภาคการศึกษาปลาย ภาคการศึกษาละ 21,000 บาท ภาคฤดูร้อน(ถ้ามี) ภาคการศึกษาละ 5,250 บาท ดูรายละเอียดเพิ่มเติม https://www.reg.chula.ac.th/th/information/fee/",ร้อยละ 91.74 ต่อปีการศึกษา
10010126610901A,chulalongkorn,001,26,01,วิทยาเขตหลัก,Main Campus,หลักสูตรสถิติศาสตรบัณฑิต,Bachelor of Science in Statistics,A,ภาษาไทย ปกติ,09,ระบบสารสนเทศ,Information Systems,"ภาคการศึกษาต้นและภาคการศึกษาปลาย ภาคการศึกษาละ 25,500 บาท ภาคฤดูร้อน(ถ้ามี) ภาคการศึกษาละ 6,375 บาท ดูรายละเอียดเพิ่มเติม https://www.reg.chula.ac.th/th/information/fee/",0
10010126610901A,chulalongkorn,001,26,01,วิทยาเขตหลัก,Main Campus,หลักสูตรสถิติศาสตรบัณฑิต,Bachelor of Science in Statistics,A,ภาษาไทย ปกติ,09,ระบบสารสนเทศ,Information Systems,"ภาคการศึกษาต้นและภาคการศึกษาปลาย ภาคการศึกษาละ 21,000 บาท ภาคฤดูร้อน(ถ้ามี) ภาคการศึกษาละ 5,250 บาท ดูรายละเอียดเพิ่มเติม https://www.reg.chula.ac.th/th/information/fee/",ร้อยละ 100 ต่อปีการศึกษา
10010126610901A,chulalongkorn,001,26,01,วิทยาเขตหลัก,Main Campus,หลักสูตรสถิติศาสตรบัณฑิต,Bachelor of Science in Statistics,A,ภาษาไทย ปกติ,09,ระบบสารสนเทศ,Information Systems,"ภาคการศึกษาต้นและภาคการศึกษาปลาย ภาคการศึกษาละ 21,000 บาท ภาคฤดูร้อน(ถ้ามี) ภาคการศึกษาละ 5,250 บาท ดูรายละเอียดเพิ่มเติม https://www.reg.chula.ac.th/th/information/fee/",ร้อยละ 94.74 ต่อปีการศึกษา
10010126610901A,chulalongkorn,001,26,01,วิทยาเขตหลัก,Main Campus,หลักสูตรสถิติศาสตรบัณฑิต,Bachelor of Science in Statistics,A,ภาษาไทย ปกติ,09,ระบบสารสนเทศ,Information Systems,"ภาคการศึกษาต้นและภาคการศึกษาปลาย ภาคการศึกษาละ 21,000 บาท ภาคฤดูร้อน(ถ้ามี) ภาคการศึกษาละ 5,250 บาท ดูรายละเอียดเพิ่มเติม https://www.reg.chula.ac.th/th/information/fee/",ร้อยละ 97.06 ต่อปีการศึกษา
10010127703701A,chulalongkorn,001,27,01,วิทยาเขตหลัก,Main Campus,หลักสูตรครุศาสตรบัณฑิต,Bachelor of Education,A,ภาษาไทย ปกติ,37,ครุศาสตร์,Education Science,"ภาคการศึกษาต้นและภาคการศึกษาปลาย ภาคการศึกษาละ 21,000 บาท ภาคฤดูร้อน(ถ้ามี) ภาคการศึกษาละ 5,250 บาท ดูรายละเอียดเพิ่มเติม https://www.reg.chula.ac.th/th/information/fee/",ร้อยละ 86 ต่อปีการศึกษา
10010127703701A,chulalongkorn,001,27,01,วิทยาเขตหลัก,Main Campus,หลักสูตรครุศาสตรบัณฑิต,Bachelor of Education,A,ภาษาไทย ปกติ,37,ครุศาสตร์,Education Science,"ภาคการศึกษาต้นและภาคการศึกษาปลาย ภาคการศึกษาละ 21,000 บาท ภาคฤดูร้อน(ถ้ามี) ภาคการศึกษาละ 5,250 บาท ดูรายละเอียดเพิ่มเติม https://www.reg.chula.ac.th/th/information/fee/",ร้อยละ 86 ต่อปีการศึกษา
10010127703701A,chulalongkorn,001,27,01,วิทยาเขตหลัก,Main Campus,หลักสูตรครุศาสตรบัณฑิต,Bachelor of Education,A,ภาษาไทย ปกติ,37,ครุศาสตร์,Education Science,"ภาคการศึกษาต้นและภาคการศึกษาปลาย ภาคการศึกษาละ 21,000 บาท ภาคฤดูร้อน(ถ้ามี) ภาคการศึกษาละ 5,250 บาท ดูรายละเอียดเพิ่มเติม https://www.reg.chula.ac.th/th/information/fee/",ร้อยละ 86 ต่อปีการศึกษา
10010127703701A,chulalongkorn,001,27,01,วิทยาเขตหลัก,Main Campus,หลักสูตรครุศาสตรบัณฑิต,Bachelor of Education,A,ภาษาไทย ปกติ,37,ครุศาสตร์,Education Science,"ภาคการศึกษาต้นและภาคการศึกษาปลาย ภาคการศึกษาละ 21,000 บาท ภาคฤดูร้อน(ถ้ามี) ภาคการศึกษาละ 5,250 บาท ดูรายละเอียดเพิ่มเติม https://www.reg.chula.ac.th/th/information/fee/",ร้อยละ 86 ต่อปีการศึกษา
10010127703701A,chulalongkorn,001,27,01,วิทยาเขตหลัก,Main Campus,หลักสูตรครุศาสตรบัณฑิต,Bachelor of Education,A,ภาษาไทย ปกติ,37,ครุศาสตร์,Education Science,"ภาคการศึกษาต้นและภาคการศึกษาปลาย ภาคการศึกษาละ 21,000 บาท ค่าเชี่ยวชาญเฉพาะเหมาจ่ายนอกเหนือจากค่าธรรมเนียมการศึกษาต่อคน ภาคเรียนละ 5,000 บาท ภาคฤดูร้อน(ถ้ามี) ภาคการศึกษาละ 5,250 บาท ดูรายละเอียดเพิ่มเติม https://www.reg.chula.ac.th/th/information/fee/",ร้อยละ 86 ต่อปีการศึกษา
10010127703701A,chulalongkorn,001,27,01,วิทยาเขตหลัก,Main Campus,หลักสูตรครุศาสตรบัณฑิต,Bachelor of Education,A,ภาษาไทย ปกติ,37,ครุศาสตร์,Education Science,"ภาคการศึกษาต้นและภาคการศึกษาปลาย ภาคการศึกษาละ 21,000 บาท ค่าเชี่ยวชาญเฉพาะเหมาจ่ายนอกเหนือจากค่าธรรมเนียมการศึกษาต่อคน ภาคเรียนละ 5,000 บาท ภาคฤดูร้อน(ถ้ามี) ภาคการศึกษาละ 5,250 บาท ดูรายละเอียดเพิ่มเติม https://www.reg.chula.ac.th/th/information/fee/",ร้อยละ 86 ต่อปีการศึกษา
10010127703701A,chulalongkorn,001,27,01,วิทยาเขตหลัก,Main Campus,หลักสูตรครุศาสตรบัณฑิต,Bachelor of Education,A,ภาษาไทย ปกติ,37,ครุศาสตร์,Education Science,"ภาคการศึกษาต้นและภาคการศึกษาปลาย ภาคการศึกษาละ 21,000 บาท ค่าเชี่ยวชาญเฉพาะเหมาจ่ายนอกเหนือจากค่าธรรมเนียมการศึกษาต่อคน ภาคเรียนละ 5,000 บาท ภาคฤดูร้อน(ถ้ามี) ภาคการศึกษาละ 5,250 บาท ดูรายละเอียดเพิ่มเติม https://www.reg.chula.ac.th/th/information/fee/",ร้อยละ 86 ต่อปีการศึกษา
10010127703701A,chulalongkorn,001,27,01,วิทยาเขตหลัก,Main Campus,หลักสูตรครุศาสตรบัณฑิต,Bachelor of Education,A,ภาษาไทย ปกติ,37,ครุศาสตร์,Education Science,"ภาคการศึกษาต้นและภาคการศึกษาปลาย ภาคการศึกษาละ 21,000 บาท ภาคฤดูร้อน(ถ้ามี) ภาคการศึกษาละ 5,250 บาท ดูรายละเอียดเพิ่มเติม https://www.reg.chula.ac.th/th/information/fee/",ร้อยละ 86 ต่อปีการศึกษา
10010127703701A,chulalongkorn,001,27,01,วิทยาเขตหลัก,Main Campus,หลักสูตรครุศาสตรบัณฑิต,Bachelor of Education,A,ภาษาไทย ปกติ,37,ครุศาสตร์,Education Science,"ภาคการศึกษาต้นและภาคการศึกษาปลาย ภาคการศึกษาละ 21,000 บาท ภาคฤดูร้อน(ถ้ามี) ภาคการศึกษาละ 5,250 บาท ดูรายละเอียดเพิ่มเติม https://www.reg.chula.ac.th/th/information/fee/",ร้อยละ 86 ต่อปีการศึกษา
10010127703701A,chulalongkorn,001,27,01,วิทยาเขตหลัก,Main Campus,หลักสูตรครุศาสตรบัณฑิต,Bachelor of Education,A,ภาษาไทย ปกติ,37,ครุศาสตร์,Education Science,"ภาคการศึกษาต้นและภาคการศึกษาปลาย ภาคการศึกษาละ 21,000 บาท ภาคฤดูร้อน(ถ้ามี) ภาคการศึกษาละ 5,250 บาท ดูรายละเอียดเพิ่มเติม https://www.reg.chula.ac.th/th/information/fee/",ร้อยละ 86 ต่อปีการศึกษา
10010127703701A,chulalongkorn,001,27,01,วิทยาเขตหลัก,Main Campus,หลักสูตรครุศาสตรบัณฑิต,Bachelor of Education,A,ภาษาไทย ปกติ,37,ครุศาสตร์,Education Science,"ภาคการศึกษาต้นและภาคการศึกษาปลาย ภาคการศึกษาละ 21,000 บาท ภาคฤดูร้อน(ถ้ามี) ภาคการศึกษาละ 5,250 บาท ดูรายละเอียดเพิ่มเติม https://www.reg.chula.ac.th/th/information/fee/",ร้อยละ 86 ต่อปีการศึกษา
10010127703701A,chulalongkorn,001,27,01,วิทยาเขตหลัก,Main Campus,หลักสูตรครุศาสตรบัณฑิต,Bachelor of Education,A,ภาษาไทย ปกติ,37,ครุศาสตร์,Education Science,"ภาคการศึกษาต้นและภาคการศึกษาปลาย ภาคการศึกษาละ 21,000 บาท ภาคฤดูร้อน(ถ้ามี) ภาคการศึกษาละ 5,250 บาท ดูรายละเอียดเพิ่มเติม https://www.reg.chula.ac.th/th/information/fee/",ร้อยละ 86 ต่อปีการศึกษา
10010128900101E,chulalongkorn,001,28,01,วิทยาเขตหลัก,Main Campus,หลักสูตรนิเทศศาสตรบัณฑิต สาขาวิชาการจัดการการสื่อสาร (หลักสูตรนานาชาติ),Bachelor of Arts (Communication Arts) Program in Communication Management (International Program),E,นานาชาติ,01,การจัดการการสื่อสาร,Communication Management,ดูรายละเอียดเพิ่มเติม https://www.chula.ac.th/academics/admissions/tuition-and-fees/,0
10010128901101A,chulalongkorn,001,28,01,วิทยาเขตหลัก,Main Campus,หลักสูตรนิเทศศาสตรบัณฑิต,Bachelor of Arts Program in Communication Arts,A,ภาษาไทย ปกติ,11,นิเทศศาสตร์,Communication Arts,"ภาคการศึกษาต้นและภาคการศึกษาปลาย ภาคการศึกษาละ 21,000 บาท ภาคฤดูร้อน(ถ้ามี) ภาคการศึกษาละ 5,250 บาท ดูรายละเอียดเพิ่มเติม https://www.reg.chula.ac.th/th/information/fee/",ร้อยละ 93.75 ต่อปีการศึกษา
10010128901101A,chulalongkorn,001,28,01,วิทยาเขตหลัก,Main Campus,หลักสูตรนิเทศศาสตรบัณฑิต,Bachelor of Arts Program in Communication Arts,A,ภาษาไทย ปกติ,11,นิเทศศาสตร์,Communication Arts,"ภาคการศึกษาต้นและภาคการศึกษาปลาย ภาคการศึกษาละ 21,000 บาท ภาคฤดูร้อน(ถ้ามี) ภาคการศึกษาละ 5,250 บาท ดูรายละเอียดเพิ่มเติม https://www.reg.chula.ac.th/th/information/fee/",ร้อยละ 93.75 ต่อปีการศึกษา
10010128901101A,chulalongkorn,001,28,01,วิทยาเขตหลัก,Main Campus,หลักสูตรนิเทศศาสตรบัณฑิต,Bachelor of Arts Program in Communication Arts,A,ภาษาไทย ปกติ,11,นิเทศศาสตร์,Communication Arts,"ภาคการศึกษาต้นและภาคการศึกษาปลาย ภาคการศึกษาละ 21,000 บาท ภาคฤดูร้อน(ถ้ามี) ภาคการศึกษาละ 5,250 บาท ดูรายละเอียดเพิ่มเติม https://www.reg.chula.ac.th/th/information/fee/",ร้อยละ 93.75 ต่อปีการศึกษา
10010128901101A,chulalongkorn,001,28,01,วิทยาเขตหลัก,Main Campus,หลักสูตรนิเทศศาสตรบัณฑิต,Bachelor of Arts Program in Communication Arts,A,ภาษาไทย ปกติ,11,นิเทศศาสตร์,Communication Arts,"ภาคการศึกษาต้นและภาคการศึกษาปลาย ภาคการศึกษาละ 21,000 บาท ภาคฤดูร้อน(ถ้ามี) ภาคการศึกษาละ 5,250 บาท ดูรายละเอียดเพิ่มเติม https://www.reg.chula.ac.th/th/information/fee/",ร้อยละ 93.75 ต่อปีการศึกษา
10010128901101A,chulalongkorn,001,28,01,วิทยาเขตหลัก,Main Campus,หลักสูตรนิเทศศาสตรบัณฑิต,Bachelor of Arts Program in Communication Arts,A,ภาษาไทย ปกติ,11,นิเทศศาสตร์,Communication Arts,"ภาคการศึกษาต้นและภาคการศึกษาปลาย ภาคการศึกษาละ 21,000 บาท ภาคฤดูร้อน(ถ้ามี) ภาคการศึกษาละ 5,250 บาท ดูรายละเอียดเพิ่มเติม https://www.reg.chula.ac.th/th/information/fee/",ร้อยละ 93.75 ต่อปีการศึกษา
10010128901101A,chulalongkorn,001,28,01,วิทยาเขตหลัก,Main Campus,หลักสูตรนิเทศศาสตรบัณฑิต,Bachelor of Arts Program in Communication Arts,A,ภาษาไทย ปกติ,11,นิเทศศาสตร์,Communication Arts,"ภาคการศึกษาต้นและภาคการศึกษาปลาย ภาคการศึกษาละ 21,000 บาท ภาคฤดูร้อน(ถ้ามี) ภาคการศึกษาละ 5,250 บาท ดูรายละเอียดเพิ่มเติม https://www.reg.chula.ac.th/th/information/fee/",ร้อยละ 93.75 ต่อปีการศึกษา
10010128901101A,chulalongkorn,001,28,01,วิทยาเขตหลัก,Main Campus,หลักสูตรนิเทศศาสตรบัณฑิต,Bachelor of Arts Program in Communication Arts,A,ภาษาไทย ปกติ,11,นิเทศศาสตร์,Communication Arts,"ภาคการศึกษาต้นและภาคการศึกษาปลาย ภาคการศึกษาละ 21,000 บาท ภาคฤดูร้อน(ถ้ามี) ภาคการศึกษาละ 5,250 บาท ดูรายละเอียดเพิ่มเติม https://www.reg.chula.ac.th/th/information/fee/",ร้อยละ 93.75 ต่อปีการศึกษา
10010128901101A,chulalongkorn,001,28,01,วิทยาเขตหลัก,Main Campus,หลักสูตรนิเทศศาสตรบัณฑิต,Bachelor of Arts Program in Communication Arts,A,ภาษาไทย ปกติ,11,นิเทศศาสตร์,Communication Arts,"ภาคการศึกษาต้นและภาคการศึกษาปลาย ภาคการศึกษาละ 21,000 บาท ภาคฤดูร้อน(ถ้ามี) ภาคการศึกษาละ 5,250 บาท ดูรายละเอียดเพิ่มเติม https://www.reg.chula.ac.th/th/information/fee/",ร้อยละ 93.75 ต่อปีการศึกษา
10010129611101A,chulalongkorn,001,29,01,วิทยาเขตหลัก,Main Campus,หลักสูตรเศรษฐศาสตรบัณฑิต,Bachelor of Economics,A,ภาษาไทย ปกติ,11,เศรษฐศาสตร์,Economics,"ภาคการศึกษาต้นและภาคการศึกษาปลาย ภาคการศึกษาละ 21,000 บาท ภาคฤดูร้อน(ถ้ามี) ภาคการศึกษาละ 5,250 บาท ดูรายละเอียดเพิ่มเติม https://www.reg.chula.ac.th/th/information/fee/",ร้อยละ 94.95 ต่อปีการศึกษา
10010129611102E,chulalongkorn,001,29,01,วิทยาเขตหลัก,Main Campus,หลักสูตรศิลปศาสตรบัณฑิต สาขาวิชาเศรษฐศาสตร์ (หลักสูตรนานาชาติ),Bachelor of Arts Program in Economics (International Program),E,นานาชาติ,11,เศรษฐศาสตร์,Economics,"ภาคการศึกษาต้นและภาคการศึกษาปลาย ภาคการศึกษาละ 21,000 บาท ภาคฤดูร้อน(ถ้ามี) ภาคการศึกษาละ 5,250 บาท ดูรายละเอียดเพิ่มเติม https://www.reg.chula.ac.th/th/information/fee/",0
10010130100101A,chulalongkorn,001,30,01,วิทยาเขตหลัก,Main Campus,หลักสูตรแพทยศาสตรบัณฑิต,Doctor of Medicine,A,ภาษาไทย ปกติ,01,แพทยศาสตร์,Medicine,"ภาคการศึกษาต้นและภาคการศึกษาปลาย ภาคการศึกษาละ 34,000 บาท ภาคฤดูร้อน(ถ้ามี) ภาคการศึกษาละ 8,500 บาท ดูรายละเอียดเพิ่มเติม https://www.reg.chula.ac.th/th/information/fee/",0
10010131140101A,chulalongkorn,001,31,01,วิทยาเขตหลัก,Main Campus,หลักสูตรสัตวแพทยศาสตรบัณฑิต,Doctor of Veterinary Medicine,A,ภาษาไทย ปกติ,01,สัตวแพทยศาสตร์,Veterinary Medicine,"ภาคการศึกษาต้นและภาคการศึกษาปลาย ภาคการศึกษาละ 34,000 บาท ภาคฤดูร้อน(ถ้ามี) ภาคการศึกษาละ 8,500 บาท ดูรายละเอียดเพิ่มเติม https://www.reg.chula.ac.th/th/information/fee/",0
10010132120101A,chulalongkorn,001,32,01,วิทยาเขตหลัก,Main Campus,หลักสูตรทันตแพทยศาสตรบัณฑิต,Doctor of Dental Surgery,A,ภาษาไทย ปกติ,01,ทันตแพทยศาสตร์,Dentistry,"ค่าเล่าเรียน ภาคการศึกษาต้นและภาคการศึกษาปลาย ภาคการศึกษาละ 34,000 บาท ภาคฤดูร้อน(ถ้ามี) ภาคการศึกษาละ 8,500 บาท ค่าวัสดุอุปกรณ์ประกอบการศึกษา ชั้นปีที่ 1- 3 ภาคการศึกษาต้นและภาคการศึกษาปลาย ภาคการศึกษาละ 29,000 บาท ชั้นปีที 4-6 ภาคการศึกษาต้นและภาคการศึกษาปลาย ภาคการศึกษาละ 50,000 บาท ดูรายละเอียดเพิ่มเติม https://www.reg.chula.ac.th/th/information/fee/  หรือ http://www.dent.chula.ac.th/programs/7422/#---hd-651e591b54574",ร้อยละ 98 ต่อปีการศึกษา
10010133130201A,chulalongkorn,001,33,01,วิทยาเขตหลัก,Main Campus,หลักสูตรเภสัชศาสตรบัณฑิต สาขาวิชาเภสัชกรรมอุตสาหการ,Doctor of Pharmacy Program in Industrial Pharmacy,A,ภาษาไทย ปกติ,02,เภสัชกรรมอุตสาหการ,Industrial Pharmacy,"ภาคการศึกษาต้นและภาคการศึกษาปลาย ภาคการศึกษาละ 26,500 บาท ภาคฤดูร้อน(ถ้ามี) ภาคการศึกษาละ 6,625 บาท ดูรายละเอียดเพิ่มเติม https://www.reg.chula.ac.th/th/information/fee/",ร้อยละ 94.52 ต่อปีการศึกษา
10010133130301A,chulalongkorn,001,33,01,วิทยาเขตหลัก,Main Campus,หลักสูตรเภสัชศาสตรบัณฑิต สาขาวิชาการบริบาลทางเภสัชกรรม,Doctor of Pharmacy Program in Pharmaceutical Care,A,ภาษาไทย ปกติ,03,การบริบาลทางเภสัชกรรม,Pharmaceutical Care,"ภาคการศึกษาต้นและภาคการศึกษาปลาย ภาคการศึกษาละ 26,500 บาท ภาคฤดูร้อน(ถ้ามี) ภาคการศึกษาละ 6,625 บาท ดูรายละเอียดเพิ่มเติม https://www.reg.chula.ac.th/th/information/fee/",ร้อยละ 98.7 ต่อปีการศึกษา
10010134901001A,chulalongkorn,001,34,01,วิทยาเขตหลัก,Main Campus,หลักสูตรนิติศาสตรบัณฑิต,Bachelor of Laws,A,ภาษาไทย ปกติ,10,นิติศาสตร์,Laws,"ภาคการศึกษาต้นและภาคการศึกษาปลาย ภาคการศึกษาละ 21,000 บาท ภาคฤดูร้อน(ถ้ามี) ภาคการศึกษาละ 5,250 บาท ดูรายละเอียดเพิ่มเติม https://www.reg.chula.ac.th/th/information/fee/",ร้อยละ 90 ต่อปีการศึกษา
10010134901001E,chulalongkorn,001,34,01,วิทยาเขตหลัก,Main Campus,หลักสูตรนิติศาสตรบัณฑิต สาขาวิชากฎหมายธุรกิจและเทคโนโลยี (หลักสูตรนานาชาติ),Bachelor of Laws Program in Business and Technology,E,นานาชาติ,10,นิติศาสตร์,Laws,ค่าเล่าเรียนดูรายละเอียดได้ที่ https://www.reg.chula.ac.th/th/information/fee และค่าธรรมเนียมการศึกษาของหลักสูตรดูรายละเอียดได้ที่ www.law.chula.ac.th,0
10010135800501A,chulalongkorn,001,35,01,วิทยาเขตหลัก,Main Campus,หลักสูตรศิลปกรรมศาสตรบัณฑิต,Bachelor of Fine and Applied Arts,A,ภาษาไทย ปกติ,05,ศิลปกรรมศาสตร์,Fine Arts,"ภาคการศึกษาต้นและภาคการศึกษาปลาย ภาคการศึกษาละ 21,000 บาท ภาคฤดูร้อน(ถ้ามี) ภาคการศึกษาละ 5,250 บาท ดูรายละเอียดเพิ่มเติม https://www.reg.chula.ac.th/th/information/fee/",ร้อยละ 92.31 ต่อปีการศึกษา
10010135800501A,chulalongkorn,001,35,01,วิทยาเขตหลัก,Main Campus,หลักสูตรศิลปกรรมศาสตรบัณฑิต,Bachelor of Fine and Applied Arts,A,ภาษาไทย ปกติ,05,ศิลปกรรมศาสตร์,Fine Arts,"ภาคการศึกษาต้นและภาคการศึกษาปลาย ภาคการศึกษาละ 21,000 บาท ภาคฤดูร้อน(ถ้ามี) ภาคการศึกษาละ 5,250 บาท ดูรายละเอียดเพิ่มเติม https://www.reg.chula.ac.th/th/information/fee/",ร้อยละ 92.31 ต่อปีการศึกษา
10010135800501A,chulalongkorn,001,35,01,วิทยาเขตหลัก,Main Campus,หลักสูตรศิลปกรรมศาสตรบัณฑิต,Bachelor of Fine and Applied Arts,A,ภาษาไทย ปกติ,05,ศิลปกรรมศาสตร์,Fine Arts,"ภาคการศึกษาต้นและภาคการศึกษาปลาย ภาคการศึกษาละ 21,000 บาท ภาคฤดูร้อน(ถ้ามี) ภาคการศึกษาละ 5,250 บาท ดูรายละเอียดเพิ่มเติม https://www.reg.chula.ac.th/th/information/fee/",ร้อยละ 92.31 ต่อปีการศึกษา
10010135800501A,chulalongkorn,001,35,01,วิทยาเขตหลัก,Main Campus,หลักสูตรศิลปกรรมศาสตรบัณฑิต,Bachelor of Fine and Applied Arts,A,ภาษาไทย ปกติ,05,ศิลปกรรมศาสตร์,Fine Arts,"ภาคการศึกษาต้นและภาคการศึกษาปลาย ภาคการศึกษาละ 21,000 บาท ภาคฤดูร้อน(ถ้ามี) ภาคการศึกษาละ 5,250 บาท ดูรายละเอียดเพิ่มเติม https://www.reg.chula.ac.th/th/information/fee/",ร้อยละ 92.31 ต่อปีการศึกษา
10010135800501A,chulalongkorn,001,35,01,วิทยาเขตหลัก,Main Campus,หลักสูตรศิลปกรรมศาสตรบัณฑิต,Bachelor of Fine and Applied Arts,A,ภาษาไทย ปกติ,05,ศิลปกรรมศาสตร์,Fine Arts,"ภาคการศึกษาต้นและภาคการศึกษาปลาย ภาคการศึกษาละ 21,000 บาท ภาคฤดูร้อน(ถ้ามี) ภาคการศึกษาละ 5,250 บาท ดูรายละเอียดเพิ่มเติม https://www.reg.chula.ac.th/th/information/fee/",ร้อยละ 92.31 ต่อปีการศึกษา
10010135800501A,chulalongkorn,001,35,01,วิทยาเขตหลัก,Main Campus,หลักสูตรศิลปกรรมศาสตรบัณฑิต,Bachelor of Fine and Applied Arts,A,ภาษาไทย ปกติ,05,ศิลปกรรมศาสตร์,Fine Arts,"ภาคการศึกษาต้นและภาคการศึกษาปลาย ภาคการศึกษาละ 21,000 บาท ภาคฤดูร้อน(ถ้ามี) ภาคการศึกษาละ 5,250 บาท ดูรายละเอียดเพิ่มเติม https://www.reg.chula.ac.th/th/information/fee/",ร้อยละ 92.31 ต่อปีการศึกษา
10010135800501A,chulalongkorn,001,35,01,วิทยาเขตหลัก,Main Campus,หลักสูตรศิลปกรรมศาสตรบัณฑิต,Bachelor of Fine and Applied Arts,A,ภาษาไทย ปกติ,05,ศิลปกรรมศาสตร์,Fine Arts,"ภาคการศึกษาต้นและภาคการศึกษาปลาย ภาคการศึกษาละ 21,000 บาท ภาคฤดูร้อน(ถ้ามี) ภาคการศึกษาละ 5,250 บาท ดูรายละเอียดเพิ่มเติม https://www.reg.chula.ac.th/th/information/fee/",ร้อยละ 92.31 ต่อปีการศึกษา
10010135800501A,chulalongkorn,001,35,01,วิทยาเขตหลัก,Main Campus,หลักสูตรศิลปกรรมศาสตรบัณฑิต,Bachelor of Fine and Applied Arts,A,ภาษาไทย ปกติ,05,ศิลปกรรมศาสตร์,Fine Arts,"ภาคการศึกษาต้นและภาคการศึกษาปลาย ภาคการศึกษาละ 21,000 บาท ภาคฤดูร้อน(ถ้ามี) ภาคการศึกษาละ 5,250 บาท ดูรายละเอียดเพิ่มเติม https://www.reg.chula.ac.th/th/information/fee/",ร้อยละ 92.31 ต่อปีการศึกษา
10010135800501A,chulalongkorn,001,35,01,วิทยาเขตหลัก,Main Campus,หลักสูตรศิลปกรรมศาสตรบัณฑิต,Bachelor of Fine and Applied Arts,A,ภาษาไทย ปกติ,05,ศิลปกรรมศาสตร์,Fine Arts,"ภาคการศึกษาต้นและภาคการศึกษาปลาย ภาคการศึกษาละ 21,000 บาท ภาคฤดูร้อน(ถ้ามี) ภาคการศึกษาละ 5,250 บาท ดูรายละเอียดเพิ่มเติม https://www.reg.chula.ac.th/th/information/fee/",ร้อยละ 92.31 ต่อปีการศึกษา
10010135800501A,chulalongkorn,001,35,01,วิทยาเขตหลัก,Main Campus,หลักสูตรศิลปกรรมศาสตรบัณฑิต,Bachelor of Fine and Applied Arts,A,ภาษาไทย ปกติ,05,ศิลปกรรมศาสตร์,Fine Arts,"ภาคการศึกษาต้นและภาคการศึกษาปลาย ภาคการศึกษาละ 21,000 บาท ภาคฤดูร้อน(ถ้ามี) ภาคการศึกษาละ 5,250 บาท ดูรายละเอียดเพิ่มเติม https://www.reg.chula.ac.th/th/information/fee/",ร้อยละ 92.31 ต่อปีการศึกษา
10010137110101A,chulalongkorn,001,37,01,วิทยาเขตหลัก,Main Campus,หลักสูตรวิทยาศาสตรบัณฑิต สาขาวิชากายภาพบำบัด,Bachelor of Science Program in Physical Therapy,A,ภาษาไทย ปกติ,01,กายภาพบำบัด,Physiotherapy,"ภาคการศึกษาต้นและภาคการศึกษาปลาย ภาคการศึกษาละ 26,500 บาท ภาคฤดูร้อน(ถ้ามี) ภาคการศึกษาละ 6,625 บาท ดูรายละเอียดเพิ่มเติม https://www.reg.chula.ac.th/th/information/fee/",ร้อยละ 83.07 ต่อปีการศึกษา
10010137111301A,chulalongkorn,001,37,01,วิทยาเขตหลัก,Main Campus,หลักสูตรวิทยาศาสตรบัณฑิต สาขาวิชาเทคนิคการแพทย์,Bachelor of Science Program in Medical Technology,A,ภาษาไทย ปกติ,13,เทคนิคการแพทย์,Medical Technology,"ภาคการศึกษาต้นและภาคการศึกษาปลาย ภาคการศึกษาละ 26,500 บาท ภาคฤดูร้อน(ถ้ามี) ภาคการศึกษาละ 6,625 บาท ดูรายละเอียดเพิ่มเติม https://www.reg.chula.ac.th/th/information/fee/",ร้อยละ 95.23 ต่อปีการศึกษา
10010137111801A,chulalongkorn,001,37,01,วิทยาเขตหลัก,Main Campus,หลักสูตรวิทยาศาสตรบัณฑิต สาขาวิชาโภชนาการและการกำหนดอาหาร,Bachelor of Science Program in Nutrition and Dietetics,A,ภาษาไทย ปกติ,18,โภชนาการ,Nutrition,"ภาคการศึกษาต้นและภาคการศึกษาปลาย ภาคการศึกษาละ 26,500 บาท ภาคฤดูร้อน(ถ้ามี) ภาคการศึกษาละ 6,625 บาท ดูรายละเอียดเพิ่มเติม https://www.reg.chula.ac.th/th/information/fee/",ร้อยละ 92.59 ต่อปีการศึกษา
10010137111901A,chulalongkorn,001,37,01,วิทยาเขตหลัก,Main Campus,หลักสูตรวิทยาศาสตรบัณฑิต สาขาวิชารังสีเทคนิค,Bachelor of Science Program in Radiological Technology,A,ภาษาไทย ปกติ,19,รังสีเทคนิค,Radiological Technology,"ภาคการศึกษาต้นและภาคการศึกษาปลาย ภาคการศึกษาละ 26,500 บาท ภาคฤดูร้อน(ถ้ามี) ภาคการศึกษาละ 6,625 บาท ดูรายละเอียดเพิ่มเติม https://www.reg.chula.ac.th/th/information/fee/",ร้อยละ 100 ต่อปีการศึกษา
10010138113101A,chulalongkorn,001,38,01,วิทยาเขตหลัก,Main Campus,หลักสูตรวิทยาศาสตรบัณฑิต สาขาวิชาจิตวิทยา,Bachelor of Science Program in Psychology,A,ภาษาไทย ปกติ,31,จิตวิทยา,Psychology,"ภาคการศึกษาต้นและภาคการศึกษาปลาย ภาคการศึกษาละ 26,500 บาท ภาคฤดูร้อน(ถ้ามี) ภาคการศึกษาละ 6,625 บาท ดูรายละเอียดเพิ่มเติม https://www.reg.chula.ac.th/th/information/fee/",ร้อยละ 97.14 ต่อปีการศึกษา
10010138113102P,chulalongkorn,001,38,01,วิทยาเขตหลัก,Main Campus,หลักสูตรวิทยาศาสตรบัณฑิต สาขาวิชาวิทยาศาสตร์จิตวิทยา (หลักสูตรนานาชาติ),Bachelor of Science Program in Psychological Science (International Program),P,Double Degree - นานาชาติ ปกติ,31,จิตวิทยา,Psychology,"ระหว่างศึกษาที่จุฬาประกอบด้วยค่าเล่าเรียนภาคการศึกษาต้นและภาคการศึกษาปลาย ภาคการศึกษาละ 26,500 บาท ดูรายละเอียดเพิ่มเติม https://www.reg.chula.ac.th/th/information/fee/ ค่าธรรมเนียมหลักสูตร ภาคการศึกษาละ 70,000 บาท 
ระหว่างศึกษาที่ The University of Queensland ประกอบด้วย ค่าเล่าเรียนของจุฬาฯ ภาคการศึกษาละ 26,500 บาท และค่าเล่าเรียนของ The University of Queensland ภาคการศึกษาละ 25,000 AUD (โดยประมาณ)",0
10010139112001A,chulalongkorn,001,39,01,วิทยาเขตหลัก,Main Campus,หลักสูตรวิทยาศาสตรบัณฑิต สาขาวิชาวิทยาศาสตร์การกีฬาและการออกกำลังกาย,Bachelor of Science Program in Sports and Exercise Science,A,ภาษาไทย ปกติ,20,วิทยาศาสตร์การกีฬา,Sports Science,"ภาคการศึกษาต้นและภาคการศึกษาปลาย ภาคการศึกษาละ 26,500 บาท ภาคฤดูร้อน(ถ้ามี) ภาคการศึกษาละ 6,625 บาท ดูรายละเอียดเพิ่มเติม https://www.reg.chula.ac.th/th/information/fee/",ร้อยละ 80 ต่อปีการศึกษา
10010140900301A,chulalongkorn,001,40,01,วิทยาเขตหลัก,Main Campus,หลักสูตรศิลปศาสตรและวิทยาศาสตรบัณฑิต สาขาวิชาการบริหารจัดการทรัพยากรการเกษตร,Bachelor of Arts and Science Program in Agricultural Resources Administration,A,ภาษาไทย ปกติ,03,การประกอบการ,Entrepreneur,"ภาคการศึกษาต้นและภาคการศึกษาปลาย ภาคการศึกษาละ 21,000 บาท ภาคฤดูร้อน(ถ้ามี) ภาคการศึกษาละ 5,250 บาท ดูรายละเอียดเพิ่มเติม https://www.reg.chula.ac.th/th/information/fee/",ร้อยละ 88.56 ต่อปีการศึกษา
10010156212401E,chulalongkorn,001,56,01,วิทยาเขตหลัก,Main Campus,หลักสูตรศิลปศาสตรและวิทยาศาสตรบัณฑิต สาขาวิชานวัตกรรมบูรณาการ (หลักสูตรนานาชาติ),Bachelor of Arts and Science in Integrated Innovation Program,E,นานาชาติ,24,นวัตกรรม,Innovation,ดูรายละเอียดเพิ่มเติม https://www.chula.ac.th/academics/admissions/tuition-and-fees/,ร้อยละ 100 ต่อปีการศึกษา
10020101111802A,kasetsart,002,01,01,บางเขน,Bangkhen,วท.บ. สาขาวิชาอาหาร โภชนาการ และการกำหนดอาหาร,"B.S. (Food, Nutrition and Dietetics)",A,ภาษาไทย ปกติ,18,โภชนาการ,Nutrition,,0
10020101500101A,kasetsart,002,01,01,บางเขน,Bangkhen,วท.บ. สาขาวิชาเทคโนโลยีระบบเกษตร,B.S. (Agricultural Systems Technology),A,ภาษาไทย ปกติ,01,เกษตรกลวิธาน,Agricultural Mechanization,,0
10020101500201A,kasetsart,002,01,01,บางเขน,Bangkhen,วท.บ. สาขาวิชาการจัดการศัตรูพืชและสัตว์,B.S. (Pest Management),A,ภาษาไทย ปกติ,02,เกษตรศาสตร์,Agriculture,,0
10020101500202A,kasetsart,002,01,01,บางเขน,Bangkhen,วท.บ. สาขาวิชาสัตวศาสตร์อุตสาหกรรม,B.S. (Industrial Animal Science),A,ภาษาไทย ปกติ,02,เกษตรศาสตร์,Agriculture,,0
10020101500203A,kasetsart,002,01,01,บางเขน,Bangkhen,วท.บ. สาขาวิชาเคมีการเกษตร,B.S. (Agricultural Chemistry),A,ภาษาไทย ปกติ,02,เกษตรศาสตร์,Agriculture,,0
10020101500204A,kasetsart,002,01,01,บางเขน,Bangkhen,วท.บ. สาขาวิชาวิทยาศาสตร์เกษตร,B.S. (Agricultural Sciences),A,ภาษาไทย ปกติ,02,เกษตรศาสตร์,Agriculture,,0
10020101500205A,kasetsart,002,01,01,บางเขน,Bangkhen,วท.บ. สาขาวิชาเกษตรเขตร้อน,B.S. (Tropital Science),A,ภาษาไทย ปกติ,02,เกษตรศาสตร์,Agriculture,,0
10020101500205E,kasetsart,002,01,01,บางเขน,Bangkhen,วท.บ. สาขาวิชาเกษตรเขตร้อน,B.S. (Tropital Science)  (International Program),E,นานาชาติ,02,เกษตรศาสตร์,Agriculture,,0
10020101500301A,kasetsart,002,01,01,บางเขน,Bangkhen,วท.บ. สาขาวิชาคหกรรมศาสตร์,B.S. (Home Economics),A,ภาษาไทย ปกติ,03,คหกรรมศาสตร์,Home Economics,,0
10020102500601A,kasetsart,002,02,01,บางเขน,Bangkhen,วท.บ. สาขาวิชาประมง,B.S. (Fisheries),A,ภาษาไทย ปกติ,06,ประมง,Fishery,,0
10020103501001A,kasetsart,002,03,01,บางเขน,Bangkhen,วท.บ. สาขาวิชาวนศาสตร์,B.S. (Forestry),A,ภาษาไทย ปกติ,10,วนศาสตร์,Forestry,,ร้อยละ 87.5
10020104210301A,kasetsart,002,04,01,บางเขน,Bangkhen,วท.บ. สาขาวิชาคณิตศาสตร์,B.S. (Mathematics),A,ภาษาไทย ปกติ,03,คณิตศาสตร์,Mathematics,,85% (อ้างอิงข้อมูลปีการศึกษา 2567)
10020104210401A,kasetsart,002,04,01,บางเขน,Bangkhen,วท.บ. สาขาวิชาเคมี,B.S. (Chemistry),A,ภาษาไทย ปกติ,04,เคมี,Chemistry,,0
10020104210402E,kasetsart,002,04,01,บางเขน,Bangkhen,วท.บ. สาขาวิชาเคมีบูรณาการ,B.S. (Integrated Chemistry)  (International Program),E,นานาชาติ,04,เคมี,Chemistry,,100%
10020104210404A,kasetsart,002,04,01,บางเขน,Bangkhen,วท.บ. สาขาวิชาเคมีอุตสาหกรรม,B.S. (Industrial Chemistry),A,ภาษาไทย ปกติ,04,เคมี,Chemistry,,88%
10020104210501A,kasetsart,002,04,01,บางเขน,Bangkhen,วท.บ. สาขาวิชาจุลชีววิทยา,B.S. (Microbiology),A,ภาษาไทย ปกติ,05,จุลชีววิทยา,Microbiology,,83.6% (อ้างอิงปีการศึกษา 2567)
10020104210601A,kasetsart,002,04,01,บางเขน,Bangkhen,วท.บ. สาขาวิชาชีวเคมี,B.S. (Biochemistry),A,ภาษาไทย ปกติ,06,ชีวเคมี,Biochemistry,,83.33% (อ้างอิงข้อมูลปีการศึกษา 2567)
10020104210701A,kasetsart,002,04,01,บางเขน,Bangkhen,วท.บ. สาขาวิชาชีววิทยา,B.S. (Biology),A,ภาษาไทย ปกติ,07,ชีววิทยา,Biology,,78%
10020104210701A,kasetsart,002,04,01,บางเขน,Bangkhen,วท.บ. สาขาวิชาชีววิทยา,B.S. (Biology),A,ภาษาไทย ปกติ,07,ชีววิทยา,Biology,,78%
10020104210702A,kasetsart,002,04,01,บางเขน,Bangkhen,วท.บ. สาขาวิชาวิทยาศาสตร์ชีวภาพรังสี,B.S. (Radiation Biosciences),A,ภาษาไทย ปกติ,07,ชีววิทยา,Biology,,average of 78%
10020104211201E,kasetsart,002,04,01,บางเขน,Bangkhen,วท.บ. สาขาวิชาวิทยาศาสตร์ชีวภาพและเทคโนโลยี,B.S. (Bioscience and Technology)  (International Program),E,นานาชาติ,12,เทคโนโลยีชีวภาพ,Biotechnology,,average of 97%
10020104212301A,kasetsart,002,04,01,บางเขน,Bangkhen,วท.บ. สาขาวิชาวิทยาศาสตร์พื้นพิภพ,B.S. (Earth Science),A,ภาษาไทย ปกติ,23,ธรณีวิทยา,Geology,,80%
10020104212501A,kasetsart,002,04,01,บางเขน,Bangkhen,วท.บ. สาขาวิชาพฤกษศาสตร์,B.S. (Botany),A,ภาษาไทย ปกติ,25,พฤกษศาสตร์,Botany,,100.00% (ข้อมูล ณ พฤษภาคม 2568)
10020104212601A,kasetsart,002,04,01,บางเขน,Bangkhen,วท.บ. สาขาวิชาพันธุศาสตร์,B.S. (Genetics),A,ภาษาไทย ปกติ,26,พันธุศาสตร์,Genetics,,60%
10020104212701A,kasetsart,002,04,01,บางเขน,Bangkhen,วท.บ. สาขาวิชาฟิสิกส์,B.S. (Physics),A,ภาษาไทย ปกติ,27,ฟิสิกส์,Physics,,62%
10020104212702A,kasetsart,002,04,01,บางเขน,Bangkhen,วท.บ. สาขาวิชาวิทยาศาสตร์นิวเคลียร์,B.S. (Nuclear Science),A,ภาษาไทย ปกติ,27,ฟิสิกส์,Physics,,65%
10020104213301A,kasetsart,002,04,01,บางเขน,Bangkhen,วท.บ. สาขาวิชาสถิติ,B.S. (Statistics),A,ภาษาไทย ปกติ,33,สถิติ,Statistics,,85%
10020104213301B,kasetsart,002,04,01,บางเขน,Bangkhen,วท.บ. สาขาวิชาสถิติ,B.S. (Statistics),B,ภาษาไทย พิเศษ,33,สถิติ,Statistics,,85%
10020104213601E,kasetsart,002,04,01,บางเขน,Bangkhen,วท.บ. สาขาวิชาวิทยาการและเทคโนโลยีพอลิเมอร์,B.S. (Polymer Science and Technology),E,นานาชาติ,36,เทคโนโลยีพอลิเมอร์,Polymers Technology,,100%
10020104220201A,kasetsart,002,04,01,บางเขน,Bangkhen,วท.บ. สาขาวิชาวิทยาการคอมพิวเตอร์,B.S. (Computer Science),A,ภาษาไทย ปกติ,02,วิทยาการคอมพิวเตอร์,Computer Science,,-
10020104220201B,kasetsart,002,04,01,บางเขน,Bangkhen,วท.บ. สาขาวิชาวิทยาการคอมพิวเตอร์,B.S. (Computer Science),B,ภาษาไทย พิเศษ,02,วิทยาการคอมพิวเตอร์,Computer Science,,-
10020105300501A,kasetsart,002,05,01,บางเขน,Bangkhen,วศ.บ. สาขาวิชาวิศวกรรมคอมพิวเตอร์,B.Eng. (Computer Engineering),A,ภาษาไทย ปกติ,05,วิศวกรรมคอมพิวเตอร์,Computer Engineering,,0
10020105300601A,kasetsart,002,05,01,บางเขน,Bangkhen,วศ.บ. สาขาวิชาวิศวกรรมเคมี,B.Eng. (Chemical Engineering),A,ภาษาไทย ปกติ,06,วิศวกรรมเคมี,Chemical Engineering,,0
10020105300601B,kasetsart,002,05,01,บางเขน,Bangkhen,วศ.บ. สาขาวิชาวิศวกรรมเคมี,B.Eng. (Chemical Engineering),B,ภาษาไทย พิเศษ,06,วิศวกรรมเคมี,Chemical Engineering,,0
10020105300701A,kasetsart,002,05,01,บางเขน,Bangkhen,วศ.บ. สาขาวิชาวิศวกรรมเครื่องกล,B.Eng. (Mechanical Engineering),A,ภาษาไทย ปกติ,07,วิศวกรรมเครื่องกล,Mechanical Engineering,,0
10020105300701B,kasetsart,002,05,01,บางเขน,Bangkhen,วศ.บ. สาขาวิชาวิศวกรรมเครื่องกล,B.Eng. (Mechanical Engineering),B,ภาษาไทย พิเศษ,07,วิศวกรรมเครื่องกล,Mechanical Engineering,,0
10020105300701E,kasetsart,002,05,01,บางเขน,Bangkhen,วศ.บ. สาขาวิชาวิศวกรรมเครื่องกล,B.Eng. (Mechanical Engineering)  (International Program),E,นานาชาติ,07,วิศวกรรมเครื่องกล,Mechanical Engineering,,0
10020105301001E,kasetsart,002,05,01,บางเขน,Bangkhen,วศ.บ. สาขาวิชาวิศวกรรมซอฟต์แวร์และความรู้,B.Eng. (Software and Knowledge Engineering)  (International Program),E,นานาชาติ,10,วิศวกรรมซอฟต์แวร์,Software Engineering,,0
10020105301601A,kasetsart,002,05,01,บางเขน,Bangkhen,วศ.บ. สาขาวิชาวิศวกรรมไฟฟ้า,B.Eng. (Electrical Engineering),A,ภาษาไทย ปกติ,16,วิศวกรรมไฟฟ้า,Electrical Engineering,,0
10020105301601B,kasetsart,002,05,01,บางเขน,Bangkhen,วศ.บ. สาขาวิชาวิศวกรรมไฟฟ้า,B.Eng. (Electrical Engineering),B,ภาษาไทย พิเศษ,16,วิศวกรรมไฟฟ้า,Electrical Engineering,,0
10020105301601D,kasetsart,002,05,01,บางเขน,Bangkhen,วศ.บ. สาขาวิชาวิศวกรรมไฟฟ้า,B.Eng. (Electrical Engineering),D,ภาษาต่างประเทศ,16,วิศวกรรมไฟฟ้า,Electrical Engineering,,0
10020105301901A,kasetsart,002,05,01,บางเขน,Bangkhen,วศ.บ. สาขาวิชาวิศวกรรมไฟฟ้าเครื่องกลการผลิต,B.Eng. (Electrical-Mechanical Manufacturing Engineering),A,ภาษาไทย ปกติ,19,วิศวกรรมเมคคาทรอนิกส์,Mechatronic Engineering,,0
10020105301901B,kasetsart,002,05,01,บางเขน,Bangkhen,วศ.บ. สาขาวิชาวิศวกรรมไฟฟ้าเครื่องกลการผลิต,B.Eng. (Electrical-Mechanical Manufacturing Engineering),B,ภาษาไทย พิเศษ,19,วิศวกรรมเมคคาทรอนิกส์,Mechatronic Engineering,,0
10020105301902E,kasetsart,002,05,01,บางเขน,Bangkhen,วศ.บ. สาขาวิชาวิศวกรรมการผลิตดิจิทัลและการบูรณาการหุ่นยนต์,B.Eng. (Digital Manufacturing and Robotics Integration Engineering),E,นานาชาติ,19,วิศวกรรมเมคคาทรอนิกส์,Mechatronic Engineering,,0
10020105302101A,kasetsart,002,05,01,บางเขน,Bangkhen,วศ.บ. สาขาวิชาวิศวกรรมโยธา,B.Eng. (Civil Engineering),A,ภาษาไทย ปกติ,21,วิศวกรรมโยธา,Civil Engineering,,0
10020105302101D,kasetsart,002,05,01,บางเขน,Bangkhen,วศ.บ. สาขาวิชาวิศวกรรมโยธา,B.Eng. (Civil Engineering),D,ภาษาต่างประเทศ,21,วิศวกรรมโยธา,Civil Engineering,,0
10020105302103A,kasetsart,002,05,01,บางเขน,Bangkhen,วศ.บ. สาขาวิชาวิศวกรรมโยธา-ทรัพยากรน้ำ,B.Eng. (Civil-Water Resources Engineering),A,ภาษาไทย ปกติ,21,วิศวกรรมโยธา,Civil Engineering,,0
10020105302501A,kasetsart,002,05,01,บางเขน,Bangkhen,วศ.บ. สาขาวิชาวิศวกรรมวัสดุ,B.Eng. (Materials Engineering),A,ภาษาไทย ปกติ,25,วิศวกรรมวัสดุ,Materials Engineering,,0
10020105302501B,kasetsart,002,05,01,บางเขน,Bangkhen,วศ.บ. สาขาวิชาวิศวกรรมวัสดุ,B.Eng. (Materials Engineering),B,ภาษาไทย พิเศษ,25,วิศวกรรมวัสดุ,Materials Engineering,,0
10020105302701B,kasetsart,002,05,01,บางเขน,Bangkhen,วศ.บ. สาขาวิชาวิศวกรรมสำรวจและสารสนเทศภูมิศาสตร์,B.Eng. (Survey Engineering and Geographic Information),B,ภาษาไทย พิเศษ,27,วิศวกรรมสำรวจ,Survey Engineering,,0
10020105302801A,kasetsart,002,05,01,บางเขน,Bangkhen,วศ.บ. สาขาวิชาวิศวกรรมสิ่งแวดล้อม,B.Eng. (Environmental Engineering),A,ภาษาไทย ปกติ,28,วิศวกรรมสิ่งแวดล้อม,Environmental Engineering,,0
10020105302801D,kasetsart,002,05,01,บางเขน,Bangkhen,วศ.บ. สาขาวิชาวิศวกรรมสิ่งแวดล้อม,B.Eng. (Environmental Engineering),D,ภาษาต่างประเทศ,28,วิศวกรรมสิ่งแวดล้อม,Environmental Engineering,,0
10020105303201A,kasetsart,002,05,01,บางเขน,Bangkhen,วศ.บ. สาขาวิชาวิศวกรรมการบินและอวกาศ,B.Eng. (Aerospace Engineering),A,ภาษาไทย ปกติ,32,วิศวกรรมอากาศยาน,Aeronautical Engineering,,0
10020105303201G,kasetsart,002,05,01,บางเขน,Bangkhen,วศ.บ. สาขาวิชาวิศวกรรมการบินและอวกาศ,B.Eng. (Aerospace Engineering) (International Program),G,Double Degree - นานาชาติ พิเศษ,32,วิศวกรรมอากาศยาน,Aeronautical Engineering,,0
10020105303402A,kasetsart,002,05,01,บางเขน,Bangkhen,วศ.บ. สาขาวิชาวิศวกรรมเซมิคอนดักเตอร์,B.Eng. (Semiconductor Engineering),A,ภาษาไทย ปกติ,34,วิศวกรรมอิเล็กทรอนิกส์,Electronics Engineering,,
10020105303402A,kasetsart,002,05,01,บางเขน,Bangkhen,วศ.บ. สาขาวิชาวิศวกรรมเซมิคอนดักเตอร์,B.Eng. (Semiconductor Engineering),A,ภาษาไทย ปกติ,34,วิศวกรรมอิเล็กทรอนิกส์,Electronics Engineering,,
10020105303501A,kasetsart,002,05,01,บางเขน,Bangkhen,วศ.บ. สาขาวิชาวิศวกรรมอุตสาหการ,B.Eng. (Industrial Engineering),A,ภาษาไทย ปกติ,35,วิศวกรรมอุตสาหการ,Industrial Engineering,,0
10020105303501B,kasetsart,002,05,01,บางเขน,Bangkhen,วศ.บ. สาขาวิชาวิศวกรรมอุตสาหการ,B.Eng. (Industrial Engineering),B,ภาษาไทย พิเศษ,35,วิศวกรรมอุตสาหการ,Industrial Engineering,,0
10020105303501D,kasetsart,002,05,01,บางเขน,Bangkhen,วศ.บ. สาขาวิชาวิศวกรรมอุตสาหการ,B.Eng. (Industrial Engineering),D,ภาษาต่างประเทศ,35,วิศวกรรมอุตสาหการ,Industrial Engineering,,0
10020105620202B,kasetsart,002,05,01,บางเขน,Bangkhen,วท.บ. สาขาวิชาการจัดการเทคโนโลยีการบิน,B.S. (Aviation Technology Management),B,ภาษาไทย พิเศษ,02,การบิน,Aviation,,0
10020106700301A,kasetsart,002,06,01,บางเขน,Bangkhen,ศษ.บ. สาขาวิชาศึกษาศาสตร์,B.Ed. (Education),A,ภาษาไทย ปกติ,03,การมัธยมศึกษา,Secondary Education,,ร้อยละ 83.33
10020106700301A,kasetsart,002,06,01,บางเขน,Bangkhen,ศษ.บ. สาขาวิชาศึกษาศาสตร์,B.Ed. (Education),A,ภาษาไทย ปกติ,03,การมัธยมศึกษา,Secondary Education,,ร้อยละ 95.45
10020106700301A,kasetsart,002,06,01,บางเขน,Bangkhen,ศษ.บ. สาขาวิชาศึกษาศาสตร์,B.Ed. (Education),A,ภาษาไทย ปกติ,03,การมัธยมศึกษา,Secondary Education,,ร้อยละ 85.71
10020106700301A,kasetsart,002,06,01,บางเขน,Bangkhen,ศษ.บ. สาขาวิชาศึกษาศาสตร์,B.Ed. (Education),A,ภาษาไทย ปกติ,03,การมัธยมศึกษา,Secondary Education,,ร้อยละ 84.62
10020106700301A,kasetsart,002,06,01,บางเขน,Bangkhen,ศษ.บ. สาขาวิชาศึกษาศาสตร์,B.Ed. (Education),A,ภาษาไทย ปกติ,03,การมัธยมศึกษา,Secondary Education,,ร้อยละ 91.30
10020106700301A,kasetsart,002,06,01,บางเขน,Bangkhen,ศษ.บ. สาขาวิชาศึกษาศาสตร์,B.Ed. (Education),A,ภาษาไทย ปกติ,03,การมัธยมศึกษา,Secondary Education,,ร้อยละ 67.74
10020106700301A,kasetsart,002,06,01,บางเขน,Bangkhen,ศษ.บ. สาขาวิชาศึกษาศาสตร์,B.Ed. (Education),A,ภาษาไทย ปกติ,03,การมัธยมศึกษา,Secondary Education,,ร้อยละ 85.71
10020106702801A,kasetsart,002,06,01,บางเขน,Bangkhen,ศษ.บ. สาขาวิชาพลศึกษา,B.Ed. (Physical Education),A,ภาษาไทย ปกติ,28,สุขศึกษา พลศึกษา และนันทนาการ,Health Physical Education and Recreation,,ร้อยละ 75.24
10020106702802A,kasetsart,002,06,01,บางเขน,Bangkhen,ศษ.บ. สาขาวิชาสุขศึกษา,B.Ed. (Health Education),A,ภาษาไทย ปกติ,28,สุขศึกษา พลศึกษา และนันทนาการ,Health Physical Education and Recreation,,ร้อยละ 83.33
10020107611101A,kasetsart,002,07,01,บางเขน,Bangkhen,ศ.บ. สาขาวิชาเศรษฐศาสตร์,B.Econ.,A,ภาษาไทย ปกติ,11,เศรษฐศาสตร์,Economics,,0
10020107611101B,kasetsart,002,07,01,บางเขน,Bangkhen,ศ.บ. สาขาวิชาเศรษฐศาสตร์,B.Econ.,B,ภาษาไทย พิเศษ,11,เศรษฐศาสตร์,Economics,,0
10020107611101D,kasetsart,002,07,01,บางเขน,Bangkhen,ศ.บ. สาขาวิชาเศรษฐศาสตร์,B.Econ.,D,ภาษาต่างประเทศ,11,เศรษฐศาสตร์,Economics,,0
10020107611102A,kasetsart,002,07,01,บางเขน,Bangkhen,ศ.บ. สาขาวิชาเศรษฐศาสตร์สหกรณ์,B.Econ. (Cooperatives Economics),A,ภาษาไทย ปกติ,11,เศรษฐศาสตร์,Economics,,ร้อยละ 88.04
10020107611102B,kasetsart,002,07,01,บางเขน,Bangkhen,ศ.บ. สาขาวิชาเศรษฐศาสตร์สหกรณ์,B.Econ. (Cooperatives Economics),B,ภาษาไทย พิเศษ,11,เศรษฐศาสตร์,Economics,,ร้อยละ 81.15
10020107611103A,kasetsart,002,07,01,บางเขน,Bangkhen,ศ.บ. สาขาวิชาเศรษฐศาสตร์ประยุกต์และธุรกิจเกษตร,B.Econ. (Applied Economics and Agribusiness),A,ภาษาไทย ปกติ,11,เศรษฐศาสตร์,Economics,,0
10020107611103B,kasetsart,002,07,01,บางเขน,Bangkhen,ศ.บ. สาขาวิชาเศรษฐศาสตร์ประยุกต์และธุรกิจเกษตร,B.Econ. (Applied Economics and Agribusiness),B,ภาษาไทย พิเศษ,11,เศรษฐศาสตร์,Economics,,0
10020107611104E,kasetsart,002,07,01,บางเขน,Bangkhen,ศศ.บ. สาขาวิชาเศรษฐศาสตร์การประกอบการ,B.A. (Entrepreneurial Economics) (International Program) ),E,นานาชาติ,11,เศรษฐศาสตร์,Economics,,0
10020108113101A,kasetsart,002,08,01,บางเขน,Bangkhen,วท.บ. สาขาวิชาจิตวิทยา,B.S. (Psychology),A,ภาษาไทย ปกติ,31,จิตวิทยา,Psychology,,ร้อยละ 94.48
10020108113101A,kasetsart,002,08,01,บางเขน,Bangkhen,วท.บ. สาขาวิชาจิตวิทยา,B.S. (Psychology),A,ภาษาไทย ปกติ,31,จิตวิทยา,Psychology,,ร้อยละ 94.48
10020108113101A,kasetsart,002,08,01,บางเขน,Bangkhen,วท.บ. สาขาวิชาจิตวิทยา,B.S. (Psychology),A,ภาษาไทย ปกติ,31,จิตวิทยา,Psychology,,ร้อยละ 94.48
10020108113101A,kasetsart,002,08,01,บางเขน,Bangkhen,วท.บ. สาขาวิชาจิตวิทยา,B.S. (Psychology),A,ภาษาไทย ปกติ,31,จิตวิทยา,Psychology,,ร้อยละ 94.48
10020108113101B,kasetsart,002,08,01,บางเขน,Bangkhen,วท.บ. สาขาวิชาจิตวิทยา,B.S. (Psychology),B,ภาษาไทย พิเศษ,31,จิตวิทยา,Psychology,,ร้อยละ 94.48
10020108113101B,kasetsart,002,08,01,บางเขน,Bangkhen,วท.บ. สาขาวิชาจิตวิทยา,B.S. (Psychology),B,ภาษาไทย พิเศษ,31,จิตวิทยา,Psychology,,ร้อยละ 94.48
10020108113101B,kasetsart,002,08,01,บางเขน,Bangkhen,วท.บ. สาขาวิชาจิตวิทยา,B.S. (Psychology),B,ภาษาไทย พิเศษ,31,จิตวิทยา,Psychology,,ร้อยละ 94.48
10020108113101B,kasetsart,002,08,01,บางเขน,Bangkhen,วท.บ. สาขาวิชาจิตวิทยา,B.S. (Psychology),B,ภาษาไทย พิเศษ,31,จิตวิทยา,Psychology,,ร้อยละ 94.48
10020108901001A,kasetsart,002,08,01,บางเขน,Bangkhen,น.บ.(นิติศาสตรบัณฑิต),LL.B.,A,ภาษาไทย ปกติ,10,นิติศาสตร์,Laws,,0
10020108901001B,kasetsart,002,08,01,บางเขน,Bangkhen,น.บ.(นิติศาสตรบัณฑิต),LL.B.,B,ภาษาไทย พิเศษ,10,นิติศาสตร์,Laws,,0
10020108901401A,kasetsart,002,08,01,บางเขน,Bangkhen,ศศ.บ. สาขาวิชาประวัติศาสตร์,B.A. (History),A,ภาษาไทย ปกติ,14,ประวัติศาสตร์,History,,ร้อยละ 77.41
10020108902801B,kasetsart,002,08,01,บางเขน,Bangkhen,ศศ.บ. สาขาวิชาเอเชียตะวันออกเฉียงใต้ศึกษา,B.A. (Southeast Asian Studies),B,ภาษาไทย พิเศษ,28,เอเชีย,Asia,,ร้อยละ 98.21
10020108903001A,kasetsart,002,08,01,บางเขน,Bangkhen,วท.บ. สาขาวิชาภูมิศาสตร์และภูมิสารสนเทศศาสตร์,B.S. (Geography and Geoinformatics),A,ภาษาไทย ปกติ,30,ภูมิศาสตร์,Geography,,ร้อยละ 76.67
10020108903001B,kasetsart,002,08,01,บางเขน,Bangkhen,วท.บ. สาขาวิชาภูมิศาสตร์และภูมิสารสนเทศศาสตร์,B.S. (Geography and Geoinformatics),B,ภาษาไทย พิเศษ,30,ภูมิศาสตร์,Geography,,ร้อยละ 76.67
10020108903102A,kasetsart,002,08,01,บางเขน,Bangkhen,ศศ.บ. สาขาวิชารัฐประศาสนศาสตร์,B.A. (Public Administration),A,ภาษาไทย ปกติ,31,รัฐประศาสนศาสตร์,Public Administration,,ร้อยละ 92.65
10020108903102B,kasetsart,002,08,01,บางเขน,Bangkhen,ศศ.บ. สาขาวิชารัฐประศาสนศาสตร์,B.A. (Public Administration),B,ภาษาไทย พิเศษ,31,รัฐประศาสนศาสตร์,Public Administration,,ร้อยละ 92.65
10020108903201A,kasetsart,002,08,01,บางเขน,Bangkhen,ศศ.บ. สาขาวิชารัฐศาสตร์,B.A. (Political Science),A,ภาษาไทย ปกติ,32,รัฐศาสตร์,Political Science,,ร้อยละ 86.31
10020108903201A,kasetsart,002,08,01,บางเขน,Bangkhen,ศศ.บ. สาขาวิชารัฐศาสตร์,B.A. (Political Science),A,ภาษาไทย ปกติ,32,รัฐศาสตร์,Political Science,,ร้อยละ 86.31
10020108903201A,kasetsart,002,08,01,บางเขน,Bangkhen,ศศ.บ. สาขาวิชารัฐศาสตร์,B.A. (Political Science),A,ภาษาไทย ปกติ,32,รัฐศาสตร์,Political Science,,ร้อยละ 86.31
10020108903201B,kasetsart,002,08,01,บางเขน,Bangkhen,ศศ.บ. สาขาวิชารัฐศาสตร์,B.A. (Political Science),B,ภาษาไทย พิเศษ,32,รัฐศาสตร์,Political Science,,ร้อยละ 86.31
10020108903201B,kasetsart,002,08,01,บางเขน,Bangkhen,ศศ.บ. สาขาวิชารัฐศาสตร์,B.A. (Political Science),B,ภาษาไทย พิเศษ,32,รัฐศาสตร์,Political Science,,ร้อยละ 86.31
10020108903201B,kasetsart,002,08,01,บางเขน,Bangkhen,ศศ.บ. สาขาวิชารัฐศาสตร์,B.A. (Political Science),B,ภาษาไทย พิเศษ,32,รัฐศาสตร์,Political Science,,ร้อยละ 86.31
10020108903501A,kasetsart,002,08,01,บางเขน,Bangkhen,ศศ.บ. สาขาวิชาสังคมวิทยาและมานุษยวิทยา,B.A. (Sociology and Anthropology),A,ภาษาไทย ปกติ,35,สังคมวิทยา,Sociology,,0
10020108903501B,kasetsart,002,08,01,บางเขน,Bangkhen,ศศ.บ. สาขาวิชาสังคมวิทยาและมานุษยวิทยา,B.A. (Sociology and Anthropology),B,ภาษาไทย พิเศษ,35,สังคมวิทยา,Sociology,,0
10020109140101A,kasetsart,002,09,01,บางเขน,Bangkhen,สพ.บ.(สัตวแพทยศาสตรบัณฑิต),D.V.M.,A,ภาษาไทย ปกติ,01,สัตวแพทยศาสตร์,Veterinary Medicine,,0
10020110501101E,kasetsart,002,10,01,บางเขน,Bangkhen,วท.บ. สาขาวิชานวัตกรรมและเทคโนโลยีอุตสาหกรรมเกษตร,B.S. (Agro-Indsutrial Innovation and Technology)  (International Program),E,นานาชาติ,11,อุตสาหกรรมเกษตร,Agro-Industry,,-
10020110501102A,kasetsart,002,10,01,บางเขน,Bangkhen,วท.บ. สาขาวิชาเทคโนโลยีการบรรจุ,B.S. (Packaging Technology),A,ภาษาไทย ปกติ,11,อุตสาหกรรมเกษตร,Agro-Industry,,-
10020110501103A,kasetsart,002,10,01,บางเขน,Bangkhen,วท.บ. สาขาวิชาเทคโนโลยีสิ่งทอและแฟชั่น,B.S. (Textile and Fashion Technology),A,ภาษาไทย ปกติ,11,อุตสาหกรรมเกษตร,Agro-Industry,,-
10020110501104A,kasetsart,002,10,01,บางเขน,Bangkhen,วท.บ. สาขาวิชาเทคโนโลยีชีวภาพ,B.S. (Biotechnology),A,ภาษาไทย ปกติ,11,อุตสาหกรรมเกษตร,Agro-Industry,,-
10020110501105A,kasetsart,002,10,01,บางเขน,Bangkhen,วท.บ. สาขาวิชาพัฒนาผลิตภัณฑ์อุตสาหกรรมเกษตร,B.S. (Agro-Indsutrial Product Development),A,ภาษาไทย ปกติ,11,อุตสาหกรรมเกษตร,Agro-Industry,,-
10020110501106A,kasetsart,002,10,01,บางเขน,Bangkhen,วท.บ. สาขาวิชาวิทยาศาสตร์และเทคโนโลยีการอาหาร,B.S. (Food Science and Technology),A,ภาษาไทย ปกติ,11,อุตสาหกรรมเกษตร,Agro-Industry,,-
10020110501106B,kasetsart,002,10,01,บางเขน,Bangkhen,วท.บ. สาขาวิชาวิทยาศาสตร์และเทคโนโลยีการอาหาร,B.S. (Food Science and Technology),B,ภาษาไทย พิเศษ,11,อุตสาหกรรมเกษตร,Agro-Industry,,-
10020111620103E,kasetsart,002,11,01,บางเขน,Bangkhen,ศศ.บ. สาขาวิชาการจัดการการท่องเที่ยวเชิงบูรณาการ,B.A. (Integrated Tourism Management) (International Program)),E,นานาชาติ,01,การท่องเที่ยวและการโรงแรม,Tourism and Hotel,,ร้อยละ 77.50
10020111620105A,kasetsart,002,11,01,บางเขน,Bangkhen,ศศ.บ. สาขาวิชาการสร้างสรรค์การบริการเพื่อธุรกิจการท่องเที่ยว,B.A. (Service Creation for Tourism Business),A,ภาษาไทย ปกติ,01,การท่องเที่ยวและการโรงแรม,Tourism and Hotel,,ร้้อยละ 96.20
10020111800201A,kasetsart,002,11,01,บางเขน,Bangkhen,ศศ.บ. สาขาวิชาดนตรีไทย,B.A. (Thai Music),A,ภาษาไทย ปกติ,02,ดุริยางคศิลป์,Music,,0
10020111800202A,kasetsart,002,11,01,บางเขน,Bangkhen,ศศ.บ. สาขาวิชาดนตรีตะวันตก,B.A. (Western Music),A,ภาษาไทย ปกติ,02,ดุริยางคศิลป์,Music,,0
10020111901501A,kasetsart,002,11,01,บางเขน,Bangkhen,ศศ.บ. สาขาวิชาปรัชญาและศาสนา,B.A. (Philosophy and Religion),A,ภาษาไทย ปกติ,15,ปรัชญา ศาสนา,Philosophy/Religion,,0
10020111901701A,kasetsart,002,11,01,บางเขน,Bangkhen,ศศ.บ. สาขาวิชาภาษาเกาหลีธุรกิจ,B.A. (Business Korean),A,ภาษาไทย ปกติ,17,เกาหลี,Korean,,0
10020111901701B,kasetsart,002,11,01,บางเขน,Bangkhen,ศศ.บ. สาขาวิชาภาษาเกาหลีธุรกิจ,B.A. (Business Korean),B,ภาษาไทย พิเศษ,17,เกาหลี,Korean,,0
10020111901801A,kasetsart,002,11,01,บางเขน,Bangkhen,ศศ.บ. สาขาวิชาภาษาจีน,B.A. (Chinese),A,ภาษาไทย ปกติ,18,จีน,Chinese,,0
10020111901802B,kasetsart,002,11,01,บางเขน,Bangkhen,ศศ.บ. สาขาวิชาภาษาจีนธุรกิจ,B.A. (Business Chinese),B,ภาษาไทย พิเศษ,18,จีน,Chinese,,0
10020111901901A,kasetsart,002,11,01,บางเขน,Bangkhen,ศศ.บ. สาขาวิชาภาษาญี่ปุ่นธุรกิจ,B.A. (Business Japanese),A,ภาษาไทย ปกติ,19,ญี่ปุ่น,Japanese,,0
10020111901901B,kasetsart,002,11,01,บางเขน,Bangkhen,ศศ.บ. สาขาวิชาภาษาญี่ปุ่นธุรกิจ,B.A. (Business Japanese),B,ภาษาไทย พิเศษ,19,ญี่ปุ่น,Japanese,,0
10020111902001A,kasetsart,002,11,01,บางเขน,Bangkhen,ศศ.บ. สาขาวิชาภาษาไทย,B.A. (Thai),A,ภาษาไทย ปกติ,20,ไทย,Thai,,ร้อยละ 88.73
10020111902403A,kasetsart,002,11,01,บางเขน,Bangkhen,ศศ.บ. สาขาวิชาภาษาตะวันตก,B.A. (Western Languages),A,ภาษาไทย ปกติ,24,ยุโรป,Europe,,
10020111902403A,kasetsart,002,11,01,บางเขน,Bangkhen,ศศ.บ. สาขาวิชาภาษาตะวันตก,B.A. (Western Languages),A,ภาษาไทย ปกติ,24,ยุโรป,Europe,,
10020111902403A,kasetsart,002,11,01,บางเขน,Bangkhen,ศศ.บ. สาขาวิชาภาษาตะวันตก,B.A. (Western Languages),A,ภาษาไทย ปกติ,24,ยุโรป,Europe,,
10020111902501A,kasetsart,002,11,01,บางเขน,Bangkhen,ศศ.บ. สาขาวิชาภาษาอังกฤษ,B.A. (English),A,ภาษาไทย ปกติ,25,อังกฤษ,English,,0
10020111902501B,kasetsart,002,11,01,บางเขน,Bangkhen,ศศ.บ. สาขาวิชาภาษาอังกฤษ,B.A. (English),B,ภาษาไทย พิเศษ,25,อังกฤษ,English,,0
10020111903301A,kasetsart,002,11,01,บางเขน,Bangkhen,ศศ.บ. สาขาวิชาวรรณคดี,B.A. (Literature),A,ภาษาไทย ปกติ,33,วรรณคดี,Literature,,0
10020111903301A,kasetsart,002,11,01,บางเขน,Bangkhen,ศศ.บ. สาขาวิชาวรรณคดี,B.A. (Literature),A,ภาษาไทย ปกติ,33,วรรณคดี,Literature,,0
10020111903801A,kasetsart,002,11,01,บางเขน,Bangkhen,ศศ.บ. สาขาวิชานิเทศศาสตร์,B.A. (Communication Arts),A,ภาษาไทย ปกติ,38,สื่อสารมวลชนและเอกสาร,Mass Communication and Documentation,,ร้อยละ 77.5
10020111904301A,kasetsart,002,11,01,บางเขน,Bangkhen,ศศ.บ. สาขาวิชาภาษาศาสตร์ประยุกต์,B.A. (Applied Linguistics),A,ภาษาไทย ปกติ,43,อักษรศาสตร์,Arts,,0
10020112610101A,kasetsart,002,12,01,บางเขน,Bangkhen,บธ.บ. สาขาวิชาการเงิน,B.B.A. (Finance),A,ภาษาไทย ปกติ,01,การเงิน,Finance,,ร้อยละ 71.25
10020112610201A,kasetsart,002,12,01,บางเขน,Bangkhen,บธ.บ. สาขาวิชาการจัดการ,B.B.A. (Management),A,ภาษาไทย ปกติ,02,การจัดการ,Management,,ร้อยละ 91.25
10020112610202A,kasetsart,002,12,01,บางเขน,Bangkhen,บธ.บ. สาขาวิชาการจัดการการปฏิบัติการและเทคโนโลยี,B.B.A. (Operations and Technology Management),A,ภาษาไทย ปกติ,02,การจัดการ,Management,,ร้อยละ 83.75
10020112610501A,kasetsart,002,12,01,บางเขน,Bangkhen,บช.บ.(บัญชีบัณฑิต),B.Acc.,A,ภาษาไทย ปกติ,05,การบัญชี,Accountancy,,ร้อยละ 86.00
10020112610501B,kasetsart,002,12,01,บางเขน,Bangkhen,บช.บ.(บัญชีบัณฑิต),B.Acc.,B,ภาษาไทย พิเศษ,05,การบัญชี,Accountancy,,ร้อยละ 86.00
10020112610501E,kasetsart,002,12,01,บางเขน,Bangkhen,บช.บ.(บัญชีบัณฑิต),B.Acc.,E,นานาชาติ,05,การบัญชี,Accountancy,,ยังไม่มีผู้จบการศึกษาเนื่องจากเริ่มเปิดรับในปีการศึกษา 2569
10020112610601A,kasetsart,002,12,01,บางเขน,Bangkhen,บธ.บ. สาขาวิชาการตลาด,B.B.A. (Marketing),A,ภาษาไทย ปกติ,06,การตลาด,Marketing,,ร้อยละ 82.50
10020112610601E,kasetsart,002,12,01,บางเขน,Bangkhen,บธ.บ. สาขาวิชาการตลาด,B.B.A. (Marketing)  (International Program),E,นานาชาติ,06,การตลาด,Marketing,,ร้อยละ 65.00
10020112610801E,kasetsart,002,12,01,บางเขน,Bangkhen,บธ.บ.(บริหารธุรกิจบัณฑิต),B.B.A. (International Program),E,นานาชาติ,08,บริหารธุรกิจ,Business Administration,,ร้อยละ 88.89
10020113112901A,kasetsart,002,13,01,บางเขน,Bangkhen,วท.บ. สาขาวิชาเทคนิคการสัตวแพทย์,B.S. (Veterinary Technology),A,ภาษาไทย ปกติ,29,สุขภาพสัตว์,Animal Health,,ร้อยละ 94
10020113112901B,kasetsart,002,13,01,บางเขน,Bangkhen,วท.บ. สาขาวิชาเทคนิคการสัตวแพทย์,B.S. (Veterinary Technology),B,ภาษาไทย พิเศษ,29,สุขภาพสัตว์,Animal Health,,ร้อยละ 94
10020113112902A,kasetsart,002,13,01,บางเขน,Bangkhen,วท.บ. สาขาวิชาการพยาบาลสัตว์,B.S. (Veterinary Nursing),A,ภาษาไทย ปกติ,29,สุขภาพสัตว์,Animal Health,,ร้อยละ 90
10020113112902B,kasetsart,002,13,01,บางเขน,Bangkhen,วท.บ. สาขาวิชาการพยาบาลสัตว์,B.S. (Veterinary Nursing),B,ภาษาไทย พิเศษ,29,สุขภาพสัตว์,Animal Health,,ร้อยละ 90
10020114400201A,kasetsart,002,14,01,บางเขน,Bangkhen,วท.บ. สาขาวิชานวัตกรรมการออกแบบผลิตภัณฑ์เชิงบูรณาการ,B.S. (Integrated Product Design Innovation),A,ภาษาไทย ปกติ,02,การออกแบบอุตสาหกรรม,Industrial Design,,92
10020114400301A,kasetsart,002,14,01,บางเขน,Bangkhen,ภ.สถ.บ.(ภูมิสถาปัตยกรรมศาสตรบัณฑิต),B.L.A.,A,ภาษาไทย ปกติ,03,ภูมิสถาปัตยกรรม,Landscape Architecture,,87.87
10020114400501A,kasetsart,002,14,01,บางเขน,Bangkhen,สถ.บ.(สถาปัตยกรรมศาสตรบัณฑิต),B.Arch.,A,ภาษาไทย ปกติ,05,สถาปัตยกรรม,Architecture,,81.15
10020114400502A,kasetsart,002,14,01,บางเขน,Bangkhen,วท.บ. สาขาวิชาสถาปัตยกรรม,B.S. (Architecture),A,ภาษาไทย ปกติ,05,สถาปัตยกรรม,Architecture,,73.33
10020115210101A,kasetsart,002,15,01,บางเขน,Bangkhen,วท.บ. สาขาวิชาการจัดการสิ่งแวดล้อม,B.S. (Environmental Management),A,ภาษาไทย ปกติ,01,การจัดการทรัพยากรธรรมชาติและสิ่งแวดล้อม,Natural Resources and Environmental Management,,0
10020115210102A,kasetsart,002,15,01,บางเขน,Bangkhen,วท.บ. สาขาวิชาวิทยาศาสตร์และเทคโนโลยีสิ่งแวดล้อม,B.S. (Environmental Science and Technology),A,ภาษาไทย ปกติ,01,การจัดการทรัพยากรธรรมชาติและสิ่งแวดล้อม,Natural Resources and Environmental Management,,0
10020116210103A,kasetsart,002,16,01,บางเขน,Bangkhen,วท.บ. สาขาวิชาศาสตร์แห่งแผ่นดินเพื่อการพัฒนาที่ยั่งยืน,B.S. (Knowledge of The Land for Sustainable Development),A,ภาษาไทย ปกติ,01,การจัดการทรัพยากรธรรมชาติและสิ่งแวดล้อม,Natural Resources and Environmental Management,,> ร้อยละ 90
10020117302102A,kasetsart,002,17,01,บางเขน,Bangkhen,วศ.บ. สาขาวิชาวิศวกรรมโยธา-ชลประทาน,B.Eng. (Civil Engineering - Irrigation),A,ภาษาไทย ปกติ,21,วิศวกรรมโยธา,Civil Engineering,,ร้อยละ 73.91
10020134100101A,kasetsart,002,34,01,บางเขน,Bangkhen,พ.บ.(แพทยศาสตรบัณฑิต),M.D.,A,ภาษาไทย ปกติ,01,แพทยศาสตร์,Medicine,,ยังไม่มีข้อมูลเนื่องจากเริ่มเปิดรับนิสิตปีการศึกษา 2567
10020136111701A,kasetsart,002,36,01,บางเขน,Bangkhen,พย.บ.(พยาบาลศาสตรบัณฑิต),B.N.S. (Bachelor of Nursing Science),A,ภาษาไทย ปกติ,17,พยาบาลศาสตร์,Nursing,,ร้อยละ100
10020137130101A,kasetsart,002,37,01,บางเขน,Bangkhen,ภ.บ.(เภสัชศาสตรบัณฑิต),Pharm.D.,A,ภาษาไทย ปกติ,01,เภสัชศาสตร์,Pharmacy,,0
10020202500601A,kasetsart,002,02,02,กำแพงแสน,Kamphaeng Saen Campus,วท.บ. สาขาวิชาประมง,B.S. (Fisheries),A,ภาษาไทย ปกติ,06,ประมง,Fishery,,0
10020215210102A,kasetsart,002,15,02,กำแพงแสน,Kamphaeng Saen Campus,วท.บ. สาขาวิชาวิทยาศาสตร์และเทคโนโลยีสิ่งแวดล้อม,B.S. (Environmental Science and Technology),A,ภาษาไทย ปกติ,01,การจัดการทรัพยากรธรรมชาติและสิ่งแวดล้อม,Natural Resources and Environmental Management,,0
10020219500102A,kasetsart,002,19,02,กำแพงแสน,Kamphaeng Saen Campus,วท.บ. สาขาวิชาเครื่องจักรกลและเมคคาทรอนิกส์เกษตร,B.S. (Agircultural Machinery and Mechatronics),A,ภาษาไทย ปกติ,01,เกษตรกลวิธาน,Agricultural Mechanization,,0
10020219500201A,kasetsart,002,19,02,กำแพงแสน,Kamphaeng Saen Campus,วท.บ. สาขาวิชาเกษตรศาสตร์,B.S. (Agirculture),A,ภาษาไทย ปกติ,02,เกษตรศาสตร์,Agriculture,,0
10020219500401A,kasetsart,002,19,02,กำแพงแสน,Kamphaeng Saen Campus,วท.บ. สาขาวิชาเทคโนโลยีชีวภาพทางการเกษตร,B.S. (Agircultural Biotechnology),A,ภาษาไทย ปกติ,04,เทคโนโลยีการเกษตร,Agricultural Technology,,0
10020219501201A,kasetsart,002,19,02,กำแพงแสน,Kamphaeng Saen Campus,วท.บ. สาขาวิชาสัตวศาสตร์,B.S. (Animal Science),A,ภาษาไทย ปกติ,12,สัตวศาสตร์,Animal Science,,0
10020220300501A,kasetsart,002,20,02,กำแพงแสน,Kamphaeng Saen Campus,วศ.บ. สาขาวิชาวิศวกรรมคอมพิวเตอร์,B.Eng. (Computer Engineering),A,ภาษาไทย ปกติ,05,วิศวกรรมคอมพิวเตอร์,Computer Engineering,,ร้อยละ 81.25
10020220300701A,kasetsart,002,20,02,กำแพงแสน,Kamphaeng Saen Campus,วศ.บ. สาขาวิชาวิศวกรรมเครื่องกล,B.Eng. (Mechanical Engineering),A,ภาษาไทย ปกติ,07,วิศวกรรมเครื่องกล,Mechanical Engineering,,
10020220300701B,kasetsart,002,20,02,กำแพงแสน,Kamphaeng Saen Campus,วศ.บ. สาขาวิชาวิศวกรรมเครื่องกล,B.Eng. (Mechanical Engineering),B,ภาษาไทย พิเศษ,07,วิศวกรรมเครื่องกล,Mechanical Engineering,,0
10020220300702A,kasetsart,002,20,02,กำแพงแสน,Kamphaeng Saen Campus,วศ.บ. สาขาวิชาวิศวกรรมเครื่องกล-เกษตร,B.Eng. (Mechanical Engineering-Agriculture),A,ภาษาไทย ปกติ,07,วิศวกรรมเครื่องกล,Mechanical Engineering,,ร้อยละ 87.76
10020220302102A,kasetsart,002,20,02,กำแพงแสน,Kamphaeng Saen Campus,วศ.บ. สาขาวิชาวิศวกรรมโยธา-ชลประทาน,B.Eng. (Civil Engineering - Irrigation),A,ภาษาไทย ปกติ,21,วิศวกรรมโยธา,Civil Engineering,,0
10020220302103A,kasetsart,002,20,02,กำแพงแสน,Kamphaeng Saen Campus,วศ.บ. สาขาวิชาวิศวกรรมโยธา-โครงสร้างพื้นฐาน,B.Eng. (Civil Engineering-Infrastructure),A,ภาษาไทย ปกติ,21,วิศวกรรมโยธา,Civil Engineering,,0
10020220302103B,kasetsart,002,20,02,กำแพงแสน,Kamphaeng Saen Campus,วศ.บ. สาขาวิชาวิศวกรรมโยธา-โครงสร้างพื้นฐาน,B.Eng. (Civil Engineering-Infrastructure),B,ภาษาไทย พิเศษ,21,วิศวกรรมโยธา,Civil Engineering,,0
10020220303301A,kasetsart,002,20,02,กำแพงแสน,Kamphaeng Saen Campus,วศ.บ. สาขาวิชาวิศวกรรมอาหาร,B.Eng. (Food Engineering),A,ภาษาไทย ปกติ,33,วิศวกรรมอาหาร,Food Engineering,,0
10020220303503A,kasetsart,002,20,02,กำแพงแสน,Kamphaeng Saen Campus,วศ.บ. สาขาวิชาวิศวกรรมอุตสาหการ-โลจิสติกส์,B.Eng. (Industrial Engineering-Logistics),A,ภาษาไทย ปกติ,35,วิศวกรรมอุตสาหการ,Industrial Engineering,,ร้อยละ 100
10020220303601A,kasetsart,002,20,02,กำแพงแสน,Kamphaeng Saen Campus,วศ.บ. สาขาวิชาวิศวกรรมนวัตกรรมเพื่อการเกษตรและอุตสาหกรรม,B.Eng. (Innovative Engineering for Agriculture and Industry),A,ภาษาไทย ปกติ,36,วิศวกรรมเชิงนวัตกรรม,Innovative Engineering,,0
10020221500201A,kasetsart,002,21,02,กำแพงแสน,Kamphaeng Saen Campus,วท.บ. สาขาวิชาเกษตรและสิ่งแวดล้อมศึกษา,B.S. (Agricultural and Environmental Education),A,ภาษาไทย ปกติ,02,เกษตรศาสตร์,Agriculture,,ร้อยละ 90
10020221700401A,kasetsart,002,21,02,กำแพงแสน,Kamphaeng Saen Campus,ศษ.บ. สาขาวิชาการจัดการเรียนรู้,B.Ed. (Learning Management),A,ภาษาไทย ปกติ,04,การวัดและประเมินทางการศึกษา,Education Measurement and Evaluation,,ร้อยละ 99
10020221700401A,kasetsart,002,21,02,กำแพงแสน,Kamphaeng Saen Campus,ศษ.บ. สาขาวิชาการจัดการเรียนรู้,B.Ed. (Learning Management),A,ภาษาไทย ปกติ,04,การวัดและประเมินทางการศึกษา,Education Measurement and Evaluation,,ยังไม่มีผู้จบการศึกษาเนื่องจากเริ่มเปิดรับในปีการศึกษา 2567
10020221700401A,kasetsart,002,21,02,กำแพงแสน,Kamphaeng Saen Campus,ศษ.บ. สาขาวิชาการจัดการเรียนรู้,B.Ed. (Learning Management),A,ภาษาไทย ปกติ,04,การวัดและประเมินทางการศึกษา,Education Measurement and Evaluation,,ร้อยละ 90
10020221700401A,kasetsart,002,21,02,กำแพงแสน,Kamphaeng Saen Campus,ศษ.บ. สาขาวิชาการจัดการเรียนรู้,B.Ed. (Learning Management),A,ภาษาไทย ปกติ,04,การวัดและประเมินทางการศึกษา,Education Measurement and Evaluation,,ร้อยละ 99
10020221700401A,kasetsart,002,21,02,กำแพงแสน,Kamphaeng Saen Campus,ศษ.บ. สาขาวิชาการจัดการเรียนรู้,B.Ed. (Learning Management),A,ภาษาไทย ปกติ,04,การวัดและประเมินทางการศึกษา,Education Measurement and Evaluation,,ร้อยละ 99
10020222210302A,kasetsart,002,22,02,กำแพงแสน,Kamphaeng Saen Campus,วท.บ. สาขาวิชาคณิตศาสตร์ประยุกต์,B.S. (Applied Mathematics),A,ภาษาไทย ปกติ,03,คณิตศาสตร์,Mathematics,,0
10020222210401A,kasetsart,002,22,02,กำแพงแสน,Kamphaeng Saen Campus,วท.บ. สาขาวิชาเคมี,B.S. (Chemistry),A,ภาษาไทย ปกติ,04,เคมี,Chemistry,,0
10020222210501A,kasetsart,002,22,02,กำแพงแสน,Kamphaeng Saen Campus,วท.บ. สาขาวิชาจุลชีววิทยา,B.S. (Microbiology),A,ภาษาไทย ปกติ,05,จุลชีววิทยา,Microbiology,,0
10020222210703A,kasetsart,002,22,02,กำแพงแสน,Kamphaeng Saen Campus,วท.บ. สาขาวิชาวิทยาศาสตร์ชีวภาพ,B.S. (Biological Science),A,ภาษาไทย ปกติ,07,ชีววิทยา,Biology,,0
10020222212502A,kasetsart,002,22,02,กำแพงแสน,Kamphaeng Saen Campus,วท.บ. สาขาวิชาพฤกษนวัตกรรม,B.S. (Innovative Botany),A,ภาษาไทย ปกติ,25,พฤกษศาสตร์,Botany,,0
10020222212701A,kasetsart,002,22,02,กำแพงแสน,Kamphaeng Saen Campus,วท.บ. สาขาวิชาฟิสิกส์,B.S. (Physics),A,ภาษาไทย ปกติ,27,ฟิสิกส์,Physics,,0
10020222220101A,kasetsart,002,22,02,กำแพงแสน,Kamphaeng Saen Campus,วท.บ. สาขาวิชาเทคโนโลยีสารสนเทศ,B.S. (Information Technology),A,ภาษาไทย ปกติ,01,เทคโนโลยีสารสนเทศ,Information Technology,,0
10020222220101B,kasetsart,002,22,02,กำแพงแสน,Kamphaeng Saen Campus,วท.บ. สาขาวิชาเทคโนโลยีสารสนเทศ,B.S. (Information Technology),B,ภาษาไทย พิเศษ,01,เทคโนโลยีสารสนเทศ,Information Technology,,0
10020222220201A,kasetsart,002,22,02,กำแพงแสน,Kamphaeng Saen Campus,วท.บ. สาขาวิชาวิทยาการคอมพิวเตอร์,B.S. (Computer Science),A,ภาษาไทย ปกติ,02,วิทยาการคอมพิวเตอร์,Computer Science,,0
10020222220201B,kasetsart,002,22,02,กำแพงแสน,Kamphaeng Saen Campus,วท.บ. สาขาวิชาวิทยาการคอมพิวเตอร์,B.S. (Computer Science),B,ภาษาไทย พิเศษ,02,วิทยาการคอมพิวเตอร์,Computer Science,,0
10020222610201A,kasetsart,002,22,02,กำแพงแสน,Kamphaeng Saen Campus,บธ.บ. สาขาวิชาการจัดการ,B.B.A. (Management),A,ภาษาไทย ปกติ,02,การจัดการ,Management,,0
10020222610201B,kasetsart,002,22,02,กำแพงแสน,Kamphaeng Saen Campus,บธ.บ. สาขาวิชาการจัดการ,B.B.A. (Management),B,ภาษาไทย พิเศษ,02,การจัดการ,Management,,0
10020222610502A,kasetsart,002,22,02,กำแพงแสน,Kamphaeng Saen Campus,บธ.บ. สาขาวิชาการบัญชี,B.B.A. (Accounting),A,ภาษาไทย ปกติ,05,การบัญชี,Accountancy,,0
10020222610502B,kasetsart,002,22,02,กำแพงแสน,Kamphaeng Saen Campus,บธ.บ. สาขาวิชาการบัญชี,B.B.A. (Accounting),B,ภาษาไทย พิเศษ,05,การบัญชี,Accountancy,,0
10020222610601A,kasetsart,002,22,02,กำแพงแสน,Kamphaeng Saen Campus,บธ.บ. สาขาวิชาการตลาด,B.B.A. (Marketing),A,ภาษาไทย ปกติ,06,การตลาด,Marketing,,1
10020222610601B,kasetsart,002,22,02,กำแพงแสน,Kamphaeng Saen Campus,บธ.บ. สาขาวิชาการตลาด,B.B.A. (Marketing),B,ภาษาไทย พิเศษ,06,การตลาด,Marketing,,0
10020222900201A,kasetsart,002,22,02,กำแพงแสน,Kamphaeng Saen Campus,ร.บ. สาขาวิชาการเมืองและการปกครอง,B.Pol.Sc. (Politics and Government),A,ภาษาไทย ปกติ,02,การปกครอง,Governance,,0
10020222902501A,kasetsart,002,22,02,กำแพงแสน,Kamphaeng Saen Campus,ศศ.บ. สาขาวิชาภาษาอังกฤษ,B.A. (English),A,ภาษาไทย ปกติ,25,อังกฤษ,English,,0
10020222902501B,kasetsart,002,22,02,กำแพงแสน,Kamphaeng Saen Campus,ศศ.บ. สาขาวิชาภาษาอังกฤษ,B.A. (English),B,ภาษาไทย พิเศษ,25,อังกฤษ,English,,0
10020223112001A,kasetsart,002,23,02,กำแพงแสน,Kamphaeng Saen Campus,วท.บ. สาขาวิชาวิทยาศาสตร์การกีฬาและการออกกำลังกาย,B.S. (Sports and Exercise Science),A,ภาษาไทย ปกติ,20,วิทยาศาสตร์การกีฬา,Sports Science,,ร้อยละ 95.74
10020223112001B,kasetsart,002,23,02,กำแพงแสน,Kamphaeng Saen Campus,วท.บ. สาขาวิชาวิทยาศาสตร์การกีฬาและการออกกำลังกาย,B.S. (Sports and Exercise Science),B,ภาษาไทย พิเศษ,20,วิทยาศาสตร์การกีฬา,Sports Science,,ร้อยละ 81.48
10020233620101A,kasetsart,002,33,02,กำแพงแสน,Kamphaeng Saen Campus,บธ.บ. สาขาวิชาการจัดการธุรกิจบริการและอุตสาหกรรมไมซ์,B.B.A. (Hospitality Business and MICE Industry Management,A,ภาษาไทย ปกติ,01,การท่องเที่ยวและการโรงแรม,Tourism and Hotel,,0
10020233620101B,kasetsart,002,33,02,กำแพงแสน,Kamphaeng Saen Campus,บธ.บ. สาขาวิชาการจัดการธุรกิจบริการและอุตสาหกรรมไมซ์,B.B.A. (Hospitality Business and MICE Industry Management,B,ภาษาไทย พิเศษ,01,การท่องเที่ยวและการโรงแรม,Tourism and Hotel,,0
10020233620103A,kasetsart,002,33,02,กำแพงแสน,Kamphaeng Saen Campus,บธ.บ. สาขาวิชาการจัดการท่องเที่ยว โรงแรม และอีเวนต์,B.B.A. (Hospitality Industry Management),A,ภาษาไทย ปกติ,01,การท่องเที่ยวและการโรงแรม,Tourism and Hotel,,ร้อยละ 96
10020233620103B,kasetsart,002,33,02,กำแพงแสน,Kamphaeng Saen Campus,บธ.บ. สาขาวิชาการจัดการท่องเที่ยว โรงแรม และอีเวนต์,B.B.A. (Hospitality Industry Management),B,ภาษาไทย พิเศษ,01,การท่องเที่ยวและการโรงแรม,Tourism and Hotel,,ร้อยละ 96
10020233620104A,kasetsart,002,33,02,กำแพงแสน,Kamphaeng Saen Campus,ศศ.บ. สาขาวิชาการโรงแรม ภัตตาคาร และเรือสำราญ,"B.A. (Hotel, Restaurant, and Cruise Lines)",A,ภาษาไทย ปกติ,01,การท่องเที่ยวและการโรงแรม,Tourism and Hotel,,ร้อยละ 99
10020233620104B,kasetsart,002,33,02,กำแพงแสน,Kamphaeng Saen Campus,ศศ.บ. สาขาวิชาการโรงแรม ภัตตาคาร และเรือสำราญ,"B.A. (Hotel, Restaurant, and Cruise Lines)",B,ภาษาไทย พิเศษ,01,การท่องเที่ยวและการโรงแรม,Tourism and Hotel,,0
10020233620105A,kasetsart,002,33,02,กำแพงแสน,Kamphaeng Saen Campus,ศศ.บ. สาขาวิชาการท่องเที่ยวและนันทนาการ,B.A. (Tourism and Recreation),A,ภาษาไทย ปกติ,01,การท่องเที่ยวและการโรงแรม,Tourism and Hotel,,ร้อยละ 94
10020233620105B,kasetsart,002,33,02,กำแพงแสน,Kamphaeng Saen Campus,ศศ.บ. สาขาวิชาการท่องเที่ยวและนันทนาการ,B.A. (Tourism and Recreation),B,ภาษาไทย พิเศษ,01,การท่องเที่ยวและการโรงแรม,Tourism and Hotel,,0
10020233620106A,kasetsart,002,33,02,กำแพงแสน,Kamphaeng Saen Campus,ศศ.บ. สาขาวิชาอุตสาหกรรมการท่องเที่ยวและบริการ,B.A. (Tourism and Service Industry),A,ภาษาไทย ปกติ,01,การท่องเที่ยวและการโรงแรม,Tourism and Hotel,,0
10020233620106B,kasetsart,002,33,02,กำแพงแสน,Kamphaeng Saen Campus,ศศ.บ. สาขาวิชาอุตสาหกรรมการท่องเที่ยวและบริการ,B.A. (Tourism and Service Industry),B,ภาษาไทย พิเศษ,01,การท่องเที่ยวและการโรงแรม,Tourism and Hotel,,0
10020233620201A,kasetsart,002,33,02,กำแพงแสน,Kamphaeng Saen Campus,บธ.บ. สาขาวิชาการจัดการธุรกิจการบิน,B.B.A. (Aviation Business Management),A,ภาษาไทย ปกติ,02,การบิน,Aviation,,ร้อยละ 99
10020233620201B,kasetsart,002,33,02,กำแพงแสน,Kamphaeng Saen Campus,บธ.บ. สาขาวิชาการจัดการธุรกิจการบิน,B.B.A. (Aviation Business Management),B,ภาษาไทย พิเศษ,02,การบิน,Aviation,,0
10020233902502A,kasetsart,002,33,02,กำแพงแสน,Kamphaeng Saen Campus,ศศ.บ. สาขาวิชาภาษาอังกฤษเพื่ออุตสาหกรรมบริการ,B.A. (English for Service Industry),A,ภาษาไทย ปกติ,25,อังกฤษ,English,,ร้อยละ 99.17
10020233902502B,kasetsart,002,33,02,กำแพงแสน,Kamphaeng Saen Campus,ศศ.บ. สาขาวิชาภาษาอังกฤษเพื่ออุตสาหกรรมบริการ,B.A. (English for Service Industry),B,ภาษาไทย พิเศษ,25,อังกฤษ,English,,0
10020233902503A,kasetsart,002,33,02,กำแพงแสน,Kamphaeng Saen Campus,ศศ.บ. สาขาวิชาภาษาอังกฤษเพื่อการสื่อสารระหว่างวัฒนธรรมและผู้ประกอบการ,B.A. (English for Intercultural and Entrepreneurial Communication),A,ภาษาไทย ปกติ,25,อังกฤษ,English,,0
10020324611101A,kasetsart,002,24,03,ศรีราชา,Sri Racha Campus,ศ.บ. สาขาวิชาเศรษฐศาสตร์,B.Econ.,A,ภาษาไทย ปกติ,11,เศรษฐศาสตร์,Economics,,0
10020324611101B,kasetsart,002,24,03,ศรีราชา,Sri Racha Campus,ศ.บ. สาขาวิชาเศรษฐศาสตร์,B.Econ.,B,ภาษาไทย พิเศษ,11,เศรษฐศาสตร์,Economics,,0
10020325210201A,kasetsart,002,25,03,ศรีราชา,Sri Racha Campus,วท.บ. สาขาวิชาการขนส่งทางทะเล,B.S. (Maritime Transportation),A,ภาษาไทย ปกติ,02,โลจิสติกส์,Logistics,,ร้อยละ 90.35
10020325210202A,kasetsart,002,25,03,ศรีราชา,Sri Racha Campus,วท.บ. สาขาวิชาวิทยาศาสตร์การเดินเรือ,B.S. (Nautical Science),A,ภาษาไทย ปกติ,02,โลจิสติกส์,Logistics,,ร้อยละ 75.00
10020325303801A,kasetsart,002,25,03,ศรีราชา,Sri Racha Campus,วศ.บ. สาขาวิชาวิศวกรรมต่อเรือและวิศวกรรมสมุทรศาสตร์,B.Eng. (Naval Architecture and Ocean Engineering),A,ภาษาไทย ปกติ,38,วิศวกรรมต่อเรือและเครื่องกลเรือ,Naval Architecture and Marine Engineering,,ร้อยละ 61.54
10020325303802A,kasetsart,002,25,03,ศรีราชา,Sri Racha Campus,วศ.บ. สาขาวิชาวิศวกรรมเครื่องกลเรือ,B.Eng. (Marine Engineering),A,ภาษาไทย ปกติ,38,วิศวกรรมต่อเรือและเครื่องกลเรือ,Naval Architecture and Marine Engineering,,ร้อยละ 61.54
10020326610102A,kasetsart,002,26,03,ศรีราชา,Sri Racha Campus,บธ.บ. สาขาวิชาการเงินและการลงทุน,B.B.A. (Finance and Investment),A,ภาษาไทย ปกติ,01,การเงิน,Finance,,ร้อยละ 90.43
10020326610102B,kasetsart,002,26,03,ศรีราชา,Sri Racha Campus,บธ.บ. สาขาวิชาการเงินและการลงทุน,B.B.A. (Finance and Investment),B,ภาษาไทย พิเศษ,01,การเงิน,Finance,,ร้อยละ 59.77
10020326610201A,kasetsart,002,26,03,ศรีราชา,Sri Racha Campus,บธ.บ. สาขาวิชาการจัดการ,B.B.A. (Management),A,ภาษาไทย ปกติ,02,การจัดการ,Management,,ร้อยละ 83.78
10020326610201B,kasetsart,002,26,03,ศรีราชา,Sri Racha Campus,บธ.บ. สาขาวิชาการจัดการ,B.B.A. (Management),B,ภาษาไทย พิเศษ,02,การจัดการ,Management,,ร้อยละ 76.98
10020326610201D,kasetsart,002,26,03,ศรีราชา,Sri Racha Campus,บธ.บ. สาขาวิชาการจัดการ,B.B.A. (Management),D,ภาษาต่างประเทศ,02,การจัดการ,Management,,0
10020326610502A,kasetsart,002,26,03,ศรีราชา,Sri Racha Campus,บธ.บ. สาขาวิชาการบัญชี,B.B.A. (Accounting),A,ภาษาไทย ปกติ,05,การบัญชี,Accountancy,,ร้อยละ 75.00
10020326610502B,kasetsart,002,26,03,ศรีราชา,Sri Racha Campus,บธ.บ. สาขาวิชาการบัญชี,B.B.A. (Accounting),B,ภาษาไทย พิเศษ,05,การบัญชี,Accountancy,,ร้อยละ 72.97
10020326610502D,kasetsart,002,26,03,ศรีราชา,Sri Racha Campus,บธ.บ. สาขาวิชาการบัญชี,B.B.A. (Accounting),D,ภาษาต่างประเทศ,05,การบัญชี,Accountancy,,0
10020326610602A,kasetsart,002,26,03,ศรีราชา,Sri Racha Campus,บธ.บ. สาขาวิชาการตลาดดิจิทัลและการสร้างตรา,B.B.A. (Digital Marketing and Branding),A,ภาษาไทย ปกติ,06,การตลาด,Marketing,,ร้อยละ 90.27
10020326610602B,kasetsart,002,26,03,ศรีราชา,Sri Racha Campus,บธ.บ. สาขาวิชาการตลาดดิจิทัลและการสร้างตรา,B.B.A. (Digital Marketing and Branding),B,ภาษาไทย พิเศษ,06,การตลาด,Marketing,,ร้อยละ 65.83
10020326610602D,kasetsart,002,26,03,ศรีราชา,Sri Racha Campus,บธ.บ. สาขาวิชาการตลาดดิจิทัลและการสร้างตรา,B.B.A. (Digital Marketing and Branding),D,ภาษาต่างประเทศ,06,การตลาด,Marketing,,0
10020326610802A,kasetsart,002,26,03,ศรีราชา,Sri Racha Campus,บธ.บ. สาขาวิชาธุรกิจระหว่างประเทศ,B.B.A. (International Business),A,ภาษาไทย ปกติ,08,บริหารธุรกิจ,Business Administration,,ร้อยละ 85.84
10020326610802B,kasetsart,002,26,03,ศรีราชา,Sri Racha Campus,บธ.บ. สาขาวิชาธุรกิจระหว่างประเทศ,B.B.A. (International Business),B,ภาษาไทย พิเศษ,08,บริหารธุรกิจ,Business Administration,,ร้อยละ 59.85
10020326610802D,kasetsart,002,26,03,ศรีราชา,Sri Racha Campus,บธ.บ. สาขาวิชาธุรกิจระหว่างประเทศ,B.B.A. (International Business),D,ภาษาต่างประเทศ,08,บริหารธุรกิจ,Business Administration,,ร้อยละ 62.07
10020326611001A,kasetsart,002,26,03,ศรีราชา,Sri Racha Campus,บธ.บ. สาขาวิชาการจัดการโลจิสติกส์,B.B.A. (Logistics Management),A,ภาษาไทย ปกติ,10,โลจิสติกส์,Logistics,,ร้อยละ 92.31
10020326611001B,kasetsart,002,26,03,ศรีราชา,Sri Racha Campus,บธ.บ. สาขาวิชาการจัดการโลจิสติกส์,B.B.A. (Logistics Management),B,ภาษาไทย พิเศษ,10,โลจิสติกส์,Logistics,,ร้อยละ 77.24
10020326611001D,kasetsart,002,26,03,ศรีราชา,Sri Racha Campus,บธ.บ. สาขาวิชาการจัดการโลจิสติกส์,B.B.A. (Logistics Management),D,ภาษาต่างประเทศ,10,โลจิสติกส์,Logistics,,0
10020326620102A,kasetsart,002,26,03,ศรีราชา,Sri Racha Campus,บธ.บ. สาขาวิชาการจัดการอุตสาหกรรมการบริการ,B.B.A. (Hospitality Industry Management),A,ภาษาไทย ปกติ,01,การท่องเที่ยวและการโรงแรม,Tourism and Hotel,,ร้อยละ 87.04
10020326620102A,kasetsart,002,26,03,ศรีราชา,Sri Racha Campus,บธ.บ. สาขาวิชาการจัดการอุตสาหกรรมการบริการ,B.B.A. (Hospitality Industry Management),A,ภาษาไทย ปกติ,01,การท่องเที่ยวและการโรงแรม,Tourism and Hotel,,ร้อยละ 87.04
10020326620102B,kasetsart,002,26,03,ศรีราชา,Sri Racha Campus,บธ.บ. สาขาวิชาการจัดการอุตสาหกรรมการบริการ,B.B.A. (Hospitality Industry Management),B,ภาษาไทย พิเศษ,01,การท่องเที่ยวและการโรงแรม,Tourism and Hotel,,ร้อยละ 75.22
10020326620102B,kasetsart,002,26,03,ศรีราชา,Sri Racha Campus,บธ.บ. สาขาวิชาการจัดการอุตสาหกรรมการบริการ,B.B.A. (Hospitality Industry Management),B,ภาษาไทย พิเศษ,01,การท่องเที่ยวและการโรงแรม,Tourism and Hotel,,ร้อยละ 75.22
10020326620102D,kasetsart,002,26,03,ศรีราชา,Sri Racha Campus,บธ.บ. สาขาวิชาการจัดการอุตสาหกรรมการบริการ,B.B.A. (Hospitality Industry Management),D,ภาษาต่างประเทศ,01,การท่องเที่ยวและการโรงแรม,Tourism and Hotel,,0
10020326620102D,kasetsart,002,26,03,ศรีราชา,Sri Racha Campus,บธ.บ. สาขาวิชาการจัดการอุตสาหกรรมการบริการ,B.B.A. (Hospitality Industry Management),D,ภาษาต่างประเทศ,01,การท่องเที่ยวและการโรงแรม,Tourism and Hotel,,0
10020327210303A,kasetsart,002,27,03,ศรีราชา,Sri Racha Campus,วท.บ. สาขาวิชาวิทยาการวิเคราะห์ข้อมูลและคณิตศาสตร์ประกันภัย,B.S. (Data Analytics and Actuarial Science),A,ภาษาไทย ปกติ,03,คณิตศาสตร์,Mathematics,,0
10020327210401A,kasetsart,002,27,03,ศรีราชา,Sri Racha Campus,วท.บ. สาขาวิทยาศาสตร์และเทคโนโลยีเคมีประยุกต์,B.S. (Applied Chemical Science and Technology),A,ภาษาไทย ปกติ,04,เคมี,Chemistry,,ร้อยละ 90
10020327212701A,kasetsart,002,27,03,ศรีราชา,Sri Racha Campus,วท.บ. สาขาวิชาฟิสิกส์,B.S. (Physics),A,ภาษาไทย ปกติ,27,ฟิสิกส์,Physics,,0
10020327213501A,kasetsart,002,27,03,ศรีราชา,Sri Racha Campus,วท.บ. สาขาวิชาวิทยาศาสตร์และเทคโนโลยีสิ่งแวดล้อม,B.S. (Environmental Science and Technology),A,ภาษาไทย ปกติ,35,วิทยาศาสตร์และเทคโนโลยี,Science and Technology,,ร้อยละ 86.11
10020327220101A,kasetsart,002,27,03,ศรีราชา,Sri Racha Campus,วท.บ. สาขาวิชาวิทยาการและเทคโนโลยีดิจิทัล,B.S. (Digital Science and Technology),A,ภาษาไทย ปกติ,01,เทคโนโลยีสารสนเทศ,Information Technology,,ร้อยละ 73.47
10020327220101B,kasetsart,002,27,03,ศรีราชา,Sri Racha Campus,วท.บ. สาขาวิชาวิทยาการและเทคโนโลยีดิจิทัล,B.S. (Digital Science and Technology),B,ภาษาไทย พิเศษ,01,เทคโนโลยีสารสนเทศ,Information Technology,,ร้อยละ 73.48
10020327220201A,kasetsart,002,27,03,ศรีราชา,Sri Racha Campus,วท.บ. สาขาวิชาวิทยาการคอมพิวเตอร์,B.S. (Computer Science),A,ภาษาไทย ปกติ,02,วิทยาการคอมพิวเตอร์,Computer Science,,0
10020327220201B,kasetsart,002,27,03,ศรีราชา,Sri Racha Campus,วท.บ. สาขาวิชาวิทยาการคอมพิวเตอร์,B.S. (Computer Science),B,ภาษาไทย พิเศษ,02,วิทยาการคอมพิวเตอร์,Computer Science,,0
10020328300502A,kasetsart,002,28,03,ศรีราชา,Sri Racha Campus,วศ.บ. สาขาวิชาวิศวกรรมคอมพิวเตอร์และสารสนเทศศาสตร์,B.Eng. (Computer Engineering and Informatics),A,ภาษาไทย ปกติ,05,วิศวกรรมคอมพิวเตอร์,Computer Engineering,,ร้อยละ 60.38
10020328300702A,kasetsart,002,28,03,ศรีราชา,Sri Racha Campus,วศ.บ. สาขาวิชาวิศวกรรมเครื่องกลและการออกแบบ,B.Eng. (Mechanical and Design Engineering),A,ภาษาไทย ปกติ,07,วิศวกรรมเครื่องกล,Mechanical Engineering,,ร้อยละ 71.76
10020328301602A,kasetsart,002,28,03,ศรีราชา,Sri Racha Campus,วศ.บ. สาขาวิชาวิศวกรรมไฟฟ้าและอิเล็กทรอนิกส์,B.Eng. (Electrical and Electronics Engineering),A,ภาษาไทย ปกติ,16,วิศวกรรมไฟฟ้า,Electrical Engineering,,ร้อยละ 56.14
10020328302001E,kasetsart,002,28,03,ศรีราชา,Sri Racha Campus,วศ.บ. สาขาวิชาวิศวกรรมยานยนต์,B.Eng. (Automotive Engineering),E,นานาชาติ,20,วิศวกรรมยานยนต์,Automotive Engineering,,ยังไม่มีข้อมูลเนื่องจากเริ่มเปิดรับนิสิตปีการศึกษา 2566
10020328302101A,kasetsart,002,28,03,ศรีราชา,Sri Racha Campus,วศ.บ. สาขาวิชาวิศวกรรมโยธา,B.Eng. (Civil Engineering),A,ภาษาไทย ปกติ,21,วิศวกรรมโยธา,Civil Engineering,,ร้อยละ 78.08
10020328302901E,kasetsart,002,28,03,ศรีราชา,Sri Racha Campus,วศ.บ. สาขาวิชาวิศวกรรมหุ่นยนต์และระบบอัตโนมัติ,B.Eng. (Robotics and Automation System Engineering)  (International Program),E,นานาชาติ,29,วิศวกรรมหุ่นยนต์,Robotics Engineering,,ร้อยละ 84.62
10020328303401A,kasetsart,002,28,03,ศรีราชา,Sri Racha Campus,วศ.บ. สาขาวิชาวิศวกรรมดิจิทัลและอิเล็กทรอนิกส์อัจฉริยะ,B.Eng. (Digital and Smart Electronics Engineering),A,ภาษาไทย ปกติ,34,วิศวกรรมอิเล็กทรอนิกส์,Electronics Engineering,,ยังไม่มีข้อมูลเนื่องจากเริ่มเปิดรับนิสิตปีการศึกษา 2565
10020328303502A,kasetsart,002,28,03,ศรีราชา,Sri Racha Campus,วศ.บ. สาขาวิชาวิศวกรรมอุตสาหการและระบบ,B.Eng. (Industrial and Systems Engineering),A,ภาษาไทย ปกติ,35,วิศวกรรมอุตสาหการ,Industrial Engineering,,ร้อยละ 61.80
10020328303504D,kasetsart,002,28,03,ศรีราชา,Sri Racha Campus,วศ.บ. สาขาวิชาวิศวกรรมระบบการผลิตดิจิทัล,B.Eng. (Digital Manufacturing System Engineering),D,ภาษาต่างประเทศ,35,วิศวกรรมอุตสาหการ,Industrial Engineering,,ยังไม่มีข้อมูลเนื่องจากเริ่มเปิดรับนิสิตปีการศึกษา 2564 (ภาคปกติ)และหลักสูตร EP เริ่มเปิดรับปีการศึกษา 2567
10020429111801A,kasetsart,002,29,04,เฉลิมพระเกียรติ จ.สกลนคร,Chalermphrakiat Sakon Nakhon Province Campus,วท.บ. สาขาวิชาอาหารปลอดภัยและโภชนาการ,B.S. (Food Safety and Nutrition),A,ภาษาไทย ปกติ,18,โภชนาการ,Nutrition,,0
10020429211001A,kasetsart,002,29,04,เฉลิมพระเกียรติ จ.สกลนคร,Chalermphrakiat Sakon Nakhon Province Campus,วท.บ. สาขาวิชาเทคโนโลยีการอาหาร,B.S. (Food Technology),A,ภาษาไทย ปกติ,10,เทคโนโลยีการอาหาร,Food Technology,,0
10020429500201A,kasetsart,002,29,04,เฉลิมพระเกียรติ จ.สกลนคร,Chalermphrakiat Sakon Nakhon Province Campus,วท.บ. สาขาวิชาพืชศาสตร์,B.S. (Plant Science),A,ภาษาไทย ปกติ,02,เกษตรศาสตร์,Agriculture,,0
10020429500202A,kasetsart,002,29,04,เฉลิมพระเกียรติ จ.สกลนคร,Chalermphrakiat Sakon Nakhon Province Campus,วท.บ. สาขาวิชาการจัดการทรัพยากรเกษตรและธุรกิจเกษตร,B.S. (Management of Agricultural Resources and Agribusiness),A,ภาษาไทย ปกติ,02,เกษตรศาสตร์,Agriculture,,0
10020429500601A,kasetsart,002,29,04,เฉลิมพระเกียรติ จ.สกลนคร,Chalermphrakiat Sakon Nakhon Province Campus,วท.บ. สาขาวิชาเทคโนโลยีการเพาะเลี้ยงสัตว์น้ำอย่างยั่งยืน,B.S. (Sustainable Aquaculture Technology),A,ภาษาไทย ปกติ,06,ประมง,Fishery,,0
10020429501201A,kasetsart,002,29,04,เฉลิมพระเกียรติ จ.สกลนคร,Chalermphrakiat Sakon Nakhon Province Campus,วท.บ. สาขาวิชาสัตวศาสตร์,B.S. (Animal Science),A,ภาษาไทย ปกติ,12,สัตวศาสตร์,Animal Science,,0
10020430210403A,kasetsart,002,30,04,เฉลิมพระเกียรติ จ.สกลนคร,Chalermphrakiat Sakon Nakhon Province Campus,วท.บ. สาขาวิชาเคมีประยุกต์,B.S. (Appiled Chemistry),A,ภาษาไทย ปกติ,04,เคมี,Chemistry,,
10020430220201A,kasetsart,002,30,04,เฉลิมพระเกียรติ จ.สกลนคร,Chalermphrakiat Sakon Nakhon Province Campus,วท.บ. สาขาวิชาวิทยาการคอมพิวเตอร์,B.S. (Computer Science),A,ภาษาไทย ปกติ,02,วิทยาการคอมพิวเตอร์,Computer Science,,0
10020430300501A,kasetsart,002,30,04,เฉลิมพระเกียรติ จ.สกลนคร,Chalermphrakiat Sakon Nakhon Province Campus,วศ.บ. สาขาวิชาวิศวกรรมคอมพิวเตอร์,B.Eng. (Computer Engineering),A,ภาษาไทย ปกติ,05,วิศวกรรมคอมพิวเตอร์,Computer Engineering,,0
10020430300703A,kasetsart,002,30,04,เฉลิมพระเกียรติ จ.สกลนคร,Chalermphrakiat Sakon Nakhon Province Campus,วศ.บ. สาขาวิชาวิศวกรรมเครื่องกลและการผลิต,B.Eng. (Program in Mechanical and Manufacturing Engineering),A,ภาษาไทย ปกติ,07,วิศวกรรมเครื่องกล,Mechanical Engineering,,0
10020430301601A,kasetsart,002,30,04,เฉลิมพระเกียรติ จ.สกลนคร,Chalermphrakiat Sakon Nakhon Province Campus,วศ.บ. สาขาวิชาวิศวกรรมไฟฟ้า,B.Eng. (Electrical and Computer Engineering),A,ภาษาไทย ปกติ,16,วิศวกรรมไฟฟ้า,Electrical Engineering,,0
10020430302101A,kasetsart,002,30,04,เฉลิมพระเกียรติ จ.สกลนคร,Chalermphrakiat Sakon Nakhon Province Campus,วศ.บ. สาขาวิชาวิศวกรรมโยธา,B.Eng. (Civil Engineering),A,ภาษาไทย ปกติ,21,วิศวกรรมโยธา,Civil Engineering,,0
10020430302802A,kasetsart,002,30,04,เฉลิมพระเกียรติ จ.สกลนคร,Chalermphrakiat Sakon Nakhon Province Campus,วศ.บ. สาขาวิชาวิศวกรรมสิ่งแวดล้อมเพื่อการพัฒนาอย่างยั่งยืน,B.Eng. (Environmental Engineering for Sustainable Development),A,ภาษาไทย ปกติ,28,วิศวกรรมสิ่งแวดล้อม,Environmental Engineering,,0
10020430303501A,kasetsart,002,30,04,เฉลิมพระเกียรติ จ.สกลนคร,Chalermphrakiat Sakon Nakhon Province Campus,วศ.บ. สาขาวิชาวิศวกรรมอุตสาหการ,B.Eng. (Industrial Engineering),A,ภาษาไทย ปกติ,35,วิศวกรรมอุตสาหการ,Industrial Engineering,,0
10020431610101A,kasetsart,002,31,04,เฉลิมพระเกียรติ จ.สกลนคร,Chalermphrakiat Sakon Nakhon Province Campus,บธ.บ. สาขาวิชาการบริหารการเงินและการลงทุน,B.B.A. (Financial Management and Investment),A,ภาษาไทย ปกติ,01,การเงิน,Finance,,0
10020431610201A,kasetsart,002,31,04,เฉลิมพระเกียรติ จ.สกลนคร,Chalermphrakiat Sakon Nakhon Province Campus,บธ.บ. สาขาวิชาการจัดการ,B.B.A. (Management),A,ภาษาไทย ปกติ,02,การจัดการ,Management,,0
10020431610501A,kasetsart,002,31,04,เฉลิมพระเกียรติ จ.สกลนคร,Chalermphrakiat Sakon Nakhon Province Campus,บช.บ.(บัญชีบัณฑิต),B.Acc.,A,ภาษาไทย ปกติ,05,การบัญชี,Accountancy,,0
10020431610601A,kasetsart,002,31,04,เฉลิมพระเกียรติ จ.สกลนคร,Chalermphrakiat Sakon Nakhon Province Campus,บธ.บ. สาขาวิชาการตลาด,B.B.A. (Marketing),A,ภาษาไทย ปกติ,06,การตลาด,Marketing,,0
10020431620101A,kasetsart,002,31,04,เฉลิมพระเกียรติ จ.สกลนคร,Chalermphrakiat Sakon Nakhon Province Campus,บธ.บ. สาขาวิชาการจัดการโรงแรมและท่องเที่ยวสมัยใหม่,B.B.A. (Modern Hotel and Tourism Management),A,ภาษาไทย ปกติ,01,การท่องเที่ยวและการโรงแรม,Tourism and Hotel,,0
10020431901001A,kasetsart,002,31,04,เฉลิมพระเกียรติ จ.สกลนคร,Chalermphrakiat Sakon Nakhon Province Campus,น.บ.(นิติศาสตรบัณฑิต),LL.B.,A,ภาษาไทย ปกติ,10,นิติศาสตร์,Laws,,0
10020431902501A,kasetsart,002,31,04,เฉลิมพระเกียรติ จ.สกลนคร,Chalermphrakiat Sakon Nakhon Province Campus,ศศ.บ. สาขาวิชาภาษาอังกฤษ,B.A. (English),A,ภาษาไทย ปกติ,25,อังกฤษ,English,,0
10020431903101A,kasetsart,002,31,04,เฉลิมพระเกียรติ จ.สกลนคร,Chalermphrakiat Sakon Nakhon Province Campus,รป.บ.(รัฐประศาสนศาสตรบัณฑิต),B.P.A.,A,ภาษาไทย ปกติ,31,รัฐประศาสนศาสตร์,Public Administration,,0
10020432112701A,kasetsart,002,32,04,เฉลิมพระเกียรติ จ.สกลนคร,Chalermphrakiat Sakon Nakhon Province Campus,ส.บ.(สาธารณสุขศาสตรบัณฑิต),B.P.H.,A,ภาษาไทย ปกติ,27,สาธารณสุข,Public Health,,0
10020432112702A,kasetsart,002,32,04,เฉลิมพระเกียรติ จ.สกลนคร,Chalermphrakiat Sakon Nakhon Province Campus,วท.บ. สาขาวิชาอนามัยสิ่งแวดล้อม,B.S. (Environmental Health),A,ภาษาไทย ปกติ,27,สาธารณสุข,Public Health,,0
10020432112703A,kasetsart,002,32,04,เฉลิมพระเกียรติ จ.สกลนคร,Chalermphrakiat Sakon Nakhon Province Campus,วท.บ. สาขาวิชาอาชีวอนามัยและความปลอดภัย,B.S. (Occupational Health and Safety),A,ภาษาไทย ปกติ,27,สาธารณสุข,Public Health,,0
10020535620101A,kasetsart,002,35,05,สำนักงานเขตบริหารการเรียนรู้พื้นที่สุพรรณบุรี,Suphan Buri Learning Administration Area Office,บธ.บ. สาขาวิชาการจัดการท่องเที่ยวเชิงวัฒนธรรมและสุขภาพ,B.B.A. (Cultural and Health Tourism Management),A,ภาษาไทย ปกติ,01,การท่องเที่ยวและการโรงแรม,Tourism and Hotel,,0
10020535620102A,kasetsart,002,35,05,สำนักงานเขตบริหารการเรียนรู้พื้นที่สุพรรณบุรี,Suphan Buri Learning Administration Area Office,บธ.บ. สาขาวิชาการจัดการอุตสาหกรรมการบริการ,B.B.A. (Hospitality Industry Management),A,ภาษาไทย ปกติ,01,การท่องเที่ยวและการโรงแรม,Tourism and Hotel,,ร้อยละ 90
10020535620102A,kasetsart,002,35,05,สำนักงานเขตบริหารการเรียนรู้พื้นที่สุพรรณบุรี,Suphan Buri Learning Administration Area Office,บธ.บ. สาขาวิชาการจัดการอุตสาหกรรมการบริการ,B.B.A. (Hospitality Industry Management),A,ภาษาไทย ปกติ,01,การท่องเที่ยวและการโรงแรม,Tourism and Hotel,,ร้อยละ 90
10050101901001E,thammasat,005,01,01,ท่าพระจันทร์,ThaPrachanCampus,น.บ.กฎหมายธุรกิจ (หลักสูตรนานาชาติ) (ศึกษาที่ มธ.ท่าพระจันทร์) (LLB),Bachelor of Laws Program in Business Law (International Program),E,นานาชาติ,10,นิติศาสตร์,Laws,"100,000 บาท ต่อภาคการศึกษา",ร้อยละ 75 - 80
10050102610001E,thammasat,005,02,01,ท่าพระจันทร์,ThaPrachanCampus,บัญชีบัณฑิต และบริหารธุรกิจบัณฑิต  (หลักสูตรนานาชาติ) (BBA) (ศึกษา มธ.ท่าพระจันทร์),Bachelor of Business Administration and Accounting Program (International Program),E,นานาชาติ,00,บริหารทั่วไป,General Management,"นักศึกษาสัญชาติไทย 120,000 บาท
ต่อภาคการศึกษา/นักศึกษาชาวต่างชาติ 129,600 บาท ต่อภาคการศึกษา",ร้อยละ 98.00
10050102610501A,thammasat,005,02,01,ท่าพระจันทร์,ThaPrachanCampus,บช.บ.การบัญชีธุรกิจแบบบูรณาการ (ศึกษาที่ มธ.ท่าพระจันทร์),"Integrated Program of Bachelor 
of Accounting in Integrative 
Business Accounting",A,ภาษาไทย ปกติ,05,การบัญชี,Accountancy,"18,000 บาท ต่อภาคการศึกษา ดูรายละเอียดเพิ่มเติมที่ https://reg.tu.ac.th/content/10",ร้อยละ 95.00
10050102610801A,thammasat,005,02,01,ท่าพระจันทร์,ThaPrachanCampus,บธ.บ.การจัดการธุกิจแบบบูรณาการ (ศึกษาที่ มธ.ท่าพระจันทร์),"Integrated Program of Bachelor 
of Business Administration in 
Integrative Business Management",A,ภาษาไทย ปกติ,08,บริหารธุรกิจ,Business Administration,"18,000 บาท ต่อภาคการศึกษา ดูรายละเอียดเพิ่มเติมที่ https://reg.tu.ac.th/content/10",ร้อยละ 95.00
10050103903201E,thammasat,005,03,01,ท่าพระจันทร์,ThaPrachanCampus,ร.บ.การเมืองและการระหว่างประเทศ (หลักสูตรนานาชาติ) (ศึกษาที่ มธ.ท่าพระจันทร์) (BIR),Bachelor of Political Science in Politics and International Relations,E,นานาชาติ,32,รัฐศาสตร์,Political Science,"65,000-75,000 ต่อภาคศึกษา (ขึ้นอยู่กับจำนวนหน่วยกิตที่ลงทะเบียนเรียน)",มากกว่าร้อยละ 90
10050104611101E,thammasat,005,04,01,ท่าพระจันทร์,ThaPrachanCampus,เศรษฐศาสตรบัณฑิต (หลักสูตรนานาชาติ) (ศึกษาที่ มธ.ท่าพระจันทร์) (BE),Bachelor of Economics  Program (Internationl Program),E,นานาชาติ,11,เศรษฐศาสตร์,Economics,"นักศึกษาสัญชาติไทย 712,000 บาท/
นักศึกษาที่มิใช่สัญชาติไทย 788,800 บาท",ร้อยละ 90
10050105903701B,thammasat,005,05,01,ท่าพระจันทร์,ThaPrachanCampus,ศศ.บ.สาขาวิชานโยบายสังคมและการพัฒนา (โครงการพิเศษ) (ศึกษาที่ มธ.ท่าพระจันทร์),Bachelor of Arts Program in Social Policy and Development,B,ภาษาไทย พิเศษ,37,สังคมสงเคราะห์ศาสตร์,Social Work,"35,000-38,000 บาท ต่อภาคการศึกษา (ขึ้นอยู่กับจำนวนหน่วยกิตที่ลงทะเบียนเรียน)",หลักสูตรใหม่ ยังไม่มีมีผู้สำเร็จการศึกษา
10050105903701E,thammasat,005,05,01,ท่าพระจันทร์,ThaPrachanCampus,ศศ.บ.สาขาวิชานโยบายสังคมและการพัฒนา (หลักสูตรนานาชาติ) (ศึกษาที่ มธ.ท่าพระจันทร์) (SPD),Bachelor of Arts Program in Social Policy and Development (International Program),E,นานาชาติ,37,สังคมสงเคราะห์ศาสตร์,Social Work,"นักศึกษาไทย 75,000 บาท ต่อภาคการศึกษา/ นักศึกษาต่างชาติ 85,000 บาท ต่อภาคการศึกษา",ร้อยละ 70
10050106901701E,thammasat,005,06,01,ท่าพระจันทร์,RangsitCampus,ศศ.บ.สาขาวิชาการสื่อสารเชิงธุรกิจ วิชาเอกสาขาภาษาเกาหลีเชิงธุรกิจ (หลักสูตรนานาชาติ) (โครงการพิเศษ) (ศึกษาที่ มธ.ท่าพระจันทร์) (BC),Business Korean Communication,E,นานาชาติ,17,เกาหลี,Korean,"55,000 บาท ต่อภาคการศึกษา",หลักสูตรใหม่ ยังไม่มีมีผู้สำเร็จการศึกษา
10050106901801E,thammasat,005,06,01,ท่าพระจันทร์,RangsitCampus,ศศ.บ.สาขาวิชาการสื่อสารเชิงธุรกิจ วิชาเอกสาขาสาขาภาษาจีนเชิงธุรกิจ (หลักสูตรนานาชาติ) (โครงการพิเศษ) (ศึกษาที่ มธ.ท่าพระจันทร์) (BC),Business Chinese Communication,E,นานาชาติ,18,จีน,Chinese,"55,000 บาท ต่อภาคการศึกษา",หลักสูตรใหม่ ยังไม่มีมีผู้สำเร็จการศึกษา
10050106901901E,thammasat,005,06,01,ท่าพระจันทร์,RangsitCampus,ศศ.บ.สาขาวิชาการสื่อสารเชิงธุรกิจ วิชาเอกสาขาภาษาญี่ปุ่นเชิงธุรกิจ (หลักสูตรนานาชาติ) (โครงการพิเศษ) (ศึกษาที่ มธ.ท่าพระจันทร์) (BC),Business Japanese Communication,E,นานาชาติ,19,ญี่ปุ่น,Japanese,"55,000 บาท ต่อภาคการศึกษา",หลักสูตรใหม่ ยังไม่มีมีผู้สำเร็จการศึกษา
10050106902401B,thammasat,005,06,01,ท่าพระจันทร์,RangsitCampus,ศศ.บ.สาขาวิชาอาณาบริเวณศึกษา วิชาเอกรัสเซียและยูเรเซียศึกษา (โครงการพิเศษ) (ศึกษาที่ มธ.ท่าพระจันทร์),Bachelor of Arts Program in Russian Studies,B,ภาษาไทย พิเศษ,24,ยุโรป,Europe,"ตลอดหลักสูตร ประมาณ 313,000 บาท ชั้นปี 1-2 ภาคการศึกษาที่ 1 ประมาณ 55,000 บาท ภาคการศึกษาที่ 2 ประมาณ 37,000 บาท  ชั้นปี 3 ภาคการศึกษาที่ 1 ประมาณ 55,000 บาท ภาคการศึกษาที่ 2 ประมาณ 23,000 บาท  ชั้นปี 4 ภาคการศึกษาที่ 1 ประมาณ 37,000 บาท ภาคการศึกษาที่ 2 ประมาณ 14,000 บาท",ร้อยละ 84
10050106902401E,thammasat,005,06,01,ท่าพระจันทร์,ThaPrachanCampus,ศศ.บ.สาขาวิชาอังกฤษ–อเมริกันศึกษา (หลักสูตรนานาชาติ) (โครงการพิเศษ) (ศึกษาที่ มธ.ท่าพระจันทร์) (BAS),Bachelor of Arts Program in British and American Studies (International Program),E,นานาชาติ,24,ยุโรป,Europe,"55,000 ต่อภาคการศึกษา",ร้อยละ 90
10050106902501E,thammasat,005,06,01,ท่าพระจันทร์,RangsitCampus,ศศ.บ.สาขาวิชาการสื่อสารเชิงธุรกิจ วิชาเอกสาขาภาษาอังกฤษเชิงธุรกิจ (หลักสูตรนานาชาติ) (โครงการพิเศษ) (ศึกษาที่ มธ.ท่าพระจันทร์) (BC),Business English Communication,E,นานาชาติ,25,อังกฤษ,English,"55,000 บาท ต่อภาคการศึกษา",ร้อยละ 100
10050106902801B,thammasat,005,06,01,ท่าพระจันทร์,ThaPrachanCampus,ศศ.บ.สาขาวิชาอาณาบริเวณศึกษา วิชาเอกเอเชียตะวันออกเฉียงใต้ศึกษา (โครงการพิเศษ) (ศึกษาที่ มธ.ท่าพระจันทร์),Bachelor of Arts Program in Southeast Asian Studies,B,ภาษาไทย พิเศษ,28,เอเชีย,Asia,"ตลอดหลักสูตร ประมาณ 313,000 บาท ชั้นปี 1-2 ภาคการศึกษาที่ 1 ประมาณ 55,000 บาท ภาคการศึกษาที่ 2 ประมาณ 37,000 บาท  ชั้นปี 3 ภาคการศึกษาที่ 1 ประมาณ 55,000 บาท ภาคการศึกษาที่ 2 ประมาณ 23,000 บาท  ชั้นปี 4 ภาคการศึกษาที่ 1 ประมาณ 37,000 บาท ภาคการศึกษาที่ 2 ประมาณ 14,000 บาท",ร้อยละ 93
10050106904301B,thammasat,005,06,01,ท่าพระจันทร์,ThaPrachanCampus,ศศ.บ.สาขาวิชาการแปลและล่ามในยุคดิจิทัล (โครงการพิเศษ) (ศึกษาที่ มธ.ท่าพระจันทร์),Bachelor of Arts in Translation and Interpretation in the Digital Age,B,ภาษาไทย พิเศษ,43,อักษรศาสตร์,Arts,"ตลอดหลักสูตร ประมาณ 313,000 บาท ชั้นปี 1 ภาคการศึกษาที่ 1 ประมาณ 55,000 บาท ภาคการศึกษาที่ 2 ประมาณ 32,000 บาท ชั้นปี 2-3 ภาคการศึกษาที่ 1 ประมาณ 51,000 บาท ภาคการศึกษาที่ 2 ประมาณ 32,000 บาท ชั้นปี 4 ภาคการศึกษาที่ 1 ประมาณ 46,000 บาท ภาคการศึกษาที่ 2 ประมาณ 14,000 บาท",หลักสูตรใหม่ ยังไม่มีมีผู้สำเร็จการศึกษา
10050107903801E,thammasat,005,07,01,ท่าพระจันทร์,RangsitCampus,ว.บ.สาขาวิชาสาขาวิชาสื่อศึกษา (หลักสูตรนานาชาติ) (BJM),Bachelor of Arts Program in Journalism (Media Studies) (International Program),E,นานาชาติ,38,สื่อสารมวลชนและเอกสาร,Mass Communication and Documentation,"ประมาณ 84,000 บาท ต่อภาคการศึกษา ขึ้นอยู่กับจำนวนหน่วยกิตที่ลงทะเบียน",ร้อยละ 97.22
10050123210801B,thammasat,005,23,01,ท่าพระจันทร์,ThaPrachanCampus,วท.บ.สาขาวิชานวัตกรรม และการแปรรูปทางดิจิทัล (โครงการพิเศษ) (ศึกษาที่ มธ.ท่าพระจันทร์),B.S. (Digital Transformation and Innovation),B,ภาษาไทย พิเศษ,08,ดิจิทัล,Digital,"ประมาณ 55,885 บาท (ขึ้นอยู่กับหน่วยกิตที่ลงทะเบียน 1,800 บาท/หน่วยกิต) https://www.citu.tu.ac.th/wp-content/uploads/2025/07/20250716-DX-overall-expenses-revised.pdf",ร้อยละ 92.73
10050123610301E,thammasat,005,23,01,ท่าพระจันทร์,ThaPrachanCampus,ศศ.บ.สาขาวิชานวัตกรรมการบริการ (หลักสูตรนานาชาติ) (ศึกษาที่ มธ.ท่าพระจันทร์) (BSI),B.A. (Service Innovation),E,นานาชาติ,03,การบริการ พาณิชยการและธุรกิจ,Service Commerce and Business,"ประมาณ 63,885 บาท (ขึ้นอยู่กับหน่วยกิตที่ลงทะเบียน 2,500 บาท/หน่วยกิต) https://www.citu.tu.ac.th/wp-content/uploads/2025/07/BSI-overall-expenses-66-67.pdf",ร้อยละ 94.34
10050123904001B,thammasat,005,23,01,ท่าพระจันทร์,ThaPrachanCampus,ศศ.บ.สาขาวิชาการจัดการมรดกวัฒนธรรมและอุตสาหกรรมสร้างสรรค์ (โครงการพิเศษ) (ศึกษาที่ มธ.ท่าพระจันทร์),B.A. (Management of Cultural Heritage and Creative Industries),B,ภาษาไทย พิเศษ,40,ศิลปวัฒนธรรม,Art and Culture,"ประมาณ 45,885 บาท (ขึ้นอยู่กับหน่วยกิตที่ลงทะเบียน 1,500 บาท/หน่วยกิต) https://www.citu.tu.ac.th/wp-content/uploads/2025/07/BMCI-overall-expenses-66-67.pdf",ร้อยละ 95.83
10050124903601B,thammasat,005,24,01,ท่าพระจันทร์,ThaPrachanCampus,ศศ.บ.สาขาวิชาปรัชญาการเมืองและเศรษฐศาสตร์ (โครงการพิเศษ) (ศึกษาที่ มธ.ท่าพระจันทร์),"B.A. (Philosophy, Politics and",B,ภาษาไทย พิเศษ,36,สังคมศาสตร์และพฤติกรรมศาสตร์,Social and Behavioural Science,"วิชาบรรยายหน่วยกิตละ 1,200 บาท (ยังไม่รวม
ค่าใช้จ่ายอื่นๆ ของ มธ.) ค่าใช้จ่ายภาคเรียนที่ 1
ประมาณ 46,000 บาท และภาคเรียนที่ 2
ประมาณ 26,000 บาท (สามารถเรียนจบได้ใน 3
ปีครึ่ง) รวมค่าใช้จ่ายตลอดหลักสูตรเป็น
ระยะเวลา 3 ปีครึ่ง ประมาณ 260,000 บาท",ร้อยละ 95.65
10050124903601E,thammasat,005,24,01,ท่าพระจันทร์,ThaPrachanCampus,ศศ.บ.สาขาวิชาปรัชญาการเมืองและเศรษฐศาสตร์ (หลักสูตรนานาชาติ) (ศึกษาที่ มธ.ท่าพระจันทร์) (PPE),"Bachelor of Arts Program in Philosophy,Politics and Economics (International Program)",E,นานาชาติ,36,สังคมศาสตร์และพฤติกรรมศาสตร์,Social and Behavioural Science,"นักศึกษาไทย 483,000 บาท นักศึกษาต่างชาติ 553,000 บาท",ร้อยละ 58.82
10050127902601E,thammasat,005,27,01,ท่าพระจันทร์,ThaPrachanCampus,ศศ.บ.สาขาวิชาไทยศึกษา (หลักสูตรนานาชาติ) (ศึกษาที่ มธ.ท่าพระจันทร์),Bachelor of Arts Program in Thai Studies (International Program),E,นานาชาติ,26,อาเซียน,Asean,"นศ.ไทย 75,000/ภาคการศึกษา
นศ.ต่างชาติ 85,000/ภาคการศึกษา",ร้อยละ 90
10050127902801E,thammasat,005,27,01,ท่าพระจันทร์,ThaPrachanCampus,ศศ.บ.สาขาวิชาจีนศึกษา (หลักสูตรนานาชาติ) (ศึกษาที่ มธ.ท่าพระจันทร์),Bachelor of  Arts Program in Chinese Studies (International Program),E,นานาชาติ,28,เอเชีย,Asia,"นศ.ไทย 75,000/ภาคการศึกษา
นศ.ต่างชาติ 85,000/ภาคการศึกษา",ร้อยละ 90
10050201901001A,thammasat,005,01,02,ศูนย์รังสิต,RangsitCampus,นิติศาสตรบัณฑิต,Bachelor  of  Laws Program,A,ภาษาไทย ปกติ,10,นิติศาสตร์,Laws,"18,000 บาท ต่อภาคเรียน ดูรายละเอียดเพิ่มเติมที่ https://reg.tu.ac.th/content/10",ร้อยละ 78.81
10050202610501A,thammasat,005,02,02,ศูนย์รังสิต,RangsitCampus,บัญชีบัณฑิต,Bachelor of Accounting Program,A,ภาษาไทย ปกติ,05,การบัญชี,Accountancy,"18,000 บาท ต่อภาคการศึกษา ดูรายละเอียดเพิ่มเติมที่ https://reg.tu.ac.th/content/10",ร้อยละ 95.00
10050202610801A,thammasat,005,02,02,ศูนย์รังสิต,RangsitCampus,บริหารธุรกิจบัณฑิต,"Bachelor of Business 
Administration Program",A,ภาษาไทย ปกติ,08,บริหารธุรกิจ,Business Administration,"18,000 บาท ต่อภาคการศึกษา ดูรายละเอียดเพิ่มเติมที่ https://reg.tu.ac.th/content/10",ร้อยละ 95.00
10050202610801E,thammasat,005,02,02,ศูนย์รังสิต,RangsitCampus,บธ.บ.สาขาวิชาการจัดการธุรกิจแบบบูรณาการ (หลักสูตรนานาชาติ) (BBM),Bachelor of Business Management,E,นานาชาติ,08,บริหารธุรกิจ,Business Administration,"นักศึกษาสัญชาติไทย 137,500 บาท
ต่อภาคการศึกษา/นักศึกษาชาวต่างชาติ 210,000 บาท ต่อภาคการศึกษา",หลักสูตรใหม่ ยังไม่มีมีผู้สำเร็จการศึกษา
10050203903201A,thammasat,005,03,02,ศูนย์รังสิต,RangsitCampus,ร.บ.วิชาเอกสาขาการเมืองการปกครอง,Bachelor of Political Science,A,ภาษาไทย ปกติ,32,รัฐศาสตร์,Political Science,"16,300 บาท ต่อภาคการศึกษา ดูรายละเอียดเพิ่มเติมที่ https://reg.tu.ac.th/content/10",ร้อยละ 90
10050203903201A,thammasat,005,03,02,ศูนย์รังสิต,RangsitCampus,ร.บ.วิชาเอกสาขาการระหว่างประเทศ,Bachelor of Political Science,A,ภาษาไทย ปกติ,32,รัฐศาสตร์,Political Science,"16,300 บาท ต่อภาคการศึกษา ดูรายละเอียดเพิ่มเติมที่ https://reg.tu.ac.th/content/10",ร้อยละ 90
10050203903201A,thammasat,005,03,02,ศูนย์รังสิต,RangsitCampus,ร.บ.วิชาเอกสาขาบริหารรัฐกิจ,Bachelor of Political Science,A,ภาษาไทย ปกติ,32,รัฐศาสตร์,Political Science,"16,300 บาท ต่อภาคการศึกษา ดูรายละเอียดเพิ่มเติมที่ https://reg.tu.ac.th/content/10",ร้อยละ 90
10050204611101A,thammasat,005,04,02,ศูนย์รังสิต,RangsitCampus,เศรษฐศาสตรบัณฑิต,Bachelor of Economics  Program,A,ภาษาไทย ปกติ,11,เศรษฐศาสตร์,Economics,"18,000 บาท ต่อภาคการศึกษา ดูรายละเอียดเพิ่มเติมที่ https://reg.tu.ac.th/content/10",ร้อยละ 81.40
10050205903701A,thammasat,005,05,02,ศูนย์รังสิต,RangsitCampus,สังคมสงเคราะห์ศาสตรบัณฑิต,Bachelor of Social Work Program,A,ภาษาไทย ปกติ,37,สังคมสงเคราะห์ศาสตร์,Social Work,"14,900 บาท ต่อภาคการศึกษา ดูรายละเอียดเพิ่มเติมที่ https://reg.tu.ac.th/content/10",ร้อยละ 85 - 90
10050206113101A,thammasat,005,06,02,ศูนย์รังสิต,RangsitCampus,วท.บ.สาขาวิชาจิตวิทยา,Bachelor of Science Program in Psychology,A,ภาษาไทย ปกติ,31,จิตวิทยา,Psychology,"16,200 บาท ต่อภาคการศึกษา ดูรายละเอียดเพิ่มเติมที่ https://reg.tu.ac.th/content/10",ร้อยละ 94
10050206900001A,thammasat,005,06,02,ศูนย์รังสิต,RangsitCampus,ศศ.บ.ศิลป์รวม,Faculty of Liberal Arts,A,ภาษาไทย ปกติ,00,สังคมศาสตร์ทั่วไป,General Social Sciences,"16,200 บาท ต่อภาคการศึกษา ดูรายละเอียดเพิ่มเติมที่ https://reg.tu.ac.th/content/10",0
10050206900101A,thammasat,005,06,02,ศูนย์รังสิต,RangsitCampus,ศศ.บ.วิชาเอกภาษาศาสตร์,Bachelor of Arts Program in Linguistics,A,ภาษาไทย ปกติ,01,การจัดการการสื่อสาร,Communication Management,"16,200 บาท ต่อภาคการศึกษา ดูรายละเอียดเพิ่มเติมที่ https://reg.tu.ac.th/content/10",ร้อยละ 93
10050206901201A,thammasat,005,06,02,ศูนย์รังสิต,RangsitCampus,ศศ.บ.วิชาเอกบรรณารักษศาสตร์และสารสนเทศศาสตร์,Bachelor of Arts Program in Library and Information Science,A,ภาษาไทย ปกติ,12,บรรณารักษศาสตร์,Library Science,"16,200 บาท ต่อภาคการศึกษา ดูรายละเอียดเพิ่มเติมที่ https://reg.tu.ac.th/content/10",ร้อยละ 96
10050206901401A,thammasat,005,06,02,ศูนย์รังสิต,RangsitCampus,ศศ.บ.วิชาเอกประวัติศาสตร์,Bachelor of Arts  Program  in History,A,ภาษาไทย ปกติ,14,ประวัติศาสตร์,History,"16,200 บาท ต่อภาคการศึกษา ดูรายละเอียดเพิ่มเติมที่ https://reg.tu.ac.th/content/10",ร้อยละ 82
10050206901501A,thammasat,005,06,02,ศูนย์รังสิต,RangsitCampus,ศศ.บ.วิชาเอกปรัชญา,Bachelor of Arts Program in Philosophy,A,ภาษาไทย ปกติ,15,ปรัชญา ศาสนา,Philosophy/Religion,"16,200 บาท ต่อภาคการศึกษา ดูรายละเอียดเพิ่มเติมที่ https://reg.tu.ac.th/content/10",ร้อยละ 52
10050206901801A,thammasat,005,06,02,ศูนย์รังสิต,RangsitCampus,ศศ.บ.วิชาเอกภาษาและวัฒนธรรมจีน,Bachelor of Arts Program in ChineseLanguageand Culture,A,ภาษาไทย ปกติ,18,จีน,Chinese,"16,200 บาท ต่อภาคการศึกษา ดูรายละเอียดเพิ่มเติมที่ https://reg.tu.ac.th/content/10",ร้อยละ 92
10050206901901A,thammasat,005,06,02,ศูนย์รังสิต,RangsitCampus,ศศ.บ.วิชาเอกภาษาญี่ปุ่น,Bachelor of Arts  Program in Japanese,A,ภาษาไทย ปกติ,19,ญี่ปุ่น,Japanese,"16,200 บาท ต่อภาคการศึกษา ดูรายละเอียดเพิ่มเติมที่ https://reg.tu.ac.th/content/10",ร้อยละ 100
10050206902001A,thammasat,005,06,02,ศูนย์รังสิต,RangsitCampus,ศศ.บ.สาขาวิชาภาษาไทย,Bachelor of Arts Program in Thai,A,ภาษาไทย ปกติ,20,ไทย,Thai,"16,200 บาท ต่อภาคการศึกษา ดูรายละเอียดเพิ่มเติมที่ https://reg.tu.ac.th/content/10",ร้อยละ 100
10050206902401A,thammasat,005,06,02,ศูนย์รังสิต,RangsitCampus,ศศ.บ.วิชาเอกภาษาฝรั่งเศส,Bachelor ofArts Programin French,A,ภาษาไทย ปกติ,24,ยุโรป,Europe,"16,200 บาท ต่อภาคการศึกษา ดูรายละเอียดเพิ่มเติมที่ https://reg.tu.ac.th/content/10",ร้อยละ 72.5
10050206902402A,thammasat,005,06,02,ศูนย์รังสิต,RangsitCampus,ศศ.บ.วิชาเอกภาษาเยอรมัน,Bachelor of Arts Program in German,A,ภาษาไทย ปกติ,24,ยุโรป,Europe,"16,200 บาท ต่อภาคการศึกษา ดูรายละเอียดเพิ่มเติมที่ https://reg.tu.ac.th/content/10",ร้อยละ 88
10050206902403A,thammasat,005,06,02,ศูนย์รังสิต,RangsitCampus,ศศ.บ.วิชาเอกภาษารัสเซีย,Bachelor of Arts Program in Russian,A,ภาษาไทย ปกติ,24,ยุโรป,Europe,"16,200 บาท ต่อภาคการศึกษา ดูรายละเอียดเพิ่มเติมที่ https://reg.tu.ac.th/content/10",ร้อยละ 72
10050206902404A,thammasat,005,06,02,ศูนย์รังสิต,RangsitCampus,ศศ.บ.วิชาเอกสเปนและลาตินอเมริกันศึกษา,Bachelor of Arts Program in Hispanic and Latin American Studies,A,ภาษาไทย ปกติ,24,ยุโรป,Europe,"16,200 บาท ต่อภาคการศึกษา ดูรายละเอียดเพิ่มเติมที่ https://reg.tu.ac.th/content/10",ร้อยละ 100
10050206902501A,thammasat,005,06,02,ศูนย์รังสิต,RangsitCampus,ศศ.บ.สาขาวิชาภาษาอังกฤษ,Bachelor of Arts Program in English,A,ภาษาไทย ปกติ,25,อังกฤษ,English,"16,200 บาท ต่อภาคการศึกษา ดูรายละเอียดเพิ่มเติมที่ https://reg.tu.ac.th/content/10",ร้อยละ 94
10050206902502A,thammasat,005,06,02,ศูนย์รังสิต,RangsitCampus,ศศ.บ.วิชาเอกภาษาและวรรณคดีอังกฤษ,Bachelor of Arts Program in English Language and Literature,A,ภาษาไทย ปกติ,25,อังกฤษ,English,"16,200 บาท ต่อภาคการศึกษา ดูรายละเอียดเพิ่มเติมที่ https://reg.tu.ac.th/content/10",ร้อยละ 80
10050206903001A,thammasat,005,06,02,ศูนย์รังสิต,RangsitCampus,วท.บ.สาขาวิชาภูมิศาสตร์และภูมิสารสนเทศ,Bachelor of Science Program in Geography and Geoinformatics,A,ภาษาไทย ปกติ,30,ภูมิศาสตร์,Geography,"16,200 บาท ต่อภาคการศึกษา ดูรายละเอียดเพิ่มเติมที่ https://reg.tu.ac.th/content/10",ร้อยละ 93
10050207903801A,thammasat,005,07,02,ศูนย์รังสิต,RangsitCampus,วารสารศาสตรบัณฑิต,Bachelor of  Arts Program in Journalism,A,ภาษาไทย ปกติ,38,สื่อสารมวลชนและเอกสาร,Mass Communication and Documentation,"16,000 บาท ต่อภาคการศึกษา ดูรายละเอียดเพิ่มเติมที่ https://reg.tu.ac.th/content/10",ร้อยละ 88.89
10050208903501A,thammasat,005,08,02,ศูนย์รังสิต,RangsitCampus,สังคมวิทยาและมานุษยวิทยาบัณฑิต,B.A.(Sociology and Anthropology),A,ภาษาไทย ปกติ,35,สังคมวิทยา,Sociology,"14,200 บาท ต่อภาคการศึกษา ดูรายละเอียดเพิ่มเติมที่ https://reg.tu.ac.th/content/10",ร้อยละ 86.11
10050208903501B,thammasat,005,08,02,ศูนย์รังสิต,RangsitCampus,สม.บ.สาขาวิชาการวิจัยทางสังคม (โครงการพิเศษ),B.A.(Social Research),B,ภาษาไทย พิเศษ,35,สังคมวิทยา,Sociology,"หน่วยกิตละ 1,200 บาท (ยังไม่รวม
ค่าธรรมเนียมอื่นๆ) ค่าใช้จ่ายภาคเรียนที่ 1
ประมาณ 45,000 บาท และภาคเรียนที่ 2
ประมาณ 25,000 บาท",ร้อยละ 85.57
10050209210301A,thammasat,005,09,02,ศูนย์รังสิต,RangsitCampus,วท.บ.สาขาวิชาคณิตศาสตร์,Bachelor of Science  Program in Mathematics,A,ภาษาไทย ปกติ,03,คณิตศาสตร์,Mathematics,"18,700 บาท ต่อภาคการศึกษา ดูรายละเอียดเพิ่มเติมที่ https://reg.tu.ac.th/content/10",ร้อยละ 47.73
10050209210301B,thammasat,005,09,02,ศูนย์รังสิต,RangsitCampus,วท.บ.สาขาวิชาคณิตศาสตร์ (โครงการพิเศษ),Bachelor of Science  Program in Mathematics,B,ภาษาไทย พิเศษ,03,คณิตศาสตร์,Mathematics,"330,785 (ตลอดหลักสูตร)",ร้อยละ 45.45
10050209210302A,thammasat,005,09,02,ศูนย์รังสิต,RangsitCampus,วท.บ.สาขาวิชาคณิตศาสตร์ประยุกต์,Bachelor of Science Program in Applied Mathematics,A,ภาษาไทย ปกติ,03,คณิตศาสตร์,Mathematics,"18,700 บาท ต่อภาคการศึกษา ดูรายละเอียดเพิ่มเติมที่ https://reg.tu.ac.th/content/10",ร้อยละ 64.70
10050209210302B,thammasat,005,09,02,ศูนย์รังสิต,RangsitCampus,วท.บ.สาขาวิชาคณิตศาสตร์การจัดการ (โครงการพิเศษ),Bachelor of Science Program in Management Mathematics,B,ภาษาไทย พิเศษ,03,คณิตศาสตร์,Mathematics,"320,485 (ตลอดหลักสูตร)",ร้อยละ 80.70
10050209210401A,thammasat,005,09,02,ศูนย์รังสิต,RangsitCampus,วท.บ.สาขาวิชาเคมี,Bachelor of Science Program in Chemistry,A,ภาษาไทย ปกติ,04,เคมี,Chemistry,"18,700 บาท ต่อภาคการศึกษา ดูรายละเอียดเพิ่มเติมที่ https://reg.tu.ac.th/content/10",ร้อยละ 78.87
10050209211001A,thammasat,005,09,02,ศูนย์รังสิต,RangsitCampus,วท.บ.สาขาวิชาวิทยาศาสตร์และเทคโนโลยีการอาหาร,Bachelor of Science Program in Food Science and Technology,A,ภาษาไทย ปกติ,10,เทคโนโลยีการอาหาร,Food Technology,"18,700 บาท ต่อภาคการศึกษา ดูรายละเอียดเพิ่มเติมที่ https://reg.tu.ac.th/content/10",ร้อยละ 82.54
10050209211002A,thammasat,005,09,02,ศูนย์รังสิต,RangsitCampus,วท.บ.สาขาวิชาวิทยาศาสตร์และนวัตกรรมทางอาหาร,Bachelor  of  Science  Program  in  Food Science and Innovation,A,ภาษาไทย ปกติ,10,เทคโนโลยีการอาหาร,Food Technology,"18,700 บาท ต่อภาคการศึกษา ดูรายละเอียดเพิ่มเติมที่ https://reg.tu.ac.th/content/10",ร้อยละ 85.00
10050209211201A,thammasat,005,09,02,ศูนย์รังสิต,RangsitCampus,วท.บ.สาขาวิชาเทคโนโลยีชีวภาพ,Bachelor of Science Program in Biotechnology,A,ภาษาไทย ปกติ,12,เทคโนโลยีชีวภาพ,Biotechnology,"18,700 บาท ต่อภาคการศึกษา ดูรายละเอียดเพิ่มเติมที่ https://reg.tu.ac.th/content/10",ร้อยละ 75.00
10050209211401B,thammasat,005,09,02,ศูนย์รังสิต,RangsitCampus,วท.บ.สาขาวิชาเทคโนโลยีพลังงานชีวภาพและการแปรรูปเคมีชีวภาพ (โครงการพิเศษ),Bachelor  of  Science  Program  in  Bioenergy and Biochemical Refinery Technology,B,ภาษาไทย พิเศษ,14,เทคโนโลยีพลังงาน,Energy Technology,"382,920 (ตลอดหลักสูตร)",ร้อยละ 84.21
10050209211801A,thammasat,005,09,02,ศูนย์รังสิต,RangsitCampus,วท.บ.สาขาวิชาวิทยาศาสตร์และเทคโนโลยีสิ่งทอ,Bachelor of Science Program in Textile Science and Technology,A,ภาษาไทย ปกติ,18,เทคโนโลยีสิ่งทอ,Textile Technology,"18,700 บาท ต่อภาคการศึกษา ดูรายละเอียดเพิ่มเติมที่ https://reg.tu.ac.th/content/10",ร้อยละ 56.60
10050209212701A,thammasat,005,09,02,ศูนย์รังสิต,RangsitCampus,วท.บ.สาขาวิชาฟิสิกส์,Bachelor of Science Program in Physics,A,ภาษาไทย ปกติ,27,ฟิสิกส์,Physics,"18,700 บาท ต่อภาคการศึกษา ดูรายละเอียดเพิ่มเติมที่ https://reg.tu.ac.th/content/10",ร้อยละ 25.58
10050209212702A,thammasat,005,09,02,ศูนย์รังสิต,RangsitCampus,วท.บ.สาขาวิชาฟิสิกส์อิเล็กทรอนิกส์,Bachelor of  Science Program in Electronics Physics,A,ภาษาไทย ปกติ,27,ฟิสิกส์,Physics,"18,700 บาท ต่อภาคการศึกษา ดูรายละเอียดเพิ่มเติมที่ https://reg.tu.ac.th/content/10",ร้อยละ 25.53
10050209212801A,thammasat,005,09,02,ศูนย์รังสิต,RangsitCampus,วท.บ.สาขาวิชาวัสดุศาสตร์,Bachelor of Science Program in Materials Science,A,ภาษาไทย ปกติ,28,วัสดุศาสตร์,Materials Science,"18,700 บาท ต่อภาคการศึกษา ดูรายละเอียดเพิ่มเติมที่ https://reg.tu.ac.th/content/10",ร้อยละ 70.45
10050209213101A,thammasat,005,09,02,ศูนย์รังสิต,RangsitCampus,วท.บ.สาขาวิชาวิทยาศาสตร์สิ่งแวดล้อม,Bachelor of Science Program in Environmental Science,A,ภาษาไทย ปกติ,31,วิทยาศาสตร์สิ่งแวดล้อม,Environmental Science,"18,700 บาท ต่อภาคการศึกษา ดูรายละเอียดเพิ่มเติมที่ https://reg.tu.ac.th/content/10",ร้อยละ 66.13
10050209213301A,thammasat,005,09,02,ศูนย์รังสิต,RangsitCampus,วท.บ.สาขาวิชาสถิติ,Bachelor  of  Science  Program  in  Statistics,A,ภาษาไทย ปกติ,33,สถิติ,Statistics,"18,700 บาท ต่อภาคการศึกษา ดูรายละเอียดเพิ่มเติมที่ https://reg.tu.ac.th/content/10",ร้อยละ 94.57
10050209213301B,thammasat,005,09,02,ศูนย์รังสิต,RangsitCampus,วท.บ.สาขาวิชาสถิติ (โครงการพิเศษ),Bachelor  of  Science  Program  in  Statistics,B,ภาษาไทย พิเศษ,33,สถิติ,Statistics,"345,285 (ตลอดหลักสูตร)",ร้อยละ 66.67
10050209213302B,thammasat,005,09,02,ศูนย์รังสิต,RangsitCampus,วท.บ.สาขาวิชาวิทยาการประกันภัย (โครงการพิเศษ),Bachelor  of  Science  Program  in  Actuarial Science,B,ภาษาไทย พิเศษ,33,สถิติ,Statistics,"324,880 (ตลอดหลักสูตร)",ร้อยละ 89.80
10050209214001A,thammasat,005,09,02,ศูนย์รังสิต,RangsitCampus,วท.บ.สาขาวิชาเทคโนโลยีเพื่อการพัฒนายั่งยืน,Bachelor of Science Program in Sustainable Development Technology,A,ภาษาไทย ปกติ,40,เทคโนโลยีเพื่อการพัฒนายั่งยืน,Sustainable Development Technology,"18,700 บาท ต่อภาคการศึกษา ดูรายละเอียดเพิ่มเติมที่ https://reg.tu.ac.th/content/10",ร้อยละ 75.00
10050209220201A,thammasat,005,09,02,ศูนย์รังสิต,RangsitCampus,วท.บ.สาขาวิชาวิทยาการคอมพิวเตอร์,Bachelor of  Science  Program  in Computer Science,A,ภาษาไทย ปกติ,02,วิทยาการคอมพิวเตอร์,Computer Science,"18,700 บาท ต่อภาคการศึกษา ดูรายละเอียดเพิ่มเติมที่ https://reg.tu.ac.th/content/10",ร้อยละ 66.23
10050209220201B,thammasat,005,09,02,ศูนย์รังสิต,RangsitCampus,วท.บ.สาขาวิชาวิทยาการคอมพิวเตอร์ (โครงการพิเศษ),Bachelor of  Science  Program  in Computer Science,B,ภาษาไทย พิเศษ,02,วิทยาการคอมพิวเตอร์,Computer Science,"330,000 (ตลอดหลักสูตร)",ร้อยละ 53.26
10050209220202B,thammasat,005,09,02,ศูนย์รังสิต,RangsitCampus,วท.บ.สาขาวิชาคอมพิวเตอร์เครือข่ายและความปลอดภัยทางไซเบอร์ (โครงการพิเศษ),Bachelor of Science Program in Computer Networks and Cybersecurity,B,ภาษาไทย พิเศษ,02,วิทยาการคอมพิวเตอร์,Computer Science,"366,460 (ตลอดหลักสูตร)",หลักสูตรใหม่ ยังไม่มีมีผู้สำเร็จการศึกษา
10050209500401A,thammasat,005,09,02,ศูนย์รังสิต,RangsitCampus,วท.บ.สาขาวิชาเทคโนโลยีการเกษตร,Bachelor of Science Program in Agricultural Technology,A,ภาษาไทย ปกติ,04,เทคโนโลยีการเกษตร,Agricultural Technology,"18,700 บาท ต่อภาคการศึกษา ดูรายละเอียดเพิ่มเติมที่ https://reg.tu.ac.th/content/10",ร้อยละ 73.97
10050210300003E,thammasat,005,10,02,ศูนย์รังสิต,RangsitCampus,วิศวกรรมศาสตรบัณฑิต (หลักสูตรนานาชาติ) (หลักสูตรสองสถาบัน) (TEP) และ วิศวกรรมศาสตรบัณฑิต (หลักสูตรนานาชาติ) (TEPE),"Bachelor of Engineering Program (Twinning Program),(International Program)",E,นานาชาติ,00,วิศวกรรมทั่วไป,General Engineering,"หลักสูตร TEP ส่วนที่ 1 (5 ภาคเรียน) มหาวิทยาลัยธรรมศาสตร์ 80,000 - 90,000 บาทต่อภาคเรียน (ขึ้นกับหน่วยกิตที่ลงทะเบียน) ส่วนที่ 2 (2 ปีการศึกษา) มหาวิทยาลัยแห่งนอตติงแฮมประมาณ 28,600 ปอนด์ ต่อปีการศึกษา หรือ มหาวิทยาลัยแห่งนิวเซาท์เวลส์ ประมาณ 54,720 - 68,400 เหรียญออสเตรเลีย ต่อปีการศึกษา หรือ ที่มหาวิทยาลัย KU Leuven ประมาณ 7,518 ยูโร ต่อปีการศึกษา และ สำหรับหลักสูตร TEPE  80,000 - 90,000 ต่อภาคเรียน (4 ปีการศึกษา) (ขึ้นกับหน่วยกิตที่ลงทะเบียน) ตลอดหลักสูตร TEPE = 720,000 บาท /หลักสูตร TEP (UoN) = 3,750,000 บาท, (UNSW) = 5,110,000 บาท, (KU Leuven) = 2,116,000 บาท",ร้อยละ 80
10050210300501A,thammasat,005,10,02,ศูนย์รังสิต,RangsitCampus,วศ.บ.สาขาวิชาวิศวกรรมคอมพิวเตอร์,Bachelor of Engineering Program in Computer Engineering,A,ภาษาไทย ปกติ,05,วิศวกรรมคอมพิวเตอร์,Computer Engineering,"19,700 บาท ต่อภาคการศึกษา ดูรายละเอียดเพิ่มเติมที่ https://reg.tu.ac.th/content/10",ร้อยละ 50
10050210300601A,thammasat,005,10,02,ศูนย์รังสิต,RangsitCampus,วศ.บ.สาขาวิชาวิศวกรรมเคมี,Bachelor of Engineering Program in Chemical Engineering,A,ภาษาไทย ปกติ,06,วิศวกรรมเคมี,Chemical Engineering,"19,700 บาท ต่อภาคการศึกษา ดูรายละเอียดเพิ่มเติมที่ https://reg.tu.ac.th/content/10",ร้อยละ 80
10050210300701A,thammasat,005,10,02,ศูนย์รังสิต,RangsitCampus,วศ.บ.สาขาวิชาวิศวกรรมเครื่องกล,Bachelor of Engineering Program in Mechanical Engineering,A,ภาษาไทย ปกติ,07,วิศวกรรมเครื่องกล,Mechanical Engineering,"19,700 บาท ต่อภาคการศึกษา ดูรายละเอียดเพิ่มเติมที่ https://reg.tu.ac.th/content/10",ร้อยละ 50
10050210301001B,thammasat,005,10,02,ศูนย์รังสิต,RangsitCampus,วศ.บ.สาขาวิชาวิศวกรรมซอฟต์แวร์ (โครงการพิเศษ),Bachelor of Engineering Program in Software Engineering,B,ภาษาไทย พิเศษ,10,วิศวกรรมซอฟต์แวร์,Software Engineering,"52,000 บาท ต่อภาคการศึกษา",ร้อยละ 83.54
10050210301601A,thammasat,005,10,02,ศูนย์รังสิต,RangsitCampus,วศ.บ.สาขาวิชาวิศวกรรมไฟฟ้า,Bachelor of Engineering Program in Electrical Engineering,A,ภาษาไทย ปกติ,16,วิศวกรรมไฟฟ้า,Electrical Engineering,"19,700 บาท ต่อภาคการศึกษา ดูรายละเอียดเพิ่มเติมที่ https://reg.tu.ac.th/content/10",ร้อยละ 50
10050210301601B,thammasat,005,10,02,ศูนย์รังสิต,RangsitCampus,วศ.บ.สาขาวิชาวิศวกรรมไฟฟ้าและการจัดการอุตสาหกรรม (โครงการพิเศษ),Bachelor of Engineering Program in Industrial Electrical Engineering,B,ภาษาไทย พิเศษ,16,วิศวกรรมไฟฟ้า,Electrical Engineering,"57,000 บาท ต่อภาคการศึกษา",ร้อยละ 51.67
10050210302101A,thammasat,005,10,02,ศูนย์รังสิต,RangsitCampus,วศ.บ.สาขาวิชาวิศวกรรมโยธา,Bachelor of Engineering Program in Electrical Engineering,A,ภาษาไทย ปกติ,21,วิศวกรรมโยธา,Civil Engineering,"19,700 บาท ต่อภาคการศึกษา ดูรายละเอียดเพิ่มเติมที่ https://reg.tu.ac.th/content/10",ร้อยละ 70
10050210302101B,thammasat,005,10,02,ศูนย์รังสิต,RangsitCampus,วศ.บ.สาขาวิชาวิศวกรรมโยธาและการบริหารการก่อสร้าง (โครงการพิเศษ),"Bachelor of Engineering Program in Civil Engineeringand Construction
                    Management",B,ภาษาไทย พิเศษ,21,วิศวกรรมโยธา,Civil Engineering,"57,000 บาท ต่อภาคการศึกษา",ร้อยละ 84.06
10050210303501A,thammasat,005,10,02,ศูนย์รังสิต,RangsitCampus,วศ.บ.สาขาวิชาวิศวกรรมอุตสาหการ,Bachelor of Engineering Program in Industrial Engineering,A,ภาษาไทย ปกติ,35,วิศวกรรมอุตสาหการ,Industrial Engineering,"19,700 บาท ต่อภาคการศึกษา ดูรายละเอียดเพิ่มเติมที่ https://reg.tu.ac.th/content/10",ร้อยละ 70
10050211100101A,thammasat,005,11,02,ศูนย์รังสิต,RangsitCampus,แพทยศาสตรบัณฑิต,Doctor of Medicine Program,A,ภาษาไทย ปกติ,01,แพทยศาสตร์,Medicine,"28,500 บาท ต่อภาคการศึกษา  ดูรายละเอียดเพิ่มเติมที่ https://reg.tu.ac.th/content/10",ร้อยละ94.47
10050211100101D,thammasat,005,11,02,ศูนย์รังสิต,RangsitCampus,แพทยศาสตรบัณฑิต (หลักสูตรภาษาอังกฤษ),Doctor of Medicine Program,D,ภาษาต่างประเทศ,01,แพทยศาสตร์,Medicine,"475,000 บาท ต่อภาคการศึกษา",ร้อยละ 96.77
10050211110801A,thammasat,005,11,02,ศูนย์รังสิต,RangsitCampus,การแพทย์แผนไทยประยุกต์บัณฑิต,"Bachelor of Applied Thai- Traditional 
Medicine Program",A,ภาษาไทย ปกติ,08,การแพทย์แผนไทยประยุกต์,Applied Thai Traditional Medicine,"20,900 บาท ต่อภาคการศึกษา  ดูรายละเอียดเพิ่มเติมที่ https://reg.tu.ac.th/content/10",ร้อยละ 100
10050212110101A,thammasat,005,12,02,ศูนย์รังสิต,RangsitCampus,วท.บ.สาขาวิชากายภาพบำบัด,Bachelor of Science Program in Physical Therapy,A,ภาษาไทย ปกติ,01,กายภาพบำบัด,Physiotherapy,"25,000 บาท ต่อภาคการศึกษา ดูรายละเอียดเพิ่มเติมที่ https://reg.tu.ac.th/content/10",ร้อยละ 83.05 (ปกศ.2567)
10050212111301A,thammasat,005,12,02,ศูนย์รังสิต,RangsitCampus,เทคนิคการแพทยบัณฑิต,Bachelor of Science Program in Medical Technology,A,ภาษาไทย ปกติ,13,เทคนิคการแพทย์,Medical Technology,"25,000 บาท ต่อภาคการศึกษา ดูรายละเอียดเพิ่มเติมที่ https://reg.tu.ac.th/content/10",ร้อยละ 81.48 (ปกศ.2567)
10050212111901B,thammasat,005,12,02,ศูนย์รังสิต,RangsitCampus,วท.บ.สาขาวิชารังสีเทคนิค (โครงการพิเศษ),Bachelor of Science Program in Radiological Technology,B,ภาษาไทย พิเศษ,19,รังสีเทคนิค,Radiological Technology,"45,000 บาท ต่อภาคการศึกษา",ร้อยละ 100.00 (ปกศ.2567)
10050212112001A,thammasat,005,12,02,ศูนย์รังสิต,RangsitCampus,วท.บ.สาขาวิชาวิทยาศาสตร์การกีฬาและการออกกำลังกาย,Bachelor of Science Program in Sports and Exercise Science,A,ภาษาไทย ปกติ,20,วิทยาศาสตร์การกีฬา,Sports Science,"25,000 บาท ต่อภาคการศึกษา ดูรายละเอียดเพิ่มเติมที่ https://reg.tu.ac.th/content/10",ร้อยละ 82.35 (ปกศ.2567)
10050212112001B,thammasat,005,12,02,ศูนย์รังสิต,RangsitCampus,ศศ.บ.สาขาวิชาการจัดการการกีฬา (โครงการพิเศษ),Bachelor of Arts Program in Sport Management,B,ภาษาไทย พิเศษ,20,วิทยาศาสตร์การกีฬา,Sports Science,"35,000 บาท ต่อภาคการศึกษา",ร้อยละ 85.79 (ปกศ.2567)
10050212112002B,thammasat,005,12,02,ศูนย์รังสิต,RangsitCampus,ศศ.บ.สาขาวิชาการฝึกสอนกีฬา (โครงการพิเศษ),Bachelor of Arts Program in Sports Coaching,B,ภาษาไทย พิเศษ,20,วิทยาศาสตร์การกีฬา,Sports Science,"35,000 บาท ต่อภาคการศึกษา",ร้อยละ 87.16 (ปกศ.2567)
10050213120101A,thammasat,005,13,02,ศูนย์รังสิต,RangsitCampus,ทันตแพทยศาสตรบัณฑิต,Doctor of Dental Surgery Program,A,ภาษาไทย ปกติ,01,ทันตแพทยศาสตร์,Dentistry,"50,000 บาท ต่อภาคการศึกษา ดูรายละเอียดเพิ่มเติมที่ https://reg.tu.ac.th/content/10",ร้อยละ 95.66
10050213120101C,thammasat,005,13,02,ศูนย์รังสิต,RangsitCampus,ทันตแพทยศาสตรบัณฑิต (หลักสูตรทวิภาษา),Doctor of Dental Surgery Program (Bilingual Program),C,สองภาษา/สามภาษา,01,ทันตแพทยศาสตร์,Dentistry,"600,000 บาท ต่อภาคการศึกษา",ร้อยละ 61.12
10050214111701A,thammasat,005,14,02,ศูนย์รังสิต,RangsitCampus,พยาบาลศาสตรบัณฑิต,Bachelor of Nursing Science  Program,A,ภาษาไทย ปกติ,17,พยาบาลศาสตร์,Nursing,"26,500 บาท ต่อภาคการศึกษา ดูรายละเอียดเพิ่มเติมที่ https://reg.tu.ac.th/content/10",ร้อยละ 95.76 (ปกศ. 2567)
10050215800101A,thammasat,005,15,02,ศูนย์รังสิต,RangsitCampus,ศป.บ.สาขาวิชาศิลปะการออกแบบพัสตราภรณ์ วิชาเอกสิ่งทอ,Bachelor of Fine and Applied Arts (Textile Design),A,ภาษาไทย ปกติ,01,การออกแบบ,Design,"19,000 บาท ต่อภาคการศึกษา ดูรายละเอียดเพิ่มเติมที่ https://reg.tu.ac.th/content/10",ร้อยละ 55.17
10050215800101A,thammasat,005,15,02,ศูนย์รังสิต,RangsitCampus,ศป.บ.สาขาวิชาศิลปะการออกแบบพัสตราภรณ์ วิชาเอกแฟชั่น,Bachelor of Fine and Applied Arts (Fashion Design),A,ภาษาไทย ปกติ,01,การออกแบบ,Design,"19,000 บาท ต่อภาคการศึกษา ดูรายละเอียดเพิ่มเติมที่ https://reg.tu.ac.th/content/10",ร้อยละ 55.17
10050215800401A,thammasat,005,15,02,ศูนย์รังสิต,RangsitCampus,ศป.บ.สาขาวิชาการละคอน,Bachelor of Fine and Applied Arts Program in Theatre,A,ภาษาไทย ปกติ,04,ศิลปะการแสดง,Performing Arts,"19,000 บาท ต่อภาคการศึกษา ดูรายละเอียดเพิ่มเติมที่ https://reg.tu.ac.th/content/10",ร้อยละ 85.37
10050215800501B,thammasat,005,15,02,ศูนย์รังสิต,RangsitCampus,ศป.บ.สาขาวิชาการบริหารจัดการศิลปะ (โครงการพิเศษ),Bachelor of Fine and Applied Arts (Arts Administration),B,ภาษาไทย พิเศษ,05,ศิลปกรรมศาสตร์,Fine Arts,"340,040 บาท ตลอดหลักสูตร",หลักสูตรใหม่ ยังไม่มีมีผู้สำเร็จการศึกษา
10050216400301B,thammasat,005,16,02,ศูนย์รังสิต,RangsitCampus,ภูมิสถาปัตยกรรมศาสตรบัณฑิต,Bachelor of Landscape Architecture Program,B,ภาษาไทย พิเศษ,03,ภูมิสถาปัตยกรรม,Landscape Architecture,"50,000 - 60,000 บาท ต่อภาคการศึกษา",ร้อยละ 42.20
10050216400401B,thammasat,005,16,02,ศูนย์รังสิต,RangsitCampus,การผังเมืองบัณฑิต,Bachelor of Urban Environmental Planning and Development Program,B,ภาษาไทย พิเศษ,04,วางแผนภาคและเมือง,Urban and Regional Planning,"50,000 - 60,000 บาท ต่อภาคการศึกษา",ร้อยละ 77.78
10050216400501B,thammasat,005,16,02,ศูนย์รังสิต,RangsitCampus,วท.บ.สาขาวิชาสถาปัตยกรรม,Bachelor of Science Program in Architecture,B,ภาษาไทย พิเศษ,05,สถาปัตยกรรม,Architecture,"50,000 - 60,000 บาท ต่อภาคการศึกษา",ร้อยละ 48.80
10050216400502B,thammasat,005,16,02,ศูนย์รังสิต,RangsitCampus,วท.บ.สาขาวิชาสถาปัตยกรรมเพื่อการพัฒนาอสังหาริมทรัพย์,Bachelor of Science Program in Architecture for Real Estate Development,B,ภาษาไทย พิเศษ,05,สถาปัตยกรรม,Architecture,"50,000 - 60,000 บาท ต่อภาคการศึกษา",ร้อยละ 83.05
10050216400701B,thammasat,005,16,02,ศูนย์รังสิต,RangsitCampus,สถาปัตยกรรมภายในบัณฑิต,Bachelor of Interior Architecture Program,B,ภาษาไทย พิเศษ,07,สถาปัตยกรรมภายใน,Interior Architecture,"50,000 - 60,000 บาท ต่อภาคการศึกษา",ร้อยละ 69.09
10050216610201E,thammasat,005,16,02,ศูนย์รังสิต,RangsitCampus,วท.บ.สาขาวิชาการจัดการออกแบบธุรกิจและเทคโนโลยี (หลักสูตรนานาชาติ) (DBTM),"Design,Business and Technology Management (English Program)",E,นานาชาติ,02,การจัดการ,Management,"85,000 บาท ต่อภาคการศึกษา",ร้อยละ 95
10050217112501A,thammasat,005,17,02,ศูนย์รังสิต,RangsitCampus,วท.บ.สาขาวิชาการสร้างเสริมสุขภาพเชิงนวัตกรรม,Bachelor of Science Program in Innovative Health Promotion,A,ภาษาไทย ปกติ,25,ส่งเสริมสุขภาพ,Promote Health,"22,300 บาท ต่อภาคการศึกษา ดูรายละเอียดเพิ่มเติมที่ https://reg.tu.ac.th/content/10",ร้อยละ 86.95
10050217112701A,thammasat,005,17,02,ศูนย์รังสิต,RangsitCampus,วท.บ.สาขาวิชาอาชีวอนามัยและความปลอดภัย,Bachelor of Science Program in Occupational Health and Safety,A,ภาษาไทย ปกติ,27,สาธารณสุข,Public Health,"22,300 บาท ต่อภาคการศึกษา ดูรายละเอียดเพิ่มเติมที่ https://reg.tu.ac.th/content/10",ร้อยละ 90.90
10050217112702A,thammasat,005,17,02,ศูนย์รังสิต,RangsitCampus,วท.บ.สาขาวิชาอนามัยสิ่งแวดล้อม,Bachelor of Science Program in Environmental Health,A,ภาษาไทย ปกติ,27,สาธารณสุข,Public Health,"22,300 บาท ต่อภาคการศึกษา ดูรายละเอียดเพิ่มเติมที่ https://reg.tu.ac.th/content/10",ร้อยละ 85.71
10050218130101A,thammasat,005,18,02,ศูนย์รังสิต,RangsitCampus,เภสัชศาสตรบัณฑิต,Doctor of Pharmacy Program,A,ภาษาไทย ปกติ,01,เภสัชศาสตร์,Pharmacy,"52,000 บาท ต่อภาคการศึกษา ดูรายละเอียดเพิ่มเติมที่ https://reg.tu.ac.th/content/10",ร้อยละ 99
10050219903601A,thammasat,005,19,02,ศูนย์รังสิต,RangsitCampus,ศศ.บ.สาขาวิชาวิทยาการเรียนรู้,Bachelor of Arts Program   in Learning Sciences,A,ภาษาไทย ปกติ,36,สังคมศาสตร์และพฤติกรรมศาสตร์,Social and Behavioural Science,"17,300 บาท ต่อภาคการศึกษา ดูรายละเอียดเพิ่มเติมที่ https://reg.tu.ac.th/content/10",ร้อยละ 98
10050219903601B,thammasat,005,19,02,ศูนย์รังสิต,RangsitCampus,ศศ.บ.สาขาวิชาศักยภาพมนุษย์และสุขภาวะ,Bachelor of Arts Program in Human Potential and Well-being,B,ภาษาไทย พิเศษ,36,สังคมศาสตร์และพฤติกรรมศาสตร์,Social and Behavioural Science,"ปีที่ 1 ภาคเรียนที่ 1 =46,785 บาท ภาคเรียนที่ 2 =42,495 บาท / ปีที่ 2 ภาคเรียนที่ 1 = 46,205 บาท ภาคเรียนที่ 2 =42,495 บาท / ปีที่ 3 ภาคเรียนที่ 1 =46,205 บาท ภาคเรียนที่ 2 = 37,695 บาท / ปีที่ 4 ภาคเรียนที่ 1 = 36,605 บาท ภาคเรียนที่ 2 = 28,095 บาท  รวม  326,580 ตลอดหลักสูตร",หลักสูตรใหม่ ยังไม่มีมีผู้สำเร็จการศึกษา
10050222300001E,thammasat,005,22,02,ศูนย์รังสิต,RangsitCampus,วศ.บ.สาขาวิชาวิศวกรรมไฟฟ้า วิศวกรรมโยธา วิศวกรรมเครื่องกล วิศวกรรมเคมี วิศวกรรมอุตสาหการ และโลจิสติกส์อัจฉริยะ (หลักสูตรนานาชาติ) (SIIT),Bachelor of Engineering (B.Eng.),E,นานาชาติ,00,วิศวกรรมทั่วไป,General Engineering,"112,800 บาท ต่อภาคการศึกษา",ร้อยละ 91.40
10050222300501E,thammasat,005,22,02,ศูนย์รังสิต,RangsitCampus,วศ.บ.สาขาวิชาวิศวกรรมดิจิทัล และวิศวกรรมคอมพิวเตอร์ (หลักสูตรนานาชาติ) (SIIT),Bachelor of Engineering (B.Eng.),E,นานาชาติ,05,วิศวกรรมคอมพิวเตอร์,Computer Engineering,"112,800 บาท ต่อภาคการศึกษา",ร้อยละ 91.40
10050222300601E,thammasat,005,22,02,ศูนย์รังสิต,Rangsit Campus,วศ.บ.สาขาวิชาวิศวกรรมเคมี (หลักสูตรนานาชาติ) (SIIT),Chemical Engineering,E,นานาชาติ,06,วิศวกรรมเคมี,Chemical Engineering,"112,800 บาท ต่อภาคการศึกษา",ร้อยละ 91.40
10050222300701E,thammasat,005,22,02,ศูนย์รังสิต,Rangsit Campus,วศ.บ.สาขาวิชาวิศวกรรมเครื่องกล (หลักสูตรนานาชาติ) (SIIT),Mechanical Engineering,E,นานาชาติ,07,วิศวกรรมเครื่องกล,Mechanical Engineering,"112,800 บาท ต่อภาคการศึกษา",ร้อยละ 91.40
10050222301601E,thammasat,005,22,02,ศูนย์รังสิต,Rangsit Campus,วศ.บ.สาขาวิชาวิศวกรรมไฟฟ้า (หลักสูตรนานาชาติ) (SIIT),Electrical Engineering,E,นานาชาติ,16,วิศวกรรมไฟฟ้า,Electrical Engineering,"112,800 บาท ต่อภาคการศึกษา",ร้อยละ 91.40
10050222302101E,thammasat,005,22,02,ศูนย์รังสิต,Rangsit Campus,วศ.บ.สาขาวิชาวิศวกรรมโยธา (หลักสูตรนานาชาติ) (SIIT),Civil Engineering,E,นานาชาติ,21,วิศวกรรมโยธา,Civil Engineering,"112,800 บาท ต่อภาคการศึกษา",ร้อยละ 91.40
10050222303501E,thammasat,005,22,02,ศูนย์รังสิต,Rangsit Campus,วศ.บ.สาขาวิชาวิศวกรรมอุตสาหการและระบบโลจิสติกส์ส์อัจฉริยะ (หลักสูตรนานาชาติ) (SIIT),Industrial Engineering and Logistics Systems,E,นานาชาติ,35,วิศวกรรมอุตสาหการ,Industrial Engineering,"112,800 บาท ต่อภาคการศึกษา",ร้อยละ 91.40
10050222610801E,thammasat,005,22,02,ศูนย์รังสิต,RangsitCampus,วท.บ.สาขาวิชาการวิเคราะห์ธุรกิจและโซ่อุปทาน (หลักสูตรนานาชาติ) (SIIT),Bachelor of Science (B.Sc.),E,นานาชาติ,08,บริหารธุรกิจ,Business Administration,"112,800 บาท ต่อภาคการศึกษา",ร้อยละ 91.40
10050224213501B,thammasat,005,24,02,ศูนย์รังสิต,RangsitCampus,วท.บ.สาขาวิชาการจัดการเพื่อความยั่งยืน (โครงการพิเศษ) (ศึกษาที่ มธ.ศูนย์รังสิต),Bachelor of Science Program in Sustainability Management,B,ภาษาไทย พิเศษ,35,วิทยาศาสตร์และเทคโนโลยี,Science and Technology,"360,000 บาท ตลอดหลักสูตร",หลักสูตรใหม่ ยังไม่มีมีผู้สำเร็จการศึกษา
10050224220301B,thammasat,005,24,02,ศูนย์รังสิต,RangsitCampus,วท.บ.สาขาวิชาวิทยาศาสตร์และนวัตกรรมข้อมูล (โครงการพิเศษ) (ศึกษาที่ มธ.ศูนย์รังสิต) (DSI),Bachelor  of  Science  Program  in   Data Science and Innovation,B,ภาษาไทย พิเศษ,03,วิทยาการ วิทยาศาสตร์ข้อมูล,Data Science,"ประมาณ 50,000 บาท (คำนวณตามจำนวนหน่วยวยกิตรายวิชาที่จดทะเบียนหน่วยกิตละ 1,500 บาท)","อัตราการจบการศึกษา ร้อยละ 96.85 
ของนักศึกษาปีการศึกษา 2566"
10050224903601B,thammasat,005,24,02,ศูนย์รังสิต,RangsitCampus,ศศ.บ.สาขาวิชาสหวิทยาการ (โครงการพิเศษ) (ศึกษาที่ มธ.ศูนย์รังสิต),B.A. (Interdisciplinary Studies of Social Science),B,ภาษาไทย พิเศษ,36,สังคมศาสตร์และพฤติกรรมศาสตร์,Social and Behavioural Science,"ชั้นปีที่ 1-3 
ภาคเรียนที่ 1 = 38,085 บาท 
ภาคเรียนที่ 2 = 33,795 บาท
ชั้นปีที่ 4   
ภาคเรียนที่ 1 = 26,705 บาท  
ภาคเรียนที่ 2 = 19,395 บาท",ร้อยละ 75.22
10050228900301E,thammasat,005,28,02,ศูนย์รังสิต,RangsitCampus,ศศ.บ.สาขาวิชาโลกคดีศึกษาและการประกอบการสังคม (หลักสูตรนานาชาติ),"Bachelor of Arts Program in Global Studies and Social 
Entrepreneurship (International Program)",E,นานาชาติ,03,การประกอบการ,Entrepreneur,"นศ. ไทย 80,000 บาท ต่อภาคเรียน
นศ. ต่างชาติ 90,000/ภาคการศึกษา",ร้อยละ 90
10050229100101G,thammasat,005,29,02,ศูนย์รังสิต,RangsitCampus,แพทยศาสตรบัณฑิต และวท.บ. สาขาวิชาวิทยาศาสตร์การแพทย์ (หลักสูตรนานาชาติ),Doctor of Medicine and Bachelor of Science Program in Medical Science (International Program),G,Double Degree - นานาชาติ พิเศษ,01,แพทยศาสตร์,Medicine,"นักศึกษาไทย 475,000 บาท และนักศึกษาต่างชาติ 495,000 บาท",หลักสูตรใหม่ ยังไม่มีมีผู้สำเร็จการศึกษา
10050229110501E,thammasat,005,29,02,ศูนย์รังสิต,RangsitCampus,การแพทย์แผนจีนบัณฑิต (หลักสูตรนานาชาติ) (TCM),Bachelor of Traditional Chinese Medicine Programme ( International Programe),E,นานาชาติ,05,การแพทย์แผนจีน,Chinese Traditional Medicine,"นศ. ไทย 80,000 บาท /ภาคการศึกษา
นศ. ต่างชาติ 100,000/ภาคการศึกษา",ร้อยละ 88.89
10050229111501E,thammasat,005,29,02,ศูนย์รังสิต,RangsitCampus,วท.บ.สาขาวิชาเทคโนโลยีหัวใจและทรวงอก (หลักสูตรนานาชาติ) (CVS),Bachelor of Science Program in Cardio-Thoracic Technology (International Program),E,นานาชาติ,15,เทคโนโลยีหัวใจและทรวงอก,Cardio-Thoracic Technology,"นศ. ไทย 80,000 บาท /ภาคการศึกษา
นศ. ต่างชาติ 100,000/ภาคการศึกษา",ร้อยละ 94.74
10050229113001E,thammasat,005,29,02,ศูนย์รังสิต,RangsitCampus,ทัศนมาตรศาสตรบัณฑิต (หลักสูตรนานาชาติ) (O.D.),Doctor of Optometry,E,นานาชาติ,30,ทัศนมาตร,Optometry,"นศ. ไทย 80,000 บาท /ภาคการศึกษา
นศ. ต่างชาติ 100,000/ภาคการศึกษา",หลักสูตรใหม่ ยังไม่มีมีผู้สำเร็จการศึกษา
10050230903601B,thammasat,005,30,02,ศูนย์รังสิต,RangsitCampus,ศศ.บ.สาขาวิชานวัตกรรมการพัฒนามนุษย์และสังคม (โครงการพิเศษ),Innovation for Human and Social Development (Creative Development),B,ภาษาไทย พิเศษ,36,สังคมศาสตร์และพฤติกรรมศาสตร์,Social and Behavioural Science,"ประมาณ 45,000 - 52,000 บาทต่อภาคเรียน ขึ้นอยู่กับจำนวนหน่วยกิตที่ลงทะเบียน",ร้อยละ 83.15
10050310302001B,thammasat,005,10,03,ศูนย์พัทยา,PattayaCampus,วศ.บ.สาขาวิชาวิศวกรรมยานยนต์และระบบอัตโนมัติ (ศึกษาที่ มธ.ศูนย์พัทยา) (โครงการพิเศษ) (AUTOMOTIVE),Bachelor of Engineering Program in Automotive Engineering and Industrial Automation,B,ภาษาไทย พิเศษ,20,วิศวกรรมยานยนต์,Automotive Engineering,"32,400 บาท ต่อภาคการศึกษา",ร้อยละ 71.43
10050401901001A,thammasat,005,01,04,ศูนย์ลำปาง,LampangCenter,นิติศาสตรบัณฑิต (ศึกษาที่ มธ.ศูนย์ลำปาง),Bachelor of Laws Program,A,ภาษาไทย ปกติ,10,นิติศาสตร์,Laws,"18,800 บาท ต่อภาคเรียน ดูรายละเอียดเพิ่มเติมที่ https://reg.tu.ac.th/content/10",ร้อยละ 78.81
10050405903701A,thammasat,005,05,04,ศูนย์ลำปาง,LampangCenter,สังคมสงเคราะห์ศาสตรบัณฑิต (ศึกษาที่ มธ.ศูนย์ลำปาง),Bachelor of Social Work Program,A,ภาษาไทย ปกติ,37,สังคมสงเคราะห์ศาสตร์,Social Work,"18,800 บาท ต่อภาคการศึกษา ดูรายละเอียดเพิ่มเติมที่ https://reg.tu.ac.th/content/10",ร้อยละ 96
10050409220201A,thammasat,005,09,04,ศูนย์ลำปาง,LampangCenter,วท.บ. สาขาวิชาเทคโนโลยีและนวัตกรรมดิจิทัล (ศึกษาที่ มธ.ศูนย์ลำปาง),Bachelor of Science Program in Digital Technology and Innovation,A,ภาษาไทย ปกติ,02,วิทยาการคอมพิวเตอร์,Computer Science,"22,300  บาท ต่อภาคการศึกษา ดูรายละเอียดเพิ่มเติมที่ https://reg.tu.ac.th/content/10",หลักสูตรใหม่ ยังไม่มีมีผู้สำเร็จการศึกษา
10050411110801A,thammasat,005,11,04,ศูนย์ลำปาง,LampangCenter,การแพทย์แผนไทยประยุกต์บัณฑิต (ศึกษาที่ มธ.ศูนย์ลำปาง),"Bachelor of Applied Thai- Traditional 
Medicine Program",A,ภาษาไทย ปกติ,08,การแพทย์แผนไทยประยุกต์,Applied Thai Traditional Medicine,"24,700 บาท ต่อภาคการศึกษา",หลักสูตรใหม่ ยังไม่มีมีผู้สำเร็จการศึกษา
10050415800101A,thammasat,005,15,04,ศูนย์ลำปาง,Lampang Center,ศป.บ. สาขาวิชาออกแบบหัตถอุตสาหกรรมสร้างสรรค์,Bachelor of Fine and Applied Arts Programme in  Industrial Crafts Design,A,ภาษาไทย ปกติ,01,การออกแบบ,Design,"22,100 บาท ต่อภาคการศึกษา ดูรายละเอียดเพิ่มเติมที่ https://reg.tu.ac.th/content/10",หลักสูตรใหม่ ยังไม่มีมีผู้สำเร็จการศึกษา
10050417112701A,thammasat,005,17,04,ศูนย์ลำปาง,LampangCenter,วท.บ.สาขาวิชาอาชีวอนามัยและความปลอดภัย (ศึกษาที่ มธ.ศูนย์ลำปาง),Bachelor of Science Program in Occupational Health and Safety,A,ภาษาไทย ปกติ,27,สาธารณสุข,Public Health,"22,300 บาท ต่อภาคการศึกษา ดูรายละเอียดเพิ่มเติมที่ https://reg.tu.ac.th/content/10",ร้อยละ 96.55
10050417112702A,thammasat,005,17,04,ศูนย์ลำปาง,LampangCenter,วท.บ.สาขาวิชาอนามัยสิ่งแวดล้อม (ศึกษาที่ มธ.ศูนย์ลำปาง),Bachelor of Science Program in Environmental Health,A,ภาษาไทย ปกติ,27,สาธารณสุข,Public Health,"22,300 บาท ต่อภาคการศึกษา ดูรายละเอียดเพิ่มเติมที่ https://reg.tu.ac.th/content/10",ร้อยละ 100.00
10050417112703A,thammasat,005,17,04,ศูนย์ลำปาง,LampangCenter,วท.บ.สาขาวิชาอนามัยชุมชน (ศึกษาที่ มธ.ศูนย์ลำปาง),Bachelor of Science Program in Community Health,A,ภาษาไทย ปกติ,27,สาธารณสุข,Public Health,"22,300 บาท ต่อภาคการศึกษา ดูรายละเอียดเพิ่มเติมที่ https://reg.tu.ac.th/content/10",ร้อยละ 100.00
10050424903601A,thammasat,005,24,04,ศูนย์ลำปาง,LampangCenter,ศศ.บ.สาขาวิชาสหวิทยาการ (ศึกษาที่ มธ.ศูนย์ลำปาง),B.A. (Interdisciplinary Studies of Social Science),A,ภาษาไทย ปกติ,36,สังคมศาสตร์และพฤติกรรมศาสตร์,Social and Behavioural Science,"19,000 บาท ต่อภาคการศึกษา ดูรายละเอียดเพิ่มเติมที่ https://reg.tu.ac.th/content/10",ร้อยละ 72.72
10050424903601B,thammasat,005,24,04,ศูนย์ลำปาง,LampangCenter,ศศ.บ.สาขาวิชาปรัชญาการเมืองและเศรษฐศาสตร์ (โครงการพิเศษ) (ศึกษาที่ มธ.ศูนย์ลำปาง),"Bachelor of Arts Program in Philosophy, Politics and Economics.",B,ภาษาไทย พิเศษ,36,สังคมศาสตร์และพฤติกรรมศาสตร์,Social and Behavioural Science,"วิชาบรรยายหน่วยกิตละ 1,200 บาท (ยังไม่รวมค่าใช้จ่ายอื่นๆ ของ มธ.) ค่าใช้จ่ายภาคเรียนที่ 1 ประมาณ 46,000 บาท และภาคเรียนที่ 2 ประมาณ  26,000 บาท (สามารถเรียนจบได้ภายใน 3 ปีครึ่ง) รวมค่าใช้จ่ายตลอดหลักสูตรเป็นระยะเวลา 3 ปีครึ่ง ประมาณ 260,000 บาท",ร้อยละ 98.18 ของนักศึกษาปีการศึกษา 2566
10060101100101A,mahidol,006,01,01,ศาลายา,Salaya Campus,หลักสูตรแพทยศาสตรบัณฑิต,Doctor of Medicine,A,ภาษาไทย ปกติ,01,แพทยศาสตร์,Medicine,"อัตราค่าเล่าเรียนตลอดหลักสูตร 360,000 บาท (เหมายจ่ายภาคการศึกษาละ 30,000 บาท)",อัตราการจบการศึกษาตามระยะเวลา ร้อยละ 95.53 ของนักศึกษาปีการศึกษา 2567
10060101110201A,mahidol,006,01,01,ศาลายา,Salaya Campus,หลักสูตรวิทยาศาสตรบัณฑิต สาขาวิชากายอุปกรณ์,Bachelor of Science Program in Prosthetics and Orthotics,A,ภาษาไทย ปกติ,02,กายอุปกรณ์,Prosthesis and Orthosis,"อัตราค่าเล่าเรียนตลอดหลักสูตร 168,000 บาท (เหมายจ่ายภาคการศึกษาละ 21,000 บาท)",อัตราการจบการศึกษา ร้อยละ 100 ของนักศึกษาปีการศึกษา 2566
10060101110801A,mahidol,006,01,01,ศาลายา,Salaya Campus,หลักสูตรการแพทย์แผนไทยประยุกต์บัณฑิต,Bachelor of Applied Thai Traditional Medicine,A,ภาษาไทย ปกติ,08,การแพทย์แผนไทยประยุกต์,Applied Thai Traditional Medicine,"อัตราค่าเล่าเรียนตลอดหลักสูตร 200,000 บาท (เหมายจ่ายภาคการศึกษาละ25,000บาท)",อัตราการจบการศึกษา ร้อยละ 90 ของนักศึกษาปีการศึกษา 2567
10060101111401A,mahidol,006,01,01,ศาลายา,Salaya Campus,หลักสูตรเทคโนโลยีบัณฑิต สาขาวิชาเทคโนโลยีการศึกษาแพทยศาสตร์,Bachelor of Technology Program in Medical Educational Technology,A,ภาษาไทย ปกติ,14,เทคโนโลยีการศึกษาแพทยศาสตร์,Medical Education Technology,"อัตราค่าเล่าเรียนตลอดหลักสูตร 168,000 บาท (เหมายจ่ายภาคการศึกษาละ21,000 บาท)",อัตราการจบการศึกษา ร้อยละ 90 ของนักศึกษาปีการศึกษา 2567
10060102100101A,mahidol,006,02,01,ศาลายา,Salaya Campus,หลักสูตรแพทยศาสตรบัณฑิต,Doctor of Medicine,A,ภาษาไทย ปกติ,01,แพทยศาสตร์,Medicine,"อัตราค่าเล่าเรียนหลักสูตรแพทยศาสตรบัณฑิต 360,000 บาท (เหมาจ่ายภาคการศึกษาละ 30,000 บาท)",ร้อยละ 100 (24/24)
10060102111001A,mahidol,006,02,01,ศาลายา,Salaya Campus,หลักสูตรวิทยาศาสตรบัณฑิต สาขาวิชาความผิดปกติของการสื่อความหมาย,Bachelor of Science Programme in Communication Disorders,A,ภาษาไทย ปกติ,10,ความผิดปกติของการสื่อความหมาย,Communication Disorders,"อัตราค่าเล่าเรียนตลอดหลักสูตร 50,000 บาท (เหมายจ่ายภาคการศึกษาละ 25,000 บาท)",อัตราการจบการศึกษา ร้อยละ 83.87 ของนักศึกษาปีการศึกษา 2566
10060102111001A,mahidol,006,02,01,ศาลายา,Salaya Campus,หลักสูตรวิทยาศาสตรบัณฑิต สาขาวิชาความผิดปกติของการสื่อความหมาย,Bachelor of Science Programme in Communication Disorders,A,ภาษาไทย ปกติ,10,ความผิดปกติของการสื่อความหมาย,Communication Disorders,"อัตราค่าเล่าเรียนตลอดหลักสูตร 50,000 บาท (เหมายจ่ายภาคการศึกษาละ 25,000 บาท)",อัตราการจบการศึกษา ร้อยละ 83.87 ของนักศึกษาปีการศึกษา 2567
10060102111601A,mahidol,006,02,01,ศาลายา,Salaya Campus,หลักสูตรฉุกเฉินการแพทยศาสตรบัณฑิต สาขาวิชาฉุกเฉินการแพทย์,Bachelor of Science in Emergency Medical Operation,A,ภาษาไทย ปกติ,16,ปฏิบัติการฉุกเฉินการแพทย์,Emergency Medical Operation,"ค่าธรรมเนียมตลอดหลักสูตร 168,000 บาท (เหมาจ่ายภาคการศึกษาละ 21,000 บาท)",อัตราการจบการศึกษา ร้อยละ 94 ของนักศึกษาปีการศึกษา 2567
10060102111701A,mahidol,006,02,01,ศาลายา,Salaya Campus,หลักสูตรพยาบาลศาสตรบัณฑิต,Bachelor of Nursing Science Program,A,ภาษาไทย ปกติ,17,พยาบาลศาสตร์,Nursing,"อัตราค่าเล่าเรียนตลอดหลักสูตร 200,000 บาท (เหมายจ่ายภาคการศึกษาละ 25,000 บาท)",อัตราการจบการศึกษา ร้อยละ 86.30 ของนักศึกษาปีการศึกษา 2567
10060102700701B,mahidol,006,02,01,ศาลายา,Salaya Campus,หลักสูตรศึกษาศาสตรบัณฑิต สาขาวิชาหูหนวกศึกษาและการศึกษาของคนหูหนวก,"Bachelor of Education Program 
in Deaf Studies and Deaf Education",B,ภาษาไทย พิเศษ,07,การศึกษาพิเศษ,Special Education,"อัตราค่าเล่าเรียนตลอดหลักสูตร 168,000.00 บาท (เหมายจ่ายภาคการศึกษาละ 21,000.00 บาท)",รับนักศึกษารุ่นแรก รหัส 68 จึงยังไม่มีนักศึกษาที่สำเร็จการศึกษา
10060103130101A,mahidol,006,03,01,ศาลายา,Salaya Campus,หลักสูตรเภสัชศาสตรบัณฑิต,Doctor of Pharmacy Program,A,ภาษาไทย ปกติ,01,เภสัชศาสตร์,Pharmacy,"อัตราค่าเล่าเรียนตลอดหลักสูตร 360,000 บาท (เหมายจ่ายภาคการศึกษาละ 30,000 บาท)",อัตราการจบการศึกษา ร้อยละ 100 ของนักศึกษาปีการศึกษา 2567
10060103130101E,mahidol,006,03,01,ศาลายา,Salaya Campus,หลักสูตรเภสัชศาสตรบัณฑิต (หลักสูตรนานาชาติ),Doctor of Pharmacy Program,E,นานาชาติ,01,เภสัชศาสตร์,Pharmacy,ตามประกาศ,0
10060104120101A,mahidol,006,04,01,ศาลายา,Salaya Campus,หลักสูตรทันตแพทยศาสตรบัณฑิต,Doctor of Dental Surgery Program,A,ภาษาไทย ปกติ,01,ทันตแพทยศาสตร์,Dentistry,"อัตราค่าเล่าเรียนตลอดหลักสูตร  600,000 บาท (เหมาจ่ายภาคการศึกษาละ 50,000 บาท)",อัตราการจบการศึกษา ร้อยละ 95.20  ของนักศึกษาปีการศึกษา 2567
10060104120101E,mahidol,006,04,01,ศาลายา,Salaya Campus,หลักสูตรทันตแพทยศาสตรบัณฑิต (หลักสูตรนานาชาติ),Doctor of Dental Surgery Program (International Program),E,นานาชาติ,01,ทันตแพทยศาสตร์,Dentistry,ตามประกาศ,0
10060105112101E,mahidol,006,05,01,ศาลายา,Salaya Campus,หลักสูตรวิทยาศาสตรบัณฑิต สาขาวิชาวิทยาศาสตร์ชีวการแพทย์ (หลักสูตรนานาชาติ),Bachelor of Science Program in Biomedical Science (International Program),E,นานาชาติ,21,วิทยาศาสตร์การแพทย์,Medical Science,"อัตราค่าเล่าเรียนตลอดหลักสูตร นักศึกษาชาวไทย ประมาณ 640,000 บาท (อัตราเหมาจ่าย ภาคการศึกษาละ 80,000 บาท) และนักศึกษาชาวต่างชาติ ประมาณ 960,000 บาท (อัตราเหมาจ่าย ภาคการศึกษาละ 120,000 บาท)",
10060105210001A,mahidol,006,05,01,ศาลายา,Salaya Campus,หลักสูตรวิทยาศาสตรบัณฑิต,Bachelor of Science Program,A,ภาษาไทย ปกติ,00,วิทยาศาสตร์ทั่วไป,General Science,"อัตราค่าธรรมเนียมตลอดหลักสูตร 168,000 บาท (เหมาจ่ายภาคการศึกษาละ 21,000 บาท)",0
10060105210301A,mahidol,006,05,01,ศาลายา,Salaya Campus,หลักสูตรวิทยาศาสตรบัณฑิต สาขาวิชาคณิตศาสตร์,Bachelor of Science Program in Mathematics,A,ภาษาไทย ปกติ,03,คณิตศาสตร์,Mathematics,"อัตราค่าธรรมเนียมตลอดหลักสูตร 168,000 บาท (เหมาจ่ายภาคการศึกษาละ 21,000 บาท)",อัตราการจบการศึกษา ร้อยละ 100 ของนักศึกษาปีการศึกษา 2566
10060105210301E,mahidol,006,05,01,ศาลายา,Salaya Campus,หลักสูตรวิทยาศาสตรบัณฑิต สาขาวิชาคณิตศาสตร์ประกันภัย (หลักสูตรนานาชาติ),Bachelor of Science Program in Actuarial Science (International Program),E,นานาชาติ,03,คณิตศาสตร์,Mathematics,"อัตราค่าเล่าเรียนตลอดหลักสูตร 525,000 บาท (เหมายจ่ายภาคการศึกษาละ 75,000 บาท)",อัตราการจบการศึกษา ร้อยละ 80 ของนักศึกษาปีการศึกษา 2566
10060105210302E,mahidol,006,05,01,ศาลายา,Salaya Campus,หลักสูตรวิทยาศาสตรบัณฑิต สาขาวิชาคณิตศาสตร์อุตสาหการและวิทยาการข้อมูล (หลักสูตรนานาชาติ),Bachelor of Science Program in Industrial Mathematics (International Program),E,นานาชาติ,03,คณิตศาสตร์,Mathematics,"อัตราค่าเล่าเรียนตลอดหลักสูตร 525,000 บาท (เหมายจ่ายภาคการศึกษาละ 75,000 บาท)",อัตราการจบการศึกษา ร้อยละ 80 ของนักศึกษาปีการศึกษา 2566
10060105210401A,mahidol,006,05,01,ศาลายา,Salaya Campus,หลักสูตรวิทยาศาสตรบัณฑิต สาขาวิชาเคมี,Bachelor of Science Program in Chemistry,A,ภาษาไทย ปกติ,04,เคมี,Chemistry,"อัตราค่าธรรมเนียมตลอดหลักสูตร 168,000 บาท (เหมาจ่ายภาคการศึกษาละ 21,000 บาท)",อัตราการจบการศึกษา ร้อยละ 100 ของนักศึกษาปีการศึกษา 2566
10060105210401E,mahidol,006,05,01,ศาลายา,Salaya Campus,หลักสูตรวิทยาศาสตรบัณฑิต สาขาวิชานวัตกรรมเคมีและเทคโนโลยี (หลักสูตรนานาชาติ),Bachelor of Science Program in Chemical Innovation and Technology (International Program),E,นานาชาติ,04,เคมี,Chemistry,"อัตราค่าเล่าเรียนตลอดหลักสูตร นักศึกษาชาวไทย ประมาณ 600,000 บาท (อัตราเหมาจ่าย ภาคการศึกษาละ 75,000 บาท) และนักศึกษาชาวต่างชาติ ประมาณ 960,000 บาท (อัตราเหมาจ่าย ภาคการศึกษาละ 120,000 บาท)",0
10060105210701A,mahidol,006,05,01,ศาลายา,Salaya Campus,หลักสูตรวิทยาศาสตรบัณฑิต สาขาวิชาชีววิทยา,Bachelor of Science Program in Biology,A,ภาษาไทย ปกติ,07,ชีววิทยา,Biology,"อัตราค่าธรรมเนียมตลอดหลักสูตร 168,000 บาท (เหมาจ่ายภาคการศึกษาละ 21,000 บาท)",อัตราการจบการศึกษา ร้อยละ 100 ของนักศึกษาปีการศึกษา 2566
10060105210701E,mahidol,006,05,01,ศาลายา,Salaya Campus,หลักสูตรวิทยาศาสตรบัณฑิต สาขาวิชาทรัพยากรชีวภาพและชีววิทยาสภาวะแวดล้อม (หลักสูตรนานาชาติ),Bachelor of Science Program in Bioresources and Environmental Biology (International Program),E,นานาชาติ,07,ชีววิทยา,Biology,"อัตราค่าเล่าเรียนตลอดหลักสูตร นักศึกษาชาวไทย ประมาณ 600,000 บาท (อัตราเหมาจ่าย ภาคการศึกษาละ 75,000 บาท) และนักศึกษาชาวต่างชาติ ประมาณ 960,000 บาท (อัตราเหมาจ่าย ภาคการศึกษาละ 120,000 บาท)",0
10060105211201A,mahidol,006,05,01,ศาลายา,Salaya Campus,หลักสูตรวิทยาศาสตรบัณฑิต สาขาวิชาเทคโนโลยีชีวภาพ,Bachelor of Science Program in Biotechnology,A,ภาษาไทย ปกติ,12,เทคโนโลยีชีวภาพ,Biotechnology,"อัตราค่าธรรมเนียมตลอดหลักสูตร 168,000 บาท (เหมาจ่ายภาคการศึกษาละ 21,000 บาท)",อัตราการจบการศึกษา ร้อยละ 100 ของนักศึกษาปีการศึกษา 2566
10060105212401E,mahidol,006,05,01,ศาลายา,Salaya Campus,หลักสูตรวิทยาศาสตรบัณฑิต สาขาวิชาชีวนวัตกรรม (หลักสูตรนานาชาติ),"Bachelor of Science Program in Bioinnovation (International Program, Multidisciplinary Curriculum)",E,นานาชาติ,24,นวัตกรรม,Innovation,"อัตราค่าเล่าเรียนตลอดหลักสูตร นักศึกษาชาวไทย ประมาณ 600,000 บาท  (อัตราเหมาจ่าย ภาคการศึกษาละ 75,000 บาท) และนักศึกษาชาวต่างชาติ ประมาณ 960,000 บาท (อัตราเหมาจ่าย ภาคการศึกษาละ 120,000 บาท)",
10060105212501A,mahidol,006,05,01,ศาลายา,Salaya Campus,หลักสูตรวิทยาศาสตรบัณฑิต สาขาวิชาพฤกษศาสตร์,Bachelor of Science Program in Plant Science,A,ภาษาไทย ปกติ,25,พฤกษศาสตร์,Botany,"อัตราค่าธรรมเนียมตลอดหลักสูตร 168,000 บาท (เหมาจ่ายภาคการศึกษาละ 21,000 บาท)",อัตราการจบการศึกษา ร้อยละ 100 ของนักศึกษาปีการศึกษา 2566
10060105212701A,mahidol,006,05,01,ศาลายา,Salaya Campus,หลักสูตรวิทยาศาสตรบัณฑิต สาขาวิชาฟิสิกส์,Bachelor of Science Program in Physics,A,ภาษาไทย ปกติ,27,ฟิสิกส์,Physics,"อัตราค่าธรรมเนียมตลอดหลักสูตร 168,000 บาท (เหมาจ่ายภาคการศึกษาละ 21,000 บาท)",อัตราการจบการศึกษา ร้อยละ 100 ของนักศึกษาปีการศึกษา 2566
10060105212801E,mahidol,006,05,01,ศาลายา,Salaya Campus,หลักสูตรวิทยาศาสตรบัณฑิต สาขาวิชาวัสดุศาสตร์และวิศวกรรมนาโน (หลักสูตรนานาชาติ),Bachelor of Science Program in Materials Science and Nano Engineering (International Program),E,นานาชาติ,28,วัสดุศาสตร์,Materials Science,"อัตราค่าเล่าเรียนตลอดหลักสูตร นักศึกษาชาวไทย ประมาณ 600,000 บาท (อัตราเหมาจ่าย ภาคการศึกษาละ 75,000 บาท) และนักศึกษาชาวต่างชาติ ประมาณ 960,000 บาท (อัตราเหมาจ่าย ภาคการศึกษาละ 120,000 บาท)",0
10060106111301A,mahidol,006,06,01,ศาลายา,Salaya Campus,หลักสูตรวิทยาศาสตรบัณฑิต สาขาวิชาเทคนิคการแพทย์,Bachelor of Science Program in Medical Technology,A,ภาษาไทย ปกติ,13,เทคนิคการแพทย์,Medical Technology,"อัตราค่าเล่าเรียนตลอดหลักสูตร 212,500 บาท (เหมายจ่ายภาคการศึกษาละ 25,000 บาท)",อัตราการจบการศึกษา ร้อยละ 98.99ของนักศึกษาปีการศึกษา 2566
10060106111901A,mahidol,006,06,01,ศาลายา,Salaya Campus,หลักสูตรวิทยาศาสตรบัณฑิต สาขาวิชารังสีเทคนิค,Bachelor of Science Program in Radiological Technology,A,ภาษาไทย ปกติ,19,รังสีเทคนิค,Radiological Technology,"อัตราค่าเล่าเรียนตลอดหลักสูตร 212,500 บาท (เหมายจ่ายภาคการศึกษาละ 25,000 บาท)",อัตราการจบการศึกษา ร้อยละ 100 ของนักศึกษาปีการศึกษา 2566
10060107111803A,mahidol,006,07,01,ศาลายา,Salaya Campus,หลักสูตรวิทยาศาสตรบัณฑิต สาขาวิชาโภชนวิทยาและการกำหนดอาหาร,Bachelor of Science Program in Nutrition and Dietetics,A,ภาษาไทย ปกติ,18,โภชนาการ,Nutrition,"อัตราค่าเล่าเรียนตลอดหลักสูตร 168,000 บาท (เหมายจ่ายภาคการศึกษาละ 21,000 บาท)",อัตราการจบการศึกษา ร้อยละ 100  ของนักศึกษาปีการศึกษา 2566
10060107112701A,mahidol,006,07,01,ศาลายา,Salaya Campus,หลักสูตรวิทยาศาสตรบัณฑิต สาขาวิชาสาธารณสุขศาสตร์,Bachelor of Science Program in Public Health,A,ภาษาไทย ปกติ,27,สาธารณสุข,Public Health,"อัตราค่าเล่าเรียนตลอดหลักสูตร 168,000 บาท (เหมายจ่ายภาคการศึกษาละ 21,000 บาท)",อัตราการจบการศึกษา ร้อยละ 100  ของนักศึกษาปีการศึกษา 2566
10060107112702A,mahidol,006,07,01,ศาลายา,Salaya Campus,หลักสูตรวิทยาศาสตรบัณฑิต สาขาวิชาอาชีวอนามัยและความปลอดภัย,Bachelor of Science Program in Public Health,A,ภาษาไทย ปกติ,27,สาธารณสุข,Public Health,"อัตราค่าเล่าเรียนตลอดหลักสูตร 168,000 บาท (เหมายจ่ายภาคการศึกษาละ 21,000 บาท)",อัตราการจบการศึกษา ร้อยละ 100  ของนักศึกษาปีการศึกษา 2566
10060107112704A,mahidol,006,07,01,ศาลายา,Salaya Campus,หลักสูตรวิทยาศาสตรบัณฑิต สาขาวิชาอนามัยสิ่งแวดล้อม,Bachelor of Science Program in Environmental Health,A,ภาษาไทย ปกติ,27,สาธารณสุข,Public Health,"อัตราค่าเล่าเรียนตลอดหลักสูตร 168,000 บาท (เหมายจ่ายภาคการศึกษาละ 21,000 บาท)",หลักสูตรเปิดใหม่ยังไม่มีนักศึกษาสำเร็จการศึกษา
10060108111701A,mahidol,006,08,01,ศาลายา,Salaya Campus,หลักสูตรพยาบาลศาสตรบัณฑิต,Bachelor of Nursing Science Program,A,ภาษาไทย ปกติ,17,พยาบาลศาสตร์,Nursing,"อัตราค่าเล่าเรียนตลอดหลักสูตร 200,000 บาท (เหมาจ่ายภาคการศึกษาละ 25,000 บาท)",อัตราการจบการศึกษา ร้อยละ 99.73 ของนักศึกษาปีการศึกษา 2567
10060109110101A,mahidol,006,09,01,ศาลายา,Salaya Campus,หลักสูตรวิทยาศาสตรบัณฑิต สาขาวิชากายภาพบำบัด,Bachelor of Science Program in Physical Therapy,A,ภาษาไทย ปกติ,01,กายภาพบำบัด,Physiotherapy,"อัตราค่าเล่าเรียนตลอดหลักสูตร 212,500 บาท (เหมายจ่ายภาคการศึกษาละ 25,000 บาท)",อัตราการจบการศึกษา ร้อยละ 80 ของนักศึกษาปีการศึกษา 2567
10060109110901A,mahidol,006,09,01,ศาลายา,Salaya Campus,หลักสูตรวิทยาศาสตรบัณฑิต สาขาวิชากิจกรรมบำบัด,Bachelor of Science Program in Occupational Therapy,A,ภาษาไทย ปกติ,09,กิจกรรมบำบัด,Occupational Therapy,"อัตราค่าเล่าเรียนตลอดหลักสูตร 212,500 บาท (เหมายจ่ายภาคการศึกษาละ 25,000 บาท)",อัตราการจบการศึกษา ร้อยละ 80 ของนักศึกษาปีการศึกษา 2567
10060110140101A,mahidol,006,10,01,ศาลายา,Salaya Campus,หลักสูตรสัตวแพทยศาสตรบัณฑิต,Doctor of Veterinary Medicine Program,A,ภาษาไทย ปกติ,01,สัตวแพทยศาสตร์,Veterinary Medicine,"อัตราค่าเล่าเรียนตลอดหลักสูตร 300,000 บาท (เหมาจ่ายภาคการศึกษาละ 25,000 บาท)",0
10060111210102E,mahidol,006,11,01,ศาลายา,Salaya Campus,หลักสูตรวิทยาศาสตรบัณฑิต สาขาวิชาการจัดการทรัพยากรธรรมชาติและสิ่งแวดล้อม (หลักสูตรนานาชาติ),Bachelor of Science Program in Natural Resources and Environmental Management (International Program),E,นานาชาติ,01,การจัดการทรัพยากรธรรมชาติและสิ่งแวดล้อม,Natural Resources and Environmental Management,"360,000 บาท (เหมาจ่ายภาคการศึกษาละ 45,000 บาท) ไม่รวมภาคฤดูร้อน",อัตราการจบการศึกษา ร้อยละ 100 ของนักศึกษาปีการศึกษา 2566
10060111213101A,mahidol,006,11,01,ศาลายา,Salaya Campus,หลักสูตรวิทยาศาสตรบัณฑิต สาขาวิชาวิทยาศาสตร์และเทคโนโลยีสิ่งแวดล้อม,Bachelor of Science Programme in Environmental Science and Technology,A,ภาษาไทย ปกติ,31,วิทยาศาสตร์สิ่งแวดล้อม,Environmental Science,"168,000 บาท (เหมาจ่ายภาคการศึกษาละ 21,000 บาท) ไม่รวมภาคฤดูร้อน",อัตราการจบการศึกษา ร้อยละ 97.62 ของนักศึกษาปีการศึกษา 2566
10060112300501A,mahidol,006,12,01,ศาลายา,Salaya Campus,หลักสูตรวิศวกรรมศาสตรบัณฑิต สาขาวิชาวิศวกรรมคอมพิวเตอร์,Bachelor of Engineering Program in Computer Engineering,A,ภาษาไทย ปกติ,05,วิศวกรรมคอมพิวเตอร์,Computer Engineering,"240,000",96.43
10060112300601A,mahidol,006,12,01,ศาลายา,Salaya Campus,หลักสูตรวิศวกรรมศาสตรบัณฑิต สาขาวิชาวิศวกรรมเคมี,Bachelor of Engineering Program in Chemical Engineering,A,ภาษาไทย ปกติ,06,วิศวกรรมเคมี,Chemical Engineering,"240,000",95.12
10060112300601E,mahidol,006,12,01,ศาลายา,Salaya Campus,หลักสูตรวิศวกรรมศาสตรบัณฑิต สาขาวิชาวิศวกรรมเคมีและกระบวนการ (หลักสูตรนานาชาติ),Bachelor of Engineering in Chemical and Process Engineering (International Program),E,นานาชาติ,06,วิศวกรรมเคมี,Chemical Engineering,"600000 สำหรับสัญชาติไทย / 960,000 สำหรับต่างสัญชาติ",100
10060112300701A,mahidol,006,12,01,ศาลายา,Salaya Campus,หลักสูตรวิศวกรรมศาสตรบัณฑิต สาขาวิชาวิศวกรรมเครื่องกล,Bachelor of Engineering Program in Mechanical Engineering,A,ภาษาไทย ปกติ,07,วิศวกรรมเครื่องกล,Mechanical Engineering,"240,000",86.49
10060112300901E,mahidol,006,12,01,ศาลายา,Salaya Campus,หลักสูตรวิศวกรรมศาสตรบัณฑิต สาขาวิชาวิศวกรรมชีวการแพทย์ (หลักสูตรนานาชาติ),Bachelor of Engineering Program in Biomedical Engineering (International Program),E,นานาชาติ,09,วิศวกรรมชีวการแพทย์,Biomedical Engineering,"600000 สำหรับสัญชาติไทย / 960,000 สำหรับต่างสัญชาติ",97.22
10060112301601A,mahidol,006,12,01,ศาลายา,Salaya Campus,หลักสูตรวิศวกรรมศาสตรบัณฑิต สาขาวิชาวิศวกรรมไฟฟ้า,Bachelor of Engineering Program in Electrical Engineering,A,ภาษาไทย ปกติ,16,วิศวกรรมไฟฟ้า,Electrical Engineering,"240,000",76.32
10060112302101A,mahidol,006,12,01,ศาลายา,Salaya Campus,หลักสูตรวิศวกรรมศาสตรบัณฑิต สาขาวิชาวิศวกรรมโยธา,Bachelor of Engineering Program in Civil Engineering,A,ภาษาไทย ปกติ,21,วิศวกรรมโยธา,Civil Engineering,"240,000",87.23
10060112303501A,mahidol,006,12,01,ศาลายา,Salaya Campus,หลักสูตรวิศวกรรมศาสตรบัณฑิต สาขาวิชาวิศวกรรมอุตสาหการ,Bachelor of Engineering (Industrial Engineering),A,ภาษาไทย ปกติ,35,วิศวกรรมอุตสาหการ,Industrial Engineering,"240,000",86.96
10060112303501E,mahidol,006,12,01,ศาลายา,Salaya Campus,หลักสูตรวิศวกรรมศาสตรบัณฑิต สาขาวิชาวิศวกรรมอุตสาหการและการผลิต (หลักสูตรนานาชาติ),Bachelor of Engineering in Industrial and Production Engineering (International Program),E,นานาชาติ,35,วิศวกรรมอุตสาหการ,Industrial Engineering,"600000 สำหรับสัญชาติไทย / 960,000 สำหรับต่างสัญชาติ",62.5
10060113901801E,mahidol,006,13,01,ศาลายา,Salaya Campus,หลักสูตรศิลปศาสตรบัณฑิต สาขาวิชาภาษาจีน (หลักสูตรนานาชาติ),Bachelor of Arts Program in Chinese,E,นานาชาติ,18,จีน,Chinese,"อัตราค่าเล่าเรียนตลอดหลักสูตร   508,000บาท (เหมายจ่ายภาคการศึกษาละ 55,000บาท)",ยังไม่มีการสำเร็จการศึกษาในปีการศึกษา 2566
10060113902001A,mahidol,006,13,01,ศาลายา,Salaya Campus,หลักสูตรศิลปศาสตรบัณฑิต สาขาวิชาภาษาไทย,Bachelor of Arts Program in Thai,A,ภาษาไทย ปกติ,20,ไทย,Thai,"ค่าธรรมเนียมตลอดหลักสูตร 136,000 บาท (เหมาจ่ายภาคการศึกษาละ 17,000 บาท)",อัตราการจบการศึกษา ร้อยละ 80 ของนักศึกษาปีการศึกษา 2566
10060113902501A,mahidol,006,13,01,ศาลายา,Salaya Campus,หลักสูตรศิลปศาสตรบัณฑิต สาขาวิชาภาษาอังกฤษ,Bachelor of Arts Program in English,A,ภาษาไทย ปกติ,25,อังกฤษ,English,"ค่าธรรมเนียมตลอดหลักสูตร 136,000 บาท (เหมาจ่ายภาคการศึกษาละ 17,000 บาท)",อัตราการจบการศึกษา ร้อยละ 80 ของนักศึกษาปีการศึกษา 2566
10060114112401A,mahidol,006,14,01,ศาลายา,Salaya Campus,หลักสูตรวิทยาศาสตรบัณฑิต สาขาวิชาเวชระเบียน,Bachelor of Science Program in Medical Record,A,ภาษาไทย ปกติ,24,เวชสารสนเทศ,Medical Information,"อัตราค่าเล่าเรียนตลอดหลักสูตร 168,000 บาท (เหมายจ่ายภาคการศึกษาละ 21,000 บาท)",อัตราการจบการศึกษา ร้อยละ 100 ของนักศึกษาปีการศึกษา 2567
10060114901001A,mahidol,006,14,01,ศาลายา,Salaya Campus,หลักสูตรนิติศาสตรบัณฑิต,Bachelor of Laws Program,A,ภาษาไทย ปกติ,10,นิติศาสตร์,Laws,"อัตราค่าเล่าเรียนตลอดหลักสูตร 168,000 บาท (เหมาจ่ายภาคการศึกษาละ  21,000 บาท)",0
10060115220101E,mahidol,006,15,01,ศาลายา,Salaya Campus,หลักสูตรวิทยาศาสตรบัณฑิต สาขาวิชาเทคโนโลยีสารสนเทศและการสื่อสาร (หลักสูตรนานาชาติ),Bachelor of Science Program in Information and Communication Technology (International Program),E,นานาชาติ,01,เทคโนโลยีสารสนเทศ,Information Technology,"อัตราค่าเล่าเรียนตลอดหลักสูตร 600,000 บาท (เหมายจ่ายภาคการศึกษาละ 75,000 บาท)",อัตราการจบการศึกษา ร้อยละ 80 ของนักศึกษาปีการศึกษา 2567
10060115220301A,mahidol,006,15,01,ศาลายา,Salaya Campus,หลักสูตรวิทยาศาสตรบัณฑิต สาขาวิชาวิทยาการและเทคโนโลยีดิจิทัล,Bachelor of Science in Digital Science and Technology,A,ภาษาไทย ปกติ,03,วิทยาการ วิทยาศาสตร์ข้อมูล,Data Science,"อัตราค่าเล่าเรียนตลอดหลักสูตร 450,000 บาท (เหมายจ่าย ภาคการศึกษาต้น 50,000 บาท, ภาคการศึกษาปลาย 50,000 บาท และภาคฤดูร้อน 25,000 บาท)",อัตราการจบการศึกษา ร้อยละ 80 ของนักศึกษาปีการศึกษา 2567
10060116901501A,mahidol,006,16,01,ศาลายา,Salaya Campus,หลักสูตรศิลปศาสตรบัณฑิต สาขาวิชาศาสนศึกษา,Bachelor of Arts Program in Religious Studies,A,ภาษาไทย ปกติ,15,ปรัชญา ศาสนา,Philosophy/Religion,"อัตราค่าเล่าเรียนตลอดหลักสูตร 144,000 บาท (เหมาจ่ายภาคการศึกษาละ 18,000 บาท)",อัตราการจบการศึกษา ร้อยละ 99.13 ของนักศึกษาปีการศึกษา 2566
10060117112001A,mahidol,006,17,01,ศาลายา,Salaya Campus,หลักสูตรวิทยาศาสตรบัณฑิต สาขาวิชาวิทยาศาสตร์การกีฬา,Bachelor of Science Program in Exercise and Sports Science,A,ภาษาไทย ปกติ,20,วิทยาศาสตร์การกีฬา,Sports Science,"ค่าธรรมเนียมตลอดหลักสูตร  147,000 บาท (เหมาจ่ายภาคการศึกษาละ 21,000 บาท) โดยภาคการศึกษาปลายชั้นปีที่ 3, 4 (ภาคการศึกษาละ 10,500 บาท)",อัตราการจบการศึกษา ร้อยละ 93.55 ของนักศึกษาปีการศึกษา 2566
10060117112002A,mahidol,006,17,01,ศาลายา,Salaya Campus,หลักสูตรศิลปศาสตรบัณฑิต สาขาวิชาการออกกำลังกายและการกีฬา,Bachelor of Arts Program in Exercise and Sport,A,ภาษาไทย ปกติ,20,วิทยาศาสตร์การกีฬา,Sports Science,"ค่าธรรมเนียมตลอดหลักสูตร  147,000 บาท (เหมาจ่ายภาคการศึกษาละ 21,000 บาท) โดยภาคการศึกษาปลายชั้นปีที่ 3, 4 (ภาคการศึกษาละ 10,500 บาท)",อัตราการจบการศึกษา ร้อยละ 73.81 ของนักศึกษาปีการศึกษา 2566
10060117112002A,mahidol,006,17,01,ศาลายา,Salaya Campus,หลักสูตรศิลปศาสตรบัณฑิต สาขาวิชาการออกกำลังกายและการกีฬา,Bachelor of Arts Program in Exercise and Sport,A,ภาษาไทย ปกติ,20,วิทยาศาสตร์การกีฬา,Sports Science,"ค่าธรรมเนียมตลอดหลักสูตร  175,000 บาท (เหมาจ่ายภาคการศึกษาละ 25,000 บาท) โดยภาคการศึกษาปลายชั้นปีที่ 3, 4 (ภาคการศึกษาละ 12,500 บาท)",อัตราการจบการศึกษา ร้อยละ 74.07 ของนักศึกษาปีการศึกษา 2566
10060219210701A,mahidol,006,19,02,กาญจนบุรี,Kanchanaburi Campus,หลักสูตรวิทยาศาสตรบัณฑิต สาขาวิชาชีววิทยาเชิงอนุรักษ์,Bachelor of Science Program in Conservation Biology,A,ภาษาไทย ปกติ,07,ชีววิทยา,Biology,"อัตราค่าเล่าเรียนตลอดหลักสูตร 144,000 บาท (เหมายจ่ายภาคการศึกษาละ 18,000 บาท)",อัตราการจบการศึกษา ร้อยละ  100 ของนักศึกษาปีการศึกษา 2566
10060219211001A,mahidol,006,19,02,กาญจนบุรี,Kanchanaburi Campus,หลักสูตรวิทยาศาสตรบัณฑิต สาขาวิชาเทคโนโลยีการอาหาร,Bachelor of Science Program in Food Technology,A,ภาษาไทย ปกติ,10,เทคโนโลยีการอาหาร,Food Technology,"อัตราค่าเล่าเรียนตลอดหลักสูตร 144,000 บาท (เหมายจ่ายภาคการศึกษาละ 18,000 บาท)",อัตราการจบการศึกษา ร้อยละ 88.9 ของนักศึกษาปีการศึกษา 2566
10060219212301A,mahidol,006,19,02,กาญจนบุรี,Kanchanaburi Campus,หลักสูตรวิทยาศาสตรบัณฑิต สาขาวิชาธรณีศาสตร์,Bachelor of Science Program in Geoscience,A,ภาษาไทย ปกติ,23,ธรณีวิทยา,Geology,"อัตราค่าเล่าเรียนตลอดหลักสูตร 189,000 บาท (เหมายจ่ายภาคการศึกษาละ 21,000 บาท)",อัตราการจบการศึกษา ร้อยละ 50 ของนักศึกษาปีการศึกษา 2566
10060219302801A,mahidol,006,19,02,กาญจนบุรี,Kanchanaburi Campus,หลักสูตรวิศวกรรมศาสตรบัณฑิต สาขาวิชาวิศวกรรมสิ่งแวดล้อมและการจัดการภัยพิบัติ,Bachelor of Engineering Program in Environmental Engineering and Disaster Management,A,ภาษาไทย ปกติ,28,วิศวกรรมสิ่งแวดล้อม,Environmental Engineering,"อัตราค่าเล่าเรียนตลอดหลักสูตร 2000,000 บาท (เหมายจ่ายภาคการศึกษาละ 25,000 บาท)",อัตราการจบการศึกษา ร้อยละ 100 ของนักศึกษาปีการศึกษา 2566
10060219500201A,mahidol,006,19,02,กาญจนบุรี,Kanchanaburi Campus,หลักสูตรวิทยาศาสตรบัณฑิต สาขาวิชาวิทยาศาสตร์การเกษตร,Bachelor of Science Program in Agricultural Science,A,ภาษาไทย ปกติ,02,เกษตรศาสตร์,Agriculture,"อัตราค่าเล่าเรียนตลอดหลักสูตร 162,000 บาท (เหมายจ่ายภาคการศึกษาละ 18,000 บาท)",อัตราการจบการศึกษา ร้อยละ 77.8 ของนักศึกษาปีการศึกษา 2566
10060219610501A,mahidol,006,19,02,กาญจนบุรี,Kanchanaburi Campus,หลักสูตรบัญชีบัณฑิต,Bachelor of Accountancy Program,A,ภาษาไทย ปกติ,05,การบัญชี,Accountancy,"อัตราค่าเล่าเรียนตลอดหลักสูตร 136,000 บาท (เหมายจ่ายภาคการศึกษาละ 17,000 บาท)",อัตราการจบการศึกษา ร้อยละ 96.2 ของนักศึกษาปีการศึกษา 2566
10060219610801A,mahidol,006,19,02,กาญจนบุรี,Kanchanaburi Campus,หลักสูตรบริหารธุรกิจบัณฑิต,Bachelor of Business Administration Program,A,ภาษาไทย ปกติ,08,บริหารธุรกิจ,Business Administration,"อัตราค่าเล่าเรียนตลอดหลักสูตร 136,000 บาท (เหมายจ่ายภาคการศึกษาละ 17,000 บาท)",อัตราการจบการศึกษา ร้อยละ 100 ของนักศึกษาปีการศึกษา 2566
10060320111701A,mahidol,006,20,03,นครสวรรค์,Nakhonsawan Campus,หลักสูตรพยาบาลศาสตรบัณฑิต,Bachelor of Nursing Science Program,A,ภาษาไทย ปกติ,17,พยาบาลศาสตร์,Nursing,"อัตราค่าเล่าเรียนตลอดหลักสูตร 200,000 บาท (เหมายจ่ายภาคการศึกษาละ 25,000 บาท)",อัตราการจบการศึกษา ร้อยละ 100 ของนักศึกษาปีการศึกษา 2566
10060320112701A,mahidol,006,20,03,นครสวรรค์,Nakhonsawan Campus,หลักสูตรสาธารณสุขศาสตรบัณฑิต สาขาวิชาสาธารณสุขชุมชน,Bachelor of Public Health Program in Community Public Health,A,ภาษาไทย ปกติ,27,สาธารณสุข,Public Health,"อัตราค่าเล่าเรียนตลอดหลักสูตร 144,000 บาท (เหมายจ่ายภาคการศึกษาละ 18,000 บาท)",อัตราการจบการศึกษา ร้อยละ 100 ของนักศึกษาปีการศึกษา 2567
10060320500201A,mahidol,006,20,03,นครสวรรค์,Nakhonsawan Campus,หลักสูตรวิทยาศาสตรบัณฑิต สาขาวิชาเกษตรยั่งยืนเพื่อสุขภาพและการประกอบการ,Bachelor of Science Program in Sustainable Agriculture for Health and Entrepreneurship,A,ภาษาไทย ปกติ,02,เกษตรศาสตร์,Agriculture,"อัตราค่าเล่าเรียนตลอดหลักสูตร 144,000 บาท (เหมายจ่ายภาคการศึกษาละ 18,000 บาท)",อัตราการจบการศึกษา ร้อยละ 100 ของนักศึกษาปีการศึกษา 2567
10060320900301A,mahidol,006,20,03,นครสวรรค์,Nakhonsawan Campus,หลักสูตรศิลปศาสตรบัณฑิต สาขาวิชาการประกอบการเชิงนิเวศวัฒนธรรม,Bachelor of Arts Program in Ecocultural Entrepreneurship,A,ภาษาไทย ปกติ,03,การประกอบการ,Entrepreneur,"อัตราค่าเล่าเรียนตลอดหลักสูตร 136,000 บาท (เหมายจ่ายภาคการศึกษาละ 17,000 บาท)",อัตราการจบการศึกษา ร้อยละ 100 ของนักศึกษาปีการศึกษา 2566
10060421112101A,mahidol,006,21,04,อำนาจเจริญ,Amnatcharoen Campus,หลักสูตรวิทยาศาสตรบัณฑิต สาขาวิชาวิทยาศาตร์การแพทย์,Bachelor of Science Program,A,ภาษาไทย ปกติ,21,วิทยาศาสตร์การแพทย์,Medical Science,"อัตราค่าเล่าเรียนตลอดหลักสูตร 168,000 บาท (เหมายจ่ายภาคการศึกษาละ 21,000 บาท)",ยังไม่มีบัณฑิตสำเร็จการศึกษา (รุ่นแรกในปีการศึกษา 2568)
10060421112701A,mahidol,006,21,04,อำนาจเจริญ,Amnatcharoen Campus,หลักสูตรสาธารณสุขศาสตรบัณฑิต,Bachelor of Public Health,A,ภาษาไทย ปกติ,27,สาธารณสุข,Public Health,"อัตราค่าเล่าเรียนตลอดหลักสูตร 144,000 บาท (เหมายจ่ายภาคการศึกษาละ 18,000 บาท)",อัตราการจบการศึกษา ร้อยละ 97.77  ของนักศึกษาปีการศึกษา 2567
10060421500201A,mahidol,006,21,04,อำนาจเจริญ,Amnatcharoen Campus,หลักสูตรวิทยาศาสตรบัณฑิต สาขาวิชาเกษตรศาสตร์,Bachelor of Science Program in Agriculture,A,ภาษาไทย ปกติ,02,เกษตรศาสตร์,Agriculture,"อัตราค่าเล่าเรียนตลอดหลักสูตร 144,000 บาท (เหมายจ่ายภาคการศึกษาละ 18,000 บาท)",อัตราการจบการศึกษา ร้อยละ 100  ของนักศึกษาปีการศึกษา 2566  ปีการศึกษา 2567 ไม่มีบัณฑิต
10060421903503A,mahidol,006,21,04,อำนาจเจริญ,Amnatcharoen Campus,หลักสูตรศิลปศาสตรบัณฑิต สาขาวิชานวัตกรรมการจัดการสังคมและสิ่งแวดล้อม,Bachelor of Arts Program in Innovation for Social and Environmental Management,A,ภาษาไทย ปกติ,35,สังคมวิทยา,Sociology,"อัตราค่าเล่าเรียนตลอดหลักสูตร 136,000 บาท (เหมายจ่ายภาคการศึกษาละ 17,000 บาท)",อัตราการจบการศึกษา ร้อยละ 100  ของนักศึกษาปีการศึกษา 2567
10060522100101A,mahidol,006,22,05,สถาบันร่วมผลิต,Affiliated Institute,หลักสูตรแพทยศาสตรบัณฑิต,Doctor of Medicine,A,ภาษาไทย ปกติ,01,แพทยศาสตร์,Medicine,"อัตราค่าเล่าเรียนตลอดหลักสูตร 360,000 บาท (เหมายจ่ายภาคการศึกษาละ  30,000 บาท)",อัตราการจบการศึกษา ร้อยละ 97.62 ของนักศึกษาปีการศึกษา 2567
10090101702001A,swu,009,01,01,ประสานมิตร,Prasarnmit,หลักสูตรการศึกษาบัณฑิต สาขาวิชาภาษาไทย (กศ.บ.),Bachelor of Education Program in Thai,A,ภาษาไทย ปกติ,20,ภาษาไทยและภาษาต่างประเทศ,Thai and Foreign Languages,"17,000",ร้อยละ 96.88
10090101702002A,swu,009,01,01,ประสานมิตร,Prasarnmit,หลักสูตรการศึกษาบัณฑิต สาขาวิชาภาษาอังกฤษ (กศ.บ.),Bachelor of Education Program in English,A,ภาษาไทย ปกติ,20,ภาษาไทยและภาษาต่างประเทศ,Thai and Foreign Languages,"17,000",ร้อยละ 87.50
10090101900701A,swu,009,01,01,ประสานมิตร,Prasarnmit,หลักสูตรวิทยาศาสตรบัณฑิต สาขาวิชาจิตวิทยา,Bachelor of Science Program in Psychology,A,ภาษาไทย ปกติ,07,จิตวิทยา,Psychology,"17,000",ร้อยละ 90.41
10090101900701B,swu,009,01,01,ประสานมิตร,Prasarnmit,หลักสูตรวิทยาศาสตรบัณฑิต สาขาวิชาจิตวิทยา (โครงการพิเศษ),Bachelor of Science Program in Psychology,B,ภาษาไทย พิเศษ,07,จิตวิทยา,Psychology,"25,000",0
10090101901201A,swu,009,01,01,ประสานมิตร,Prasarnmit,หลักสูตรศิลปศาสตรบัณฑิต สาขาวิชาสารสนเทศศึกษา,Bachelor of Arts Program in Information Science,A,ภาษาไทย ปกติ,12,บรรณารักษศาสตร์,Library Science,"17,000",ร้อยละ 86.67
10090101901201B,swu,009,01,01,ประสานมิตร,Prasarnmit,หลักสูตรศิลปศาสตรบัณฑิต สาขาวิชาสารสนเทศศึกษา (โครงการพิเศษ),Bachelor of Arts Program in Information Science,B,ภาษาไทย พิเศษ,12,บรรณารักษศาสตร์,Library Science,"25,000",0
10090101901501A,swu,009,01,01,ประสานมิตร,Prasarnmit,หลักสูตรศิลปศาสตรบัณฑิต สาขาวิชาปรัชญาและศาสนา,Bachelor of Arts Program in Philosophy and  Religion,A,ภาษาไทย ปกติ,15,ปรัชญา ศาสนา,Philosophy/Religion,"17,000",ร้อยละ 75.64
10090101902001A,swu,009,01,01,ประสานมิตร,Prasarnmit,หลักสูตรศิลปศาสตรบัณฑิต สาขาวิชาภาษาไทย,Bachelor of Arts Program in Thai,A,ภาษาไทย ปกติ,20,ไทย,Thai,"17,000",ร้อยละ 97.87
10090101902501E,swu,009,01,01,ประสานมิตร,Prasarnmit,หลักสูตรศิลปศาสตรบัณฑิต สาขาวิชาภาษาเพื่ออาชีพ (หลักสูตรนานาชาติ),Bachelor of Arts Program in Languages for Careers (International Program),E,นานาชาติ,25,อังกฤษ,English,"50,000",ร้อยละ 84.54
10090101902502E,swu,009,01,01,ประสานมิตร,Prasarnmit,หลักสูตรศิลปศาสตรบัณฑิต สาขาวิชาภาษาเพื่อการสื่อสาร (หลักสูตรนานาชาติ),Bachelor of Arts Program in Languages for communication (International Program),E,นานาชาติ,25,อังกฤษ,English,0,0
10090101902502E,swu,009,01,01,ประสานมิตร,Prasarnmit,หลักสูตรศิลปศาสตรบัณฑิต สาขาวิชาภาษาเพื่อการสื่อสาร (หลักสูตรนานาชาติ),Bachelor of Arts Program in Languages for communication (International Program),E,นานาชาติ,25,อังกฤษ,English,"50,000",ร้อยละ 80.39
10090101902502E,swu,009,01,01,ประสานมิตร,Prasarnmit,หลักสูตรศิลปศาสตรบัณฑิต สาขาวิชาภาษาเพื่อการสื่อสาร (หลักสูตรนานาชาติ),Bachelor of Arts Program in Languages for communication (International Program),E,นานาชาติ,25,อังกฤษ,English,"50,000",ร้อยละ 103.57
10090101902502E,swu,009,01,01,ประสานมิตร,Prasarnmit,หลักสูตรศิลปศาสตรบัณฑิต สาขาวิชาภาษาเพื่อการสื่อสาร (หลักสูตรนานาชาติ),Bachelor of Arts Program in Languages for communication (International Program),E,นานาชาติ,25,อังกฤษ,English,"50,000",0
10090101902503A,swu,009,01,01,ประสานมิตร,Prasarnmit,หลักสูตรศิลปศาสตรบัณฑิต สาขาวิชาภาษาอังกฤษ,Bachelor of Arts Program in English,A,ภาษาไทย ปกติ,25,อังกฤษ,English,"17,000",ร้อยละ 90.82
10090101902503B,swu,009,01,01,ประสานมิตร,Prasarnmit,หลักสูตรศิลปศาสตรบัณฑิต สาขาวิชาภาษาอังกฤษ (โครงการพิเศษ),Bachelor of Arts Program in English,B,ภาษาไทย พิเศษ,25,อังกฤษ,English,"25,000",0
10090101902601A,swu,009,01,01,ประสานมิตร,Prasarnmit,หลักสูตรศิลปศาสตรบัณฑิต สาขาภาษาและวัฒนธรรมอาเซียน,Bachelor of Arts Program in ASEAN Languages and Cultures,A,ภาษาไทย ปกติ,26,อาเซียน,Asean,"23,000",0
10090101902601B,swu,009,01,01,ประสานมิตร,Prasarnmit,หลักสูตรศิลปศาสตรบัณฑิต สาขาภาษาและวัฒนธรรมอาเซียน (โครงการพิเศษ),Bachelor of Arts Program in ASEAN Languages and Cultures,B,ภาษาไทย พิเศษ,26,อาเซียน,Asean,"26,000",0
10090101902801A,swu,009,01,01,ประสานมิตร,Prasarnmit,หลักสูตรศิลปศาสตรบัณฑิต สาขาวิชาภาษาตะวันออก,Bachelor of Arts Program in Oriental Languages,A,ภาษาไทย ปกติ,28,เอเชีย,Asia,0,0
10090101902801A,swu,009,01,01,ประสานมิตร,Prasarnmit,หลักสูตรศิลปศาสตรบัณฑิต สาขาวิชาภาษาตะวันออก,Bachelor of Arts Program in Oriental Languages,A,ภาษาไทย ปกติ,28,เอเชีย,Asia,"17,000",ร้อยละ 74.47
10090101902801A,swu,009,01,01,ประสานมิตร,Prasarnmit,หลักสูตรศิลปศาสตรบัณฑิต สาขาวิชาภาษาตะวันออก,Bachelor of Arts Program in Oriental Languages,A,ภาษาไทย ปกติ,28,เอเชีย,Asia,"17,000",ร้อยละ 74
10090101902801A,swu,009,01,01,ประสานมิตร,Prasarnmit,หลักสูตรศิลปศาสตรบัณฑิต สาขาวิชาภาษาตะวันออก,Bachelor of Arts Program in Oriental Languages,A,ภาษาไทย ปกติ,28,เอเชีย,Asia,"17,000",ร้อยละ 98
10090101903301A,swu,009,01,01,ประสานมิตร,Prasarnmit,หลักสูตรศิลปศาสตรบัณฑิต สาขาวิชาวรรณกรรมสำหรับเด็ก,Bachelor of Arts Program in Children’s Literature,A,ภาษาไทย ปกติ,33,วรรณคดี,Literature,"17,000",ร้อยละ 85.29
10090102210301A,swu,009,02,01,ประสานมิตร,Prasarnmit,หลักสูตรวิทยาศาสตรบัณฑิต สาขาวิชาคณิตศาสตร์,Bachelor of Science Program in Mathematics,A,ภาษาไทย ปกติ,03,คณิตศาสตร์,Mathematics,"20,000",ร้อยละ 100
10090102210401A,swu,009,02,01,ประสานมิตร,Prasarnmit,หลักสูตรวิทยาศาสตรบัณฑิต สาขาวิชาเคมี,Bachelor of Science Program in Chemistry,A,ภาษาไทย ปกติ,04,เคมี,Chemistry,20000,ร้อยละ 100
10090102210501A,swu,009,02,01,ประสานมิตร,Prasarnmit,หลักสูตรวิทยาศาสตรบัณฑิต สาขาวิชาจุลชีววิทยา,Bachelor of Science Program in Microbiology,A,ภาษาไทย ปกติ,05,จุลชีววิทยา,Microbiology,"20,000",ร้อยละ 100
10090102210701A,swu,009,02,01,ประสานมิตร,Prasarnmit,หลักสูตรวิทยาศาสตรบัณฑิต สาขาวิชาชีววิทยา,Bachelor of Science Program in Biology,A,ภาษาไทย ปกติ,07,ชีววิทยา,Biology,"20,000",ร้อยละ 77
10090102212701A,swu,009,02,01,ประสานมิตร,Prasarnmit,หลักสูตรวิทยาศาสตรบัณฑิต สาขาวิชาฟิสิกส์,Bachelor of Science Program in Physics,A,ภาษาไทย ปกติ,27,ฟิสิกส์,Physics,"20,000",ร้อยละ 89.47
10090102212801A,swu,009,02,01,ประสานมิตร,Prasarnmit,หลักสูตรวิทยาศาสตรบัณฑิต สาขาวิชาวัสดุศาสตร์,Bachelor of Science Program Materials Science,A,ภาษาไทย ปกติ,28,วัสดุศาสตร์,Materials Science,"22,000",ร้อยละ 87.50
10090102213301A,swu,009,02,01,ประสานมิตร,Prasarnmit,หลักสูตรวิทยาศาสตรบัณฑิต สาขาวิชาสถิติ,Bachelor of Science Program in Statistics,A,ภาษาไทย ปกติ,33,สถิติ,Statistics,"20,000",ร้อยละ 100
10090102220201A,swu,009,02,01,ประสานมิตร,Prasarnmit,หลักสูตรวิทยาศาสตรบัณฑิต สาขาวิชาวิทยาการคอมพิวเตอร์,Bachelor of Science Program in Computer Science,A,ภาษาไทย ปกติ,02,วิทยาการคอมพิวเตอร์,Computer Science,"24,000",ร้อยละ 100
10090102700801A,swu,009,02,01,ประสานมิตร,Prasarnmit,หลักสูตรการศึกษาบัณฑิต สาขาวิชาคณิตศาสตร์  (กศ.บ.),Bachelor of Education Program in Mathematics,A,ภาษาไทย ปกติ,08,คณิตศาสตร์,Mathematics,"20,000",ร้อยละ 100
10090102701001A,swu,009,02,01,ประสานมิตร,Prasarnmit,หลักสูตรการศึกษาบัณฑิต สาขาวิชาเคมี  (กศ.บ.),Bachelor of Education Program in Chemistry,A,ภาษาไทย ปกติ,10,เคมี,Chemistry,"20,000",ร้อยละ 100
10090102701301A,swu,009,02,01,ประสานมิตร,Prasarnmit,หลักสูตรการศึกษาบัณฑิต สาขาวิชาชีววิทยา  (กศ.บ.),Bachelor of Education Program in Biology,A,ภาษาไทย ปกติ,13,ชีววิทยา,Biology,"20,000",ร้อยละ 100
10090102701801A,swu,009,02,01,ประสานมิตร,Prasarnmit,หลักสูตรการศึกษาบัณฑิต สาขาวิชาฟิสิกส์  (กศ.บ.),Bachelor of Education Program in Physics,A,ภาษาไทย ปกติ,18,ฟิสิกส์,Physics,"20,000",ร้อยละ 100
10090102703801A,swu,009,02,01,ประสานมิตร,Prasarnmit,หลักสูตรการศึกษาบัณฑิต สาขาวิชาวิทยาศาสตร์ทั่วไป (กศ.บ.),Bachelor of Education Program in General Science,A,ภาษาไทย ปกติ,38,วิทยาศาสตร์ทั่วไป,General Science,"20,000",ร้อยละ 100
10090103702701A,swu,009,03,01,ประสานมิตร,Prasarnmit,หลักสูตรการศึกษาบัณฑิต สาขาวิชาสังคมศึกษา (กศ.บ.),Bachelor of Education Program in Social Studies,A,ภาษาไทย ปกติ,27,สังคมศึกษา,Social Studies,"20,000",ร้อยละ 100
10090103901001A,swu,009,03,01,ประสานมิตร,Prasarnmit,หลักสูตรนิติศาสตรบัณฑิต,Bachelor of Laws,A,ภาษาไทย ปกติ,10,นิติศาสตร์,Laws,"20,000",ร้อยละ 100
10090103901001B,swu,009,03,01,ประสานมิตร,Prasarnmit,หลักสูตรนิติศาสตรบัณฑิต (โครงการพิเศษ),Bachelor of Laws,B,ภาษาไทย พิเศษ,10,นิติศาสตร์,Laws,"30,000",ร้อยละ 100
10090103901401A,swu,009,03,01,ประสานมิตร,Prasarnmit,หลักสูตรศิลปศาสตรบัณฑิต สาขาวิชาประวัติศาสตร์,Bachelor of Arts Program in History,A,ภาษาไทย ปกติ,14,ประวัติศาสตร์,History,"15,000",ร้อยละ 97.70
10090103901401B,swu,009,03,01,ประสานมิตร,Prasarnmit,หลักสูตรศิลปศาสตรบัณฑิต สาขาวิชาประวัติศาสตร์ (โครงการพิเศษ),Bachelor of Arts Program in History,B,ภาษาไทย พิเศษ,14,ประวัติศาสตร์,History,"30,000",ร้อยละ 93.70
10090103903001A,swu,009,03,01,ประสานมิตร,Prasarnmit,หลักสูตรวิทยาศาสตรบัณฑิต สาขาวิชาภูมิศาสตร์และภูมิสารสนเทศ,Bachelor of Science Program in Geography and Geoinformatics,A,ภาษาไทย ปกติ,30,ภูมิศาสตร์,Geography,"20,000",ร้อยละ 98
10090103903001B,swu,009,03,01,ประสานมิตร,Prasarnmit,หลักสูตรวิทยาศาสตรบัณฑิต สาขาวิชาภูมิศาสตร์และภูมิสารสนเทศ (โครงการพิเศษ),Bachelor of Science Program in Geography and Geoinformatics,B,ภาษาไทย พิเศษ,30,ภูมิศาสตร์,Geography,"30,000",ร้อยละ 98
10090103903201A,swu,009,03,01,ประสานมิตร,Prasarnmit,หลักสูตรรัฐศาสตรบัณฑิต,Bachelor of Political Science Program,A,ภาษาไทย ปกติ,32,รัฐศาสตร์,Political Science,0,0
10090103903201A,swu,009,03,01,ประสานมิตร,Prasarnmit,หลักสูตรรัฐศาสตรบัณฑิต,Bachelor of Political Science Program,A,ภาษาไทย ปกติ,32,รัฐศาสตร์,Political Science,"15,000",ร้อยละ 99
10090103903201A,swu,009,03,01,ประสานมิตร,Prasarnmit,หลักสูตรรัฐศาสตรบัณฑิต,Bachelor of Political Science Program,A,ภาษาไทย ปกติ,32,รัฐศาสตร์,Political Science,"15,000",ร้อยละ 99
10090103903201A,swu,009,03,01,ประสานมิตร,Prasarnmit,หลักสูตรรัฐศาสตรบัณฑิต,Bachelor of Political Science Program,A,ภาษาไทย ปกติ,32,รัฐศาสตร์,Political Science,"15,000",ร้อยละ 99
10090103903201B,swu,009,03,01,ประสานมิตร,Prasarnmit,หลักสูตรรัฐศาสตรบัณฑิต,Bachelor of Political Science Program,B,ภาษาไทย พิเศษ,32,รัฐศาสตร์,Political Science,"30,000",ร้อยละ 99
10090103903201B,swu,009,03,01,ประสานมิตร,Prasarnmit,หลักสูตรรัฐศาสตรบัณฑิต,Bachelor of Political Science Program,B,ภาษาไทย พิเศษ,32,รัฐศาสตร์,Political Science,"30,000",ร้อยละ 99
10090103903501A,swu,009,03,01,ประสานมิตร,Prasarnmit,หลักสูตรศิลปศาสตรบัณฑิต สาขาวิชาสังคมวิทยาเพื่อการพัฒนา,Bachelor of Arts Program in Sociology for Development,A,ภาษาไทย ปกติ,35,สังคมวิทยา,Sociology,0,0
10090103903501A,swu,009,03,01,ประสานมิตร,Prasarnmit,หลักสูตรศิลปศาสตรบัณฑิต สาขาวิชาสังคมวิทยาเพื่อการพัฒนา,Bachelor of Arts Program in Sociology for Development,A,ภาษาไทย ปกติ,35,สังคมวิทยา,Sociology,"17,000",ร้อยละ 98
10090103903501A,swu,009,03,01,ประสานมิตร,Prasarnmit,หลักสูตรศิลปศาสตรบัณฑิต สาขาวิชาสังคมวิทยาเพื่อการพัฒนา,Bachelor of Arts Program in Sociology for Development,A,ภาษาไทย ปกติ,35,สังคมวิทยา,Sociology,"17,000",ร้อยละ 98
10090103903501B,swu,009,03,01,ประสานมิตร,Prasarnmit,หลักสูตรศิลปศาสตรบัณฑิต สาขาวิชาสังคมวิทยาเพื่อการพัฒนา,Bachelor of Arts Program in Sociology for Development,B,ภาษาไทย พิเศษ,35,สังคมวิทยา,Sociology,0,0
10090103903501B,swu,009,03,01,ประสานมิตร,Prasarnmit,หลักสูตรศิลปศาสตรบัณฑิต สาขาวิชาสังคมวิทยาเพื่อการพัฒนา,Bachelor of Arts Program in Sociology for Development,B,ภาษาไทย พิเศษ,35,สังคมวิทยา,Sociology,"30,000",ร้อยละ 99
10090103903501B,swu,009,03,01,ประสานมิตร,Prasarnmit,หลักสูตรศิลปศาสตรบัณฑิต สาขาวิชาสังคมวิทยาเพื่อการพัฒนา,Bachelor of Arts Program in Sociology for Development,B,ภาษาไทย พิเศษ,35,สังคมวิทยา,Sociology,"30,000",ร้อยละ 99
10090105703501A,swu,009,05,01,ประสานมิตร,Main Campus,หลักสูตรการศึกษาบัณฑิต สาขาวิชาอุตสาหกรรมศึกษา - ไฟฟ้า (กศ.บ.),Bachelor of Education Program,A,ภาษาไทย ปกติ,35,การศึกษาบัณฑิต,Graduation Education,"20,000",0
10090105703502A,swu,009,05,01,ประสานมิตร,Main Campus,หลักสูตรการศึกษาบัณฑิต,Bachelor of Education Program,A,ภาษาไทย ปกติ,35,การศึกษาบัณฑิต,Graduation Education,"20,000",0
10090105703502A,swu,009,05,01,องครักษ์,Main Campus,หลักสูตรการศึกษาบัณฑิต,Bachelor of Education Program Major in Elementary Education,A,ภาษาไทย ปกติ,35,การศึกษาบัณฑิต,Graduation Education,"20,000",0
10090105703502A,swu,009,05,01,ประสานมิตร,Main Campus,หลักสูตรการศึกษาบัณฑิต,Bachelor of Education Program Major in Lifelong Education,A,ภาษาไทย ปกติ,35,การศึกษาบัณฑิต,Graduation Education,"20,000",0
10090105703502A,swu,009,05,01,ประสานมิตร,Main Campus,หลักสูตรการศึกษาบัณฑิต,Bachelor of Education Program Major in Early Childhood Education,A,ภาษาไทย ปกติ,35,การศึกษาบัณฑิต,Graduation Education,"20,000",0
10090105703502A,swu,009,05,01,ประสานมิตร,Main Campus,หลักสูตรการศึกษาบัณฑิต,Bachelor of Education Program Major in Psychology and Guidance,A,ภาษาไทย ปกติ,35,การศึกษาบัณฑิต,Graduation Education,"20,000",0
10090105703502A,swu,009,05,01,ประสานมิตร,Main Campus,หลักสูตรการศึกษาบัณฑิต,Bachelor of Education Program Major in Educational Technology and Computer,A,ภาษาไทย ปกติ,35,การศึกษาบัณฑิต,Graduation Education,"20,000",0
10090105703502A,swu,009,05,01,ประสานมิตร,Main Campus,หลักสูตรการศึกษาบัณฑิต,Bachelor of Education Program Major in Teaching Thai and Teaching English,A,ภาษาไทย ปกติ,35,การศึกษาบัณฑิต,Graduation Education,"20,000",0
10090105703502A,swu,009,05,01,ประสานมิตร,Main Campus,หลักสูตรการศึกษาบัณฑิต,Bachelor of Education Program Major in Teaching English and Teaching Social Studies,A,ภาษาไทย ปกติ,35,การศึกษาบัณฑิต,Graduation Education,"20,000",0
10090105703502A,swu,009,05,01,ประสานมิตร,Main Campus,หลักสูตรการศึกษาบัณฑิต,Bachelor of Education Program Major in Teaching Social Studies and Teaching Thai,A,ภาษาไทย ปกติ,35,การศึกษาบัณฑิต,Graduation Education,"20,000",0
10090105703502A,swu,009,05,01,ประสานมิตร,Main Campus,หลักสูตรการศึกษาบัณฑิต,Bachelor of Education Program Major in Teaching Science and Teaching Mathematics,A,ภาษาไทย ปกติ,35,การศึกษาบัณฑิต,Graduation Education,"20,000",0
10090105703502A,swu,009,05,01,ประสานมิตร,Main Campus,หลักสูตรการศึกษาบัณฑิต,Bachelor of Education Program Major in Special Education and Teaching Mathematics,A,ภาษาไทย ปกติ,35,การศึกษาบัณฑิต,Graduation Education,"20,000",0
10090105703502A,swu,009,05,01,ประสานมิตร,Main Campus,หลักสูตรการศึกษาบัณฑิต,Bachelor of Education Program Major in Special Education and Teaching Thai,A,ภาษาไทย ปกติ,35,การศึกษาบัณฑิต,Graduation Education,"20,000",0
10090105703502A,swu,009,05,01,ประสานมิตร,Main Campus,หลักสูตรการศึกษาบัณฑิต,Bachelor of Education Program Major in Special Education and Teaching Science,A,ภาษาไทย ปกติ,35,การศึกษาบัณฑิต,Graduation Education,"20,000",0
10090107100101A,swu,009,07,01,ประสานมิตร,Prasarnmit,หลักสูตรแพทยศาสตรบัณฑิต,Doctor of Medicine Programme,A,ภาษาไทย ปกติ,01,แพทยศาสตร์,Medicine,"35,000",ร้อยละ 84.05
10090107100101F,swu,009,07,01,ประสานมิตร,Prasarnmit,หลักสูตรแพทยศาสตรบัณฑิต  (โครงการร่วมฯ),"Doctor of Medicine Programme (The Joint Medical Programme – Srinakharinwirot University and the University of Nottingham, UK)",F,Double Degree - ภาษาไทย ปกติ,01,แพทยศาสตร์,Medicine,"200,000",ร้อยละ 75
10090107112101A,swu,009,07,01,ประสานมิตร,Prasarnmit,หลักสูตรวิทยาศาสตรบัณฑิต สาขาวิทยาศาสตร์การแพทย์,Bachelor of Science Program in Medical Sciences,A,ภาษาไทย ปกติ,21,วิทยาศาสตร์การแพทย์,Medical Science,"28,000",0
10090109301001P,swu,009,09,01,ประสานมิตร,Prasarnmit,หลักสูตรวิศวกรรมศาสตรบัณฑิต สาขาวิชาวิศวกรรมด้านความปลอดภัยไซเบอร์ (หลักสูตรนานาชาติ),Bachelor of Engineering Program in Cyber Security Engineering (International program),P,Double Degree - นานาชาติ ปกติ,10,วิศวกรรมซอฟต์แวร์,Software Engineering,"55,000",ร้อยละ 80
10090109301401P,swu,009,09,01,ประสานมิตร,Prasarnmit,หลักสูตรวิศวกรรมศาสตรบัณฑิต สาขาวิชาวิศวกรรมปิโตรเลียมและพลังงานหมุนเวียน (หลักสูตรนานาชาติ),Bachelor of Engineering Program in Petroleum and Renewable Energy (International Program),P,Double Degree - นานาชาติ ปกติ,14,วิศวกรรมปิโตรเลียม,Petroleum Engineering,"80,000",0
10090110702501A,swu,009,10,01,ประสานมิตร,Prasarnmit,หลักสูตรการศึกษาบัณฑิต สาขาวิชาดนตรีศึกษา  (กศ.บ.),Bachelor of Education Program in Music Education,A,ภาษาไทย ปกติ,25,ศิลปศึกษา ดนตรีศึกษาและนาฏศิลป์ศึกษา,Art Education Music Education and Dramatic Arts Education,"20,000",0
10090110702502A,swu,009,10,01,ประสานมิตร,Prasarnmit,หลักสูตรการศึกษาบัณฑิต สาขาวิชาศิลปศึกษา  (กศ.บ.),Bachelor of Education Program in Art Education,A,ภาษาไทย ปกติ,25,ศิลปศึกษา ดนตรีศึกษาและนาฏศิลป์ศึกษา,Art Education Music Education and Dramatic Arts Education,"20,000",0
10090110702503A,swu,009,10,01,ประสานมิตร,Prasarnmit,หลักสูตรการศึกษาบัณฑิต สาขาวิชานาฏศิลปศึกษา  (กศ.บ.),Bachelor of Education Program in Thai Dance Education,A,ภาษาไทย ปกติ,25,ศิลปศึกษา ดนตรีศึกษาและนาฏศิลป์ศึกษา,Art Education Music Education and Dramatic Arts Education,"20,000",0
10090110800101A,swu,009,10,01,ประสานมิตร,Prasarnmit,หลักสูตรศิลปกรรมศาสตรบัณฑิต สาขาวิชาออกแบบทัศนศิลป์,Bachelor of Fine and Applied Arts Program in Visual Design,A,ภาษาไทย ปกติ,01,การออกแบบ,Design,0,0
10090110800101A,swu,009,10,01,ประสานมิตร,Prasarnmit,หลักสูตรศิลปกรรมศาสตรบัณฑิต สาขาวิชาออกแบบทัศนศิลป์,Bachelor of Fine and Applied Arts Program in Visual Design,A,ภาษาไทย ปกติ,01,การออกแบบ,Design,"28,000",0
10090110800101A,swu,009,10,01,ประสานมิตร,Prasarnmit,หลักสูตรศิลปกรรมศาสตรบัณฑิต สาขาวิชาออกแบบทัศนศิลป์,Bachelor of Fine and Applied Arts Program in Visual Design,A,ภาษาไทย ปกติ,01,การออกแบบ,Design,"28,000",0
10090110800101A,swu,009,10,01,ประสานมิตร,Prasarnmit,หลักสูตรศิลปกรรมศาสตรบัณฑิต สาขาวิชาออกแบบทัศนศิลป์,Bachelor of Fine and Applied Arts Program in Visual Design,A,ภาษาไทย ปกติ,01,การออกแบบ,Design,"28,000",0
10090110800101A,swu,009,10,01,ประสานมิตร,Prasarnmit,หลักสูตรศิลปกรรมศาสตรบัณฑิต สาขาวิชาออกแบบทัศนศิลป์,Bachelor of Fine and Applied Arts Program in Visual Design,A,ภาษาไทย ปกติ,01,การออกแบบ,Design,"28,000",0
10090110800102A,swu,009,10,01,ประสานมิตร,Prasarnmit,หลักสูตรศิลปกรรมศาสตรบัณฑิต สาขาวิชาการออกแบบสื่อสาร,Bachelor of Fine and Applied Arts Program in Communication Design,A,ภาษาไทย ปกติ,01,การออกแบบ,Design,"29,000",0
10090110800201A,swu,009,10,01,ประสานมิตร,Prasarnmit,หลักสูตรศิลปกรรมศาสตรบัณฑิต สาขาวิชาดุริยางคศาสตร์สากล,Bachelor of Fine and Applied Arts Program in Music,A,ภาษาไทย ปกติ,02,ดุริยางคศิลป์,Music,"33,000",0
10090110800301A,swu,009,10,01,ประสานมิตร,Prasarnmit,หลักสูตรศิลปกรรมศาสตรบัณฑิต สาขาวิชาทัศนศิลป์,Bachelor of Fine and Applied Arts Program in Visual Arts,A,ภาษาไทย ปกติ,03,ทัศนศิลป์,Visual Arts,"23,000",0
10090110800401A,swu,009,10,01,ประสานมิตร,Prasarnmit,หลักสูตรศิลปกรรมศาสตรบัณฑิต สาขาวิชาศิลปการแสดง,Bachelor of Fine and Applied Arts Program in Visual Design,A,ภาษาไทย ปกติ,04,ศิลปะการแสดง,Performing Arts,0,0
10090110800401A,swu,009,10,01,ประสานมิตร,Prasarnmit,หลักสูตรศิลปกรรมศาสตรบัณฑิต สาขาวิชาศิลปการแสดง,Bachelor of Fine and Applied Arts Program in Visual Design,A,ภาษาไทย ปกติ,04,ศิลปะการแสดง,Performing Arts,"28,000",0
10090110800401A,swu,009,10,01,ประสานมิตร,Prasarnmit,หลักสูตรศิลปกรรมศาสตรบัณฑิต สาขาวิชาศิลปการแสดง,Bachelor of Fine and Applied Arts Program in Visual Design,A,ภาษาไทย ปกติ,04,ศิลปะการแสดง,Performing Arts,"28,000",0
10090110800402A,swu,009,10,01,ประสานมิตร,Prasarnmit,หลักสูตรศิลปกรรมศาสตรบัณฑิต สาขาวิชานาฎศิลป์สร้างสรรค์และการจัดการ,Bachelor of Fine and Applied Arts Program in Visual Design,A,ภาษาไทย ปกติ,04,ศิลปะการแสดง,Performing Arts,0,0
10090110800402A,swu,009,10,01,ประสานมิตร,Prasarnmit,หลักสูตรศิลปกรรมศาสตรบัณฑิต สาขาวิชานาฎศิลป์สร้างสรรค์และการจัดการ,Bachelor of Fine and Applied Arts Program in Visual Design,A,ภาษาไทย ปกติ,04,ศิลปะการแสดง,Performing Arts,"25,000",0
10090110800402A,swu,009,10,01,ประสานมิตร,Prasarnmit,หลักสูตรศิลปกรรมศาสตรบัณฑิต สาขาวิชานาฎศิลป์สร้างสรรค์และการจัดการ,Bachelor of Fine and Applied Arts Program in Visual Design,A,ภาษาไทย ปกติ,04,ศิลปะการแสดง,Performing Arts,"25,000",0
10090110904001C,swu,009,10,01,ประสานมิตร,Prasarnmit,หลักสูตรศิลปศาสตรบัณฑิต สาขาวิชานวัตกรรมการจัดการศิลปวัฒนธรรม (หลักสูตร 2 ภาษา),Bachelor of Arts Program in Arts and Cultural Management Innovation,C,สองภาษา/สามภาษา,40,ศิลปวัฒนธรรม,Art and Culture,"40,000",0
10090111120101A,swu,009,11,01,ประสานมิตร,Prasarnmit,หลักสูตรทันตแพทยศาสตรบัณฑิต,Doctor of Dental Surgery Program,A,ภาษาไทย ปกติ,01,ทันตแพทยศาสตร์,Dentistry,"50,000",ร้อยละ 100
10090130900101C,swu,009,30,01,ประสานมิตร,Prasarnmit,หลักสูตรศิลปศาสตรบัณฑิต สาขาวิชานวัตกรรมการสื่อสาร,Bachelor of Arts Program in Communication Innovation,C,สองภาษา/สามภาษา,01,การจัดการการสื่อสาร,Communication Management,0,0
10090130900101C,swu,009,30,01,ประสานมิตร,Prasarnmit,หลักสูตรศิลปศาสตรบัณฑิต สาขาวิชานวัตกรรมการสื่อสาร,Bachelor of Arts Program in Communication Innovation,C,สองภาษา/สามภาษา,01,การจัดการการสื่อสาร,Communication Management,"45,000",ร้อยละ 98.15
10090130900101C,swu,009,30,01,ประสานมิตร,Prasarnmit,หลักสูตรศิลปศาสตรบัณฑิต สาขาวิชานวัตกรรมการสื่อสาร,Bachelor of Arts Program in Communication Innovation,C,สองภาษา/สามภาษา,01,การจัดการการสื่อสาร,Communication Management,"45,000",ร้อยละ 100
10090130900101C,swu,009,30,01,ประสานมิตร,Prasarnmit,หลักสูตรศิลปศาสตรบัณฑิต สาขาวิชานวัตกรรมการสื่อสาร,Bachelor of Arts Program in Communication Innovation,C,สองภาษา/สามภาษา,01,การจัดการการสื่อสาร,Communication Management,"45,000",ร้อยละ 98.08
10090130900101C,swu,009,30,01,ประสานมิตร,Prasarnmit,หลักสูตรศิลปศาสตรบัณฑิต สาขาวิชานวัตกรรมการสื่อสาร,Bachelor of Arts Program in Communication Innovation,C,สองภาษา/สามภาษา,01,การจัดการการสื่อสาร,Communication Management,"45,000",0
10090130900101C,swu,009,30,01,ประสานมิตร,Prasarnmit,หลักสูตรศิลปศาสตรบัณฑิต สาขาวิชานวัตกรรมการสื่อสาร,Bachelor of Arts Program in Communication Innovation,C,สองภาษา/สามภาษา,01,การจัดการการสื่อสาร,Communication Management,"45,000",0
10090130900801C,swu,009,30,01,ประสานมิตร,Prasarnmit,หลักสูตรศิลปศาสตรบัณฑิต สาขาวิชานวัตกรรมสื่อสารสังคม,Bachelor of Arts Program in Social Communication Innovation,C,สองภาษา/สามภาษา,08,ดิจิทัล,Digital,0,0
10090130900801C,swu,009,30,01,ประสานมิตร,Prasarnmit,หลักสูตรศิลปศาสตรบัณฑิต สาขาวิชานวัตกรรมสื่อสารสังคม,Bachelor of Arts Program in Social Communication Innovation,C,สองภาษา/สามภาษา,08,ดิจิทัล,Digital,"45,000",ร้อยละ 100
10090130900801C,swu,009,30,01,ประสานมิตร,Prasarnmit,หลักสูตรศิลปศาสตรบัณฑิต สาขาวิชานวัตกรรมสื่อสารสังคม,Bachelor of Arts Program in Social Communication Innovation,C,สองภาษา/สามภาษา,08,ดิจิทัล,Digital,"45,000",ร้อยละ 98.04
10090130900801C,swu,009,30,01,ประสานมิตร,Prasarnmit,หลักสูตรศิลปศาสตรบัณฑิต สาขาวิชานวัตกรรมสื่อสารสังคม,Bachelor of Arts Program in Social Communication Innovation,C,สองภาษา/สามภาษา,08,ดิจิทัล,Digital,"45,000",ร้อยละ 97.83
10090130901601C,swu,009,30,01,ประสานมิตร,Prasarnmit,หลักสูตรศิลปศาสตรบัณฑิต สาขาวิชาภาพยนตร์และสื่อดิจิทัล,Bachelor of Arts Program in Cinema and Digital Media,C,สองภาษา/สามภาษา,16,ภาพยนตร์และภาพนิ่ง,Motion Pictures and Still Photography,,0
10090130901601C,swu,009,30,01,ประสานมิตร,Prasarnmit,หลักสูตรศิลปศาสตรบัณฑิต สาขาวิชาภาพยนตร์และสื่อดิจิทัล,Bachelor of Arts Program in Cinema and Digital Media,C,สองภาษา/สามภาษา,16,ภาพยนตร์และภาพนิ่ง,Motion Pictures and Still Photography,"50,000",ร้อยละ 96.97
10090130901601C,swu,009,30,01,ประสานมิตร,Prasarnmit,หลักสูตรศิลปศาสตรบัณฑิต สาขาวิชาภาพยนตร์และสื่อดิจิทัล,Bachelor of Arts Program in Cinema and Digital Media,C,สองภาษา/สามภาษา,16,ภาพยนตร์และภาพนิ่ง,Motion Pictures and Still Photography,"50,000",ร้อยละ 93.94
10090130901601C,swu,009,30,01,ประสานมิตร,Prasarnmit,หลักสูตรศิลปศาสตรบัณฑิต สาขาวิชาภาพยนตร์และสื่อดิจิทัล,Bachelor of Arts Program in Cinema and Digital Media,C,สองภาษา/สามภาษา,16,ภาพยนตร์และภาพนิ่ง,Motion Pictures and Still Photography,"50,000",ร้อยละ 92.31
10090130901601C,swu,009,30,01,ประสานมิตร,Prasarnmit,หลักสูตรศิลปศาสตรบัณฑิต สาขาวิชาภาพยนตร์และสื่อดิจิทัล,Bachelor of Arts Program in Cinema and Digital Media,C,สองภาษา/สามภาษา,16,ภาพยนตร์และภาพนิ่ง,Motion Pictures and Still Photography,"50,000",0
10090149611101A,swu,009,49,01,ประสานมิตร,Prasarnmit,หลักสูตรเศรษฐศาสตรบัณฑิต,Bachelor of Economics,A,ภาษาไทย ปกติ,11,เศรษฐศาสตร์,Economics,"20,000",ร้อยละ 81
10090149611101B,swu,009,49,01,ประสานมิตร,Prasarnmit,หลักสูตรเศรษฐศาสตรบัณฑิต (โครงการพิเศษ),Bachelor of Economics,B,ภาษาไทย พิเศษ,11,เศรษฐศาสตร์,Economics,"30,000",ร้อยละ 81
10090149611101E,swu,009,49,01,ประสานมิตร,Prasarnmit,หลักสูตรเศรษฐศาสตรบัณฑิต (หลักสูตรนานาชาติ),Bachelor of Economics (International Program),E,นานาชาติ,11,เศรษฐศาสตร์,Economics,"50,000",ร้อยละ 81
10090166620101A,swu,009,66,01,ประสานมิตร,Prasarnmit,หลักสูตรศิลปศาสตรบัณฑิต สาขาวิชานวัตกรรมการจัดการการท่องเที่ยวเพื่อการพัฒนา,Bachelor of Arts (Tourism Management Innovation for Development),A,ภาษาไทย ปกติ,01,การท่องเที่ยวและการโรงแรม,Tourism and Hotel,"25,000",ร้อยละ 96
10090166620101B,swu,009,66,01,ประสานมิตร,Prasarnmit,หลักสูตรศิลปศาสตรบัณฑิต สาขาวิชานวัตกรรมการจัดการการท่องเที่ยวเพื่อการพัฒนา (โครงการพิเศษ),Bachelor of Arts (Tourism Management Innovation for Development),B,ภาษาไทย พิเศษ,01,การท่องเที่ยวและการโรงแรม,Tourism and Hotel,"35,000",0
10090168610501A,swu,009,68,01,ประสานมิตร,Prasarnmit,หลักสูตรบัญชีบัณฑิต,Bachelor of Accountancy,A,ภาษาไทย ปกติ,05,การบัญชี,Accountancy,"20,000",ร้อยละ 96
10090168610501B,swu,009,68,01,ประสานมิตร,Prasarnmit,หลักสูตรบัญชีบัณฑิต (โครงการพิเศษ),Bachelor of Accountancy,B,ภาษาไทย พิเศษ,05,การบัญชี,Accountancy,"30,000",ร้อยละ 98
10090168610801A,swu,009,68,01,ประสานมิตร,Prasarnmit,หลักสูตรบริหารธุรกิจบัณฑิต,Bachelor of Business Administration,A,ภาษาไทย ปกติ,08,บริหารธุรกิจ,Business Administration,0,0
10090168610801A,swu,009,68,01,ประสานมิตร,Prasarnmit,หลักสูตรบริหารธุรกิจบัณฑิต,Bachelor of Business Administration Program Major in Marketing,A,ภาษาไทย ปกติ,08,บริหารธุรกิจ,Business Administration,"20,000",ร้อยละ 98
10090168610801A,swu,009,68,01,ประสานมิตร,Prasarnmit,หลักสูตรบริหารธุรกิจบัณฑิต,Bachelor of Business Administration Program Major in Finance,A,ภาษาไทย ปกติ,08,บริหารธุรกิจ,Business Administration,"20,000",ร้อยละ 96
10090168610801A,swu,009,68,01,ประสานมิตร,Prasarnmit,หลักสูตรบริหารธุรกิจบัณฑิต,Bachelor of Business Administration Program Major in International Business,A,ภาษาไทย ปกติ,08,บริหารธุรกิจ,Business Administration,"20,000",ร้อยละ 100
10090168610801B,swu,009,68,01,ประสานมิตร,Prasarnmit,หลักสูตรบริหารธุรกิจบัณฑิต,Bachelor of Business Administration,B,ภาษาไทย พิเศษ,08,บริหารธุรกิจ,Business Administration,0,0
10090168610801B,swu,009,68,01,ประสานมิตร,Prasarnmit,หลักสูตรบริหารธุรกิจบัณฑิต,Bachelor of Business Administration Program Major in Marketing,B,ภาษาไทย พิเศษ,08,บริหารธุรกิจ,Business Administration,"30,000",ร้อยละ 98
10090168610801B,swu,009,68,01,ประสานมิตร,Prasarnmit,หลักสูตรบริหารธุรกิจบัณฑิต,Bachelor of Business Administration Program Major in Finance,B,ภาษาไทย พิเศษ,08,บริหารธุรกิจ,Business Administration,"30,000",ร้อยละ 98
10090168610801B,swu,009,68,01,ประสานมิตร,Prasarnmit,หลักสูตรบริหารธุรกิจบัณฑิต,Bachelor of Business Administration Program Major in International Business,B,ภาษาไทย พิเศษ,08,บริหารธุรกิจ,Business Administration,"30,000",0
10090168610802A,swu,009,68,01,ประสานมิตร,Prasarnmit,หลักสูตรบริหารธุรกิจบัณฑิต สาขาวิชาธุรกิจเพื่อสังคม,Bachelor of Business Administration Program in Social Enterprise,A,ภาษาไทย ปกติ,08,บริหารธุรกิจ,Business Administration,"20,000",ร้อยละ 100
10090168610802B,swu,009,68,01,ประสานมิตร,Prasarnmit,หลักสูตรบริหารธุรกิจบัณฑิต สาขาวิชาธุรกิจเพื่อสังคม (โครงการพิเศษ),Bachelor of Business Administration Program in Social Enterprise,B,ภาษาไทย พิเศษ,08,บริหารธุรกิจ,Business Administration,"30,000",ร้อยละ 100
10090168610802E,swu,009,68,01,ประสานมิตร,Prasarnmit,หลักสูตรบริหารธุรกิจบัณฑิต สาขาวิชาการจัดการธุรกิจโลก (หลักสูตรนานาชาติ) (โครงการพิเศษ),Bachelor of Business Administration Program in Global Business Management (International Program),E,นานาชาติ,08,บริหารธุรกิจ,Business Administration,"60,000",0
10090168620102A,swu,009,68,01,ประสานมิตร,Prasarnmit,หลักสูตรบริหารธุรกิจบัณฑิต สาขาวิชาการท่องเที่ยวและการโรงแรม,Bachelor of Business Administration Program in Tourism and Hotel,A,ภาษาไทย ปกติ,01,การท่องเที่ยวและการโรงแรม,Tourism and Hotel,"20,000",ร้อยละ 92
10090168620102B,swu,009,68,01,ประสานมิตร,Prasarnmit,หลักสูตรบริหารธุรกิจบัณฑิต สาขาวิชาการท่องเที่ยวและการโรงแรม (โครงการพิเศษ),Bachelor of Business Administration Program in Tourism and Hotel,B,ภาษาไทย พิเศษ,01,การท่องเที่ยวและการโรงแรม,Tourism and Hotel,"30,000",ร้อยละ 92
10090169213401C,swu,009,69,01,ประสานมิตร,Prasarnmit,หลักสูตรวิทยาศาสตรบัณฑิต สาขาวิชาอัญมณีและเครื่องประดับ (หลักสูตร 2 ภาษา),Bachelor of Science Program in Gems and Jewelry,C,สองภาษา/สามภาษา,34,อัญมณี,Gems,"44,000",ร้อยละ 96
10090169610201C,swu,009,69,01,ประสานมิตร,Prasarnmit,"หลักสูตรศิลปศาสตรและวิทยาศาสตรบัณฑิต 
สาขาวิชาผู้ประกอบการใหม่สร้างสรรค์ (หลักสูตร 3 ภาษา)","Bachelor of Arts and Science, Creative Entrepreneurship",C,สองภาษา/สามภาษา,02,การจัดการ,Management,0,0
10090169800103C,swu,009,69,01,ประสานมิตร,Prasarnmit,หลักสูตรศิลปศาสตรบัณฑิต สาขาวิชาผลิตภัณฑ์สร้างสรรค์ (หลักสูตร 2 ภาษา),Bachelor of Arts Program in Creative Products,C,สองภาษา/สามภาษา,01,การออกแบบ,Design,"44,000",ร้อยละ 91
10090169800104C,swu,009,69,01,ประสานมิตร,Prasarnmit,หลักสูตรศิลปศาสตรบัณฑิต สาขาวิชาแฟชั่น สิ่งทอ และเครื่องตกแต่ง (หลักสูตร 2 ภาษา),"Bachelor of Arts Program in Fashion, Textiles and Accessories",C,สองภาษา/สามภาษา,01,การออกแบบ,Design,"44,000",ร้อยละ 90
10090170620101E,swu,009,70,01,ประสานมิตร,Prasarnmit,หลักสูตรศิลปศาสตรบัณฑิต สาขาวิชาการจัดการภาคบริการและการท่องเที่ยวอย่างยั่งยืน (หลักสูตรนานาชาติ),Bachelor of Arts Program in Sustainable Hospitality and Tourism Management (International Program),E,นานาชาติ,01,การท่องเที่ยวและการโรงแรม,Tourism and Hotel,"60,000",0
10090170902504E,swu,009,70,01,ประสานมิตร,Prasarnmit,หลักสูตรศิลปศาสตรบัณฑิต สาขาวิชาภาษาและการสื่อสารระหว่างวัฒนธรรม (หลักสูตรนานาชาติ),Bachelor of Arts Program in Language and Intercultural Communication (International Program),E,นานาชาติ,25,อังกฤษ,English,"50,000",0
10090170902504G,swu,009,70,01,ประสานมิตร,Prasarnmit,หลักสูตรศิลปศาสตรบัณฑิต สาขาวิชาภาษาและการสื่อสารระหว่างวัฒนธรรม (หลักสูตรนานาชาติ) (โครงการพิเศษ),Bachelor of Arts Program in Language and Intercultural Communication (International Program),G,Double Degree - นานาชาติ พิเศษ,25,อังกฤษ,English,"60,000",0
10090204112001A,swu,009,04,02,องครักษ์,Ongkharak,หลักสูตรวิทยาศาสตรบัณฑิต สาขาวิชาวิทยาศาสตร์การกีฬาและการออกกำลังกาย,Bachelor of Science Program in Sports and Exercise Science,A,ภาษาไทย ปกติ,20,วิทยาศาสตร์การกีฬา,Sports Science,"20,000",0
10090204112701A,swu,009,04,02,องครักษ์,Ongkharak,หลักสูตรวิทยาศาสตรบัณฑิต สาขาวิชาสาธารณสุขศาสตร์,Bachelor of Science in Public Health,A,ภาษาไทย ปกติ,27,สาธารณสุข,Public Health,0,0
10090204112701A,swu,009,04,02,องครักษ์,Ongkharak,หลักสูตรวิทยาศาสตรบัณฑิต สาขาวิชาสาธารณสุขศาสตร์,Bachelor of Science in Public Health,A,ภาษาไทย ปกติ,27,สาธารณสุข,Public Health,"20,000",0
10090204112701A,swu,009,04,02,องครักษ์,Ongkharak,หลักสูตรวิทยาศาสตรบัณฑิต สาขาวิชาสาธารณสุขศาสตร์,Bachelor of Science in Public Health,A,ภาษาไทย ปกติ,27,สาธารณสุข,Public Health,"20,000",0
10090204112701A,swu,009,04,02,องครักษ์,Ongkharak,หลักสูตรวิทยาศาสตรบัณฑิต สาขาวิชาสาธารณสุขศาสตร์,Bachelor of Science in Public Health,A,ภาษาไทย ปกติ,27,สาธารณสุข,Public Health,"20,000",0
10090204702801A,swu,009,04,02,องครักษ์,Ongkharak,หลักสูตรศิลปศาสตรบัณฑิต สาขาวิชาผู้นำนันทนาการ,Bachelor of Arts Program in Recreation Leadership,A,ภาษาไทย ปกติ,28,สุขศึกษา พลศึกษา และนันทนาการ,Health Physical Education and Recreation,"15,000",ร้อยละ 97
10090204702802A,swu,009,04,02,องครักษ์,Ongkharak,หลักสูตรการศึกษาบัณฑิต สาขาวิชาพลศึกษา (กศ.บ.),Bachelor of Education Program in Physical Education,A,ภาษาไทย ปกติ,28,สุขศึกษา พลศึกษา และนันทนาการ,Health Physical Education and Recreation,"15,000",0
10090204702803A,swu,009,04,02,องครักษ์,Ongkharak,หลักสูตรการศึกษาบัณฑิต สาขาวิชาสุขศึกษา (กศ.บ.),Bachelor of Education Program in Health Education,A,ภาษาไทย ปกติ,28,สุขศึกษา พลศึกษา และนันทนาการ,Health Physical Education and Recreation,"15,000",0
10090204702804A,swu,009,04,02,องครักษ์,Ongkharak,หลักสูตรการศึกษาบัณฑิต สาขาวิชาสุขศึกษาและพลศึกษา (กศ.บ.),Bachelor of Education Program in Health Education and Physical Education,A,ภาษาไทย ปกติ,28,สุขศึกษา พลศึกษา และนันทนาการ,Health Physical Education and Recreation,"15,000",0
10090206111701A,swu,009,06,02,องครักษ์,Ongkharak,หลักสูตรพยาบาลศาสตรบัณฑิต,Bachelor of Nursing Science Program,A,ภาษาไทย ปกติ,17,พยาบาลศาสตร์,Nursing,"32,000",ร้อยละ 96.39
10090209300501A,swu,009,09,02,องครักษ์,Ongkharak,หลักสูตรวิศวกรรมศาสตรบัณฑิต สาขาวิชาวิศวกรรมคอมพิวเตอร์,Bachelor of Engineering Program in Computer Engineering,A,ภาษาไทย ปกติ,05,วิศวกรรมคอมพิวเตอร์,Computer Engineering,"25,000",ร้อยละ 97.83
10090209300601A,swu,009,09,02,องครักษ์,Ongkharak,หลักสูตรวิศวกรรมศาสตรบัณฑิต สาขาวิชาวิศวกรรมเคมี,Bachelor of Engineering Program in Chemical Engineering,A,ภาษาไทย ปกติ,06,วิศวกรรมเคมี,Chemical Engineering,"25,000",ร้อยละ 100
10090209300701A,swu,009,09,02,องครักษ์,Ongkharak,หลักสูตรวิศวกรรมศาสตรบัณฑิต สาขาวิชาวิศวกรรมเครื่องกล,Bachelor of Engineering Program in Mechanical Engineering,A,ภาษาไทย ปกติ,07,วิศวกรรมเครื่องกล,Mechanical Engineering,"25,000",ร้อยละ 95
10090209300901A,swu,009,09,02,องครักษ์,Ongkharak,หลักสูตรวิศวกรรมศาสตรบัณฑิต สาขาวิชาวิศวกรรมชีวการแพทย์,Bachelor of Engineering Program in Biomedical Engineering,A,ภาษาไทย ปกติ,09,วิศวกรรมชีวการแพทย์,Biomedical Engineering,"25,000",ร้อยละ 94
10090209301601A,swu,009,09,02,องครักษ์,Ongkharak,หลักสูตรวิศวกรรมศาสตรบัณฑิต สาขาวิชาวิศวกรรมไฟฟ้า,Bachelor of Engineering Program in Electrical Engineering,A,ภาษาไทย ปกติ,16,วิศวกรรมไฟฟ้า,Electrical Engineering,0,0
10090209301601A,swu,009,09,02,องครักษ์,Ongkharak,หลักสูตรวิศวกรรมศาสตรบัณฑิต สาขาวิชาวิศวกรรมไฟฟ้า,Bachelor of Engineering Program in Electrical Engineering,A,ภาษาไทย ปกติ,16,วิศวกรรมไฟฟ้า,Electrical Engineering,"25,000",ร้อยละ 93.02
10090209301601A,swu,009,09,02,องครักษ์,Ongkharak,หลักสูตรวิศวกรรมศาสตรบัณฑิต สาขาวิชาวิศวกรรมไฟฟ้า,Bachelor of Engineering Program in Electrical Engineering,A,ภาษาไทย ปกติ,16,วิศวกรรมไฟฟ้า,Electrical Engineering,"25,000",ร้อยละ 91.89
10090209302101A,swu,009,09,02,องครักษ์,Ongkharak,หลักสูตรวิศวกรรมศาสตรบัณฑิต สาขาวิชาวิศวกรรมโยธา,Bachelor of Engineering Program in Civil Engineering,A,ภาษาไทย ปกติ,21,วิศวกรรมโยธา,Civil Engineering,"25,000",ร้อยละ 86
10090209302401C,swu,009,09,02,องครักษ์,Ongkharak,หลักสูตรวิศวกรรมศาสตรบัณฑิต สาขาวิชาวิศวกรรมโลจิสติกส์ (หลักสูตร 2 ภาษา),Bachelor of Engineering Program in Logistics Engineering,C,สองภาษา/สามภาษา,24,วิศวกรรมโลจิสติกส์,Logistics Engineering,"40,000",ร้อยละ 100
10090209302801A,swu,009,09,02,องครักษ์,Ongkharak,หลักสูตรวิศวกรรมศาสตรบัณฑิต สาขาวิชาวิศวกรรมสิ่งแวดล้อม,Bachelor of Engineering Program in Environmental Engineering,A,ภาษาไทย ปกติ,28,วิศวกรรมสิ่งแวดล้อม,Environmental Engineering,"25,000",ร้อยละ 80
10090209303501A,swu,009,09,02,องครักษ์,Ongkharak,หลักสูตรวิศวกรรมศาสตรบัณฑิต สาขาวิชาวิศวกรรมอุตสาหการ,Bachelor of Engineering Program in Industrial Engineering,A,ภาษาไทย ปกติ,35,วิศวกรรมอุตสาหการ,Industrial Engineering,"25,000",ร้อยละ 100
10090212130101A,swu,009,12,02,องครักษ์,Ongkharak,หลักสูตรเภสัชศาสตรบัณฑิต,Doctor of Pharmacy Program,A,ภาษาไทย ปกติ,01,เภสัชศาสตร์,Pharmacy,0,0
10090212130101A,swu,009,12,02,องครักษ์,Ongkharak,หลักสูตรเภสัชศาสตรบัณฑิต,Doctor of Pharmacy Program,A,ภาษาไทย ปกติ,01,เภสัชศาสตร์,Pharmacy,"45,000",ร้อยละ 98.77
10090212130101A,swu,009,12,02,องครักษ์,Ongkharak,หลักสูตรเภสัชศาสตรบัณฑิต,Doctor of Pharmacy Program,A,ภาษาไทย ปกติ,01,เภสัชศาสตร์,Pharmacy,"45,000",ร้อยละ 100
10090212130301F,swu,009,12,02,องครักษ์,Ongkharak,หลักสูตรเภสัชศาสตรบัณฑิต (โครงการร่วมฯ),"Dual Doctor of Pharmacy Programme (The Joint Pharmacy Programme – Srinakharinwirot University and the University of Nottingham, UK)",F,Double Degree - ภาษาไทย ปกติ,03,การบริบาลทางเภสัชกรรม,Pharmaceutical Care,"150,000",0
10090247500401A,swu,009,47,02,องครักษ์,Ongkharak,หลักสูตรวิทยาศาสตรบัณฑิต สาขาวิชานวัตกรรมเกษตรและการจัดการลุ่มน้ำอย่างยั่งยืน,Bachelor of Science Program in Innovative Agriculture and Sustainable Watershed Management,A,ภาษาไทย ปกติ,04,เทคโนโลยีการเกษตร,Agricultural Technology,0,0
10090247500401A,swu,009,47,02,องครักษ์,Ongkharak,หลักสูตรวิทยาศาสตรบัณฑิต สาขาวิชานวัตกรรมเกษตรและการจัดการลุ่มน้ำอย่างยั่งยืน,Bachelor of Science Program in Innovative Agriculture and Sustainable Watershed Management,A,ภาษาไทย ปกติ,04,เทคโนโลยีการเกษตร,Agricultural Technology,"20,000",0
10090247904201A,swu,009,47,02,องครักษ์,Ongkharak,หลักสูตรศิลปศาสตรบัณฑิต สาขาวิชาการจัดการภูมิสังคมและวัฒนธรรม,Bachelor of Arts Program in Geo-social-Based Management,A,ภาษาไทย ปกติ,42,การพัฒนาชุมชน,Community Development,0,0
10090247904201A,swu,009,47,02,องครักษ์,Ongkharak,หลักสูตรศิลปศาสตรบัณฑิต สาขาวิชาการจัดการภูมิสังคมและวัฒนธรรม,Bachelor of Arts Program in Geo-social-Based Management,A,ภาษาไทย ปกติ,42,การพัฒนาชุมชน,Community Development,"17,000",ร้อยละ 98
10090247904201A,swu,009,47,02,องครักษ์,Ongkharak,หลักสูตรศิลปศาสตรบัณฑิต สาขาวิชาการจัดการภูมิสังคมและวัฒนธรรม,Bachelor of Arts Program in Geo-Cultural Management,A,ภาษาไทย ปกติ,42,การพัฒนาชุมชน,Community Development,"17,000",ร้อยละ 98
10090266211901A,swu,009,66,02,องครักษ์,Ongkharak,หลักสูตรวิทยาศาสตรบัณฑิต สาขาวิชาเทคโนโลยีสิ่งแวดล้อมและทรัพยากร,Bachelor of Science Program in Environmental Technology and Resource Management,A,ภาษาไทย ปกติ,19,เทคโนโลยีสิ่งแวดล้อม,Environmental Technology,"20,000",ร้อยละ 100
10090266213101A,swu,009,66,02,องครักษ์,Ongkharak,หลักสูตรวิทยาศาสตรบัณฑิต สาขาวิชาวิทยาการการเปลี่ยนแปลงสภาพภูมิอากาศและสิ่งแวดล้อม,Bachelor of Science Program in Climate Change Science and Environment,A,ภาษาไทย ปกติ,31,วิทยาศาสตร์สิ่งแวดล้อม,Environmental Science,0,0
10090267110101A,swu,009,67,02,องครักษ์,Ongkharak,หลักสูตรวิทยาศาสตรบัณฑิต สาขาวิชากายภาพบำบัด,Bachelor of Science Program in Physical Therapy,A,ภาษาไทย ปกติ,01,กายภาพบำบัด,Physiotherapy,"31,000",ร้อยละ 97.73
10090267110901A,swu,009,67,02,องครักษ์,Ongkharak,หลักสูตรวิทยาศาสตรบัณฑิต สาขาวิชากิจกรรมบำบัด,Bachelor of Science Program in Occupational Therapy,A,ภาษาไทย ปกติ,09,กิจกรรมบำบัด,Occupational Therapy,"35,000",0
10090267112501A,swu,009,67,02,องครักษ์,Ongkharak,หลักสูตรวิทยาศาสตรบัณฑิต สาขาวิชาการส่งเสริมสุขภาพ,Bachelor of Science Program in Health Promotion,A,ภาษาไทย ปกติ,25,ส่งเสริมสุขภาพ,Promote Health,"30,000",ร้อยละ 100
10090271211001A,swu,009,71,02,องครักษ์,Ongkharak,หลักสูตรวิทยาศาสตรบัณฑิต สาขาวิชาวิทยาศาสตร์การอาหารและโภชนาการ,Bachelor of Science Program in Food Science and Nutrition,A,ภาษาไทย ปกติ,10,เทคโนโลยีการอาหาร,Food Technology,"21,000",ร้อยละ 100
10090271211201A,swu,009,71,02,องครักษ์,Ongkharak,หลักสูตรวิทยาศาสตรบัณฑิต สาขาวิชาเทคโนโลยีชีวภาพและผลิตภัณฑ์การเกษตร,Bachelor of Science Program in Biotechnology and Agricultural Products,A,ภาษาไทย ปกติ,12,เทคโนโลยีชีวภาพ,Biotechnology,"21,000",ร้อยละ 91.67
10090271212401A,swu,009,71,02,องครักษ์,Ongkharak,หลักสูตรวิทยาศาสตรบัณฑิต สาขาวิชานวัตกรรมอาหารและธุรกิจ,Bachelor of Science Program in Food Innovation and Business,A,ภาษาไทย ปกติ,24,นวัตกรรม,Innovation,"25,000",ร้อยละ 100
10090271213601A,swu,009,71,02,องครักษ์,Ongkharak,หลักสูตรวิทยาศาสตรบัณฑิต สาขาวิชาเทคโนโลยีวัสดุพอลิเมอร์,Bachelor of Science Program in Polymer Materials Technology,A,ภาษาไทย ปกติ,36,เทคโนโลยีพอลิเมอร์,Polymers Technology,"21,000",ร้อยละ 91.30
