program_id,project_id,major_id,year,subject,weight_percent
10010121300001A,68e365a0f6124a010031319a,,2026,A_LV_61,20
10010121300001A,68e365a0f6124a010031319a,,2026,A_LV_64,20
10010121300001A,68e365a0f6124a010031319a,,2026,A_LV_65,10
10010121300001A,68e365a0f6124a010031319a,,2026,TGAT,20
10010121300001A,68e365a0f6124a010031319a,,2026,TPAT3,30
10010121300501A,68e365a0f6124a01003131ac,,2026,A_LV_61,20
10010121300501A,68e365a0f6124a01003131ac,,2026,A_LV_64,20
10010121300501A,68e365a0f6124a01003131ac,,2026,TGAT,20
10010121300501A,68e365a0f6124a01003131ac,,2026,TPAT3,40
10010121300599A,68e365a0f6124a01003131b0,,2026,A_LV_61,50
10010121300599A,68e365a0f6124a01003131b0,,2026,TGAT,20
10010121300599A,68e365a0f6124a01003131b0,,2026,TPAT3,30
10010121300601A,68e365a0f6124a01003131a2,,2026,A_LV_61,20
10010121300601A,68e365a0f6124a01003131a2,,2026,A_LV_64,20
10010121300601A,68e365a0f6124a01003131a2,,2026,A_LV_65,10
10010121300601A,68e365a0f6124a01003131a2,,2026,TGAT,20
10010121300601A,68e365a0f6124a01003131a2,,2026,TPAT3,30
10010121301101A,68e365a0f6124a01003131ae,,2026,A_LV_61,20
10010121301101A,68e365a0f6124a01003131ae,,2026,A_LV_64,20
10010121301101A,68e365a0f6124a01003131ae,,2026,A_LV_65,10
10010121301101A,68e365a0f6124a01003131ae,,2026,TGAT,20
10010121301101A,68e365a0f6124a01003131ae,,2026,TPAT3,30
10010121301601A,68e365a0f6124a010031319e,,2026,A_LV_61,20
10010121301601A,68e365a0f6124a010031319e,,2026,A_LV_64,20
10010121301601A,68e365a0f6124a010031319e,,2026,A_LV_65,10
10010121301601A,68e365a0f6124a010031319e,,2026,TGAT,20
10010121301601A,68e365a0f6124a010031319e,,2026,TPAT3,30
10010121302101A,68e365a0f6124a010031319c,,2026,A_LV_61,20
10010121302101A,68e365a0f6124a010031319c,,2026,A_LV_64,20
10010121302101A,68e365a0f6124a010031319c,,2026,A_LV_65,10
10010121302101A,68e365a0f6124a010031319c,,2026,TGAT,20
10010121302101A,68e365a0f6124a010031319c,,2026,TPAT3,30
10010121302501A,68e365a0f6124a01003131aa,,2026,A_LV_61,20
10010121302501A,68e365a0f6124a01003131aa,,2026,A_LV_64,20
10010121302501A,68e365a0f6124a01003131aa,,2026,A_LV_65,10
10010121302501A,68e365a0f6124a01003131aa,,2026,TGAT,20
10010121302501A,68e365a0f6124a01003131aa,,2026,TPAT3,30
10010121302701A,68e365a0f6124a01003131a8,,2026,A_LV_61,20
10010121302701A,68e365a0f6124a01003131a8,,2026,A_LV_64,20
10010121302701A,68e365a0f6124a01003131a8,,2026,TGAT,20
10010121302701A,68e365a0f6124a01003131a8,,2026,TPAT3,40
10010121302801A,68e365a0f6124a01003131a6,,2026,A_LV_61,20
10010121302801A,68e365a0f6124a01003131a6,,2026,A_LV_64,20
10010121302801A,68e365a0f6124a01003131a6,,2026,A_LV_65,10
10010121302801A,68e365a0f6124a01003131a6,,2026,TGAT,20
10010121302801A,68e365a0f6124a01003131a6,,2026,TPAT3,30
10010121303001A,68e365a0f6124a01003131a4,,2026,A_LV_61,20
10010121303001A,68e365a0f6124a01003131a4,,2026,A_LV_64,20
10010121303001A,68e365a0f6124a01003131a4,,2026,A_LV_65,10
10010121303001A,68e365a0f6124a01003131a4,,2026,TGAT,20
10010121303001A,68e365a0f6124a01003131a4,,2026,TPAT3,30
10010121303501A,68e365a0f6124a01003131a0,,2026,A_LV_61,20
10010121303501A,68e365a0f6124a01003131a0,,2026,A_LV_64,20
10010121303501A,68e365a0f6124a01003131a0,,2026,A_LV_65,10
10010121303501A,68e365a0f6124a01003131a0,,2026,TGAT,20
10010121303501A,68e365a0f6124a01003131a0,,2026,TPAT3,30
10010122904301A,P2206,D,2026,A_LV_62,25
10010122904301A,P2206,D,2026,A_LV_70,25
10010122904301A,P2206,D,2026,A_LV_81,25
10010122904301A,P2206,D,2026,A_LV_82,25
10010122904301A,P2207,E,2026,A_LV_62,25
10010122904301A,P2207,E,2026,A_LV_70,25
10010122904301A,P2207,E,2026,A_LV_81,25
10010122904301A,P2207,E,2026,A_LV_82,25
10010122904301A,P2208,,2026,A_LV_62,25
10010122904301A,P2208,,2026,A_LV_70,25
10010122904301A,P2208,,2026,A_LV_81,25
10010122904301A,P2208,,2026,A_LV_82,25
10010122904301A,P2209,,2026,A_LV_70,25
10010122904301A,P2209,,2026,A_LV_81,25
10010122904301A,P2209,,2026,A_LV_82,25
10010122904301A,P2209,,2026,A_LV_83,25
10010122904301A,P2210,,2026,A_LV_70,25
10010122904301A,P2210,,2026,A_LV_81,25
10010122904301A,P2210,,2026,A_LV_82,25
10010122904301A,P2210,,2026,A_LV_84,25
10010122904301A,P2211,,2026,A_LV_70,25
10010122904301A,P2211,,2026,A_LV_81,25
10010122904301A,P2211,,2026,A_LV_82,25
10010122904301A,P2211,,2026,A_LV_85,25
10010122904301A,P2212,,2026,A_LV_70,25
10010122904301A,P2212,,2026,A_LV_81,25
10010122904301A,P2212,,2026,A_LV_82,25
10010122904301A,P2212,,2026,A_LV_86,25
10010122904301A,P2213,,2026,A_LV_70,25
10010122904301A,P2213,,2026,A_LV_81,25
10010122904301A,P2213,,2026,A_LV_82,25
10010122904301A,P2213,,2026,A_LV_87,25
10010122904301A,P2214,,2026,A_LV_70,25
10010122904301A,P2214,,2026,A_LV_81,25
10010122904301A,P2214,,2026,A_LV_82,25
10010122904301A,P2214,,2026,A_LV_88,25
10010122904301A,P2215,,2026,A_LV_70,25
10010122904301A,P2215,,2026,A_LV_81,25
10010122904301A,P2215,,2026,A_LV_82,25
10010122904301A,P2215,,2026,A_LV_89,25
10010123210301A,68e365a1f6124a0100313296,,2026,A_LV_61,20
10010123210301A,68e365a1f6124a0100313296,,2026,TGAT,20
10010123210301A,68e365a1f6124a0100313296,,2026,TPAT3,60
10010123210401A,68e365a1f6124a010031329a,,2026,A_LV_61,20
10010123210401A,68e365a1f6124a010031329a,,2026,A_LV_65,50
10010123210401A,68e365a1f6124a010031329a,,2026,TGAT1,15
10010123210401A,68e365a1f6124a010031329a,,2026,TGAT2,15
10010123210402A,P2307,,2026,A_LV_61,20
10010123210402A,P2307,,2026,A_LV_64,15
10010123210402A,P2307,,2026,A_LV_65,15
10010123210402A,P2307,,2026,TGAT,20
10010123210402A,P2307,,2026,TPAT3,30
10010123210402A,P2308,,2026,TGAT,20
10010123210402A,P2308,,2026,TPAT3,80
10010123210501A,68e365a1f6124a01003132b8,,2026,A_LV_61,15
10010123210501A,68e365a1f6124a01003132b8,,2026,A_LV_64,15
10010123210501A,68e365a1f6124a01003132b8,,2026,A_LV_65,20
10010123210501A,68e365a1f6124a01003132b8,,2026,A_LV_66,20
10010123210501A,68e365a1f6124a01003132b8,,2026,TGAT,15
10010123210501A,68e365a1f6124a01003132b8,,2026,TPAT3,15
10010123210601A,68e365a1f6124a01003132b4,,2026,A_LV_61,10
10010123210601A,68e365a1f6124a01003132b4,,2026,A_LV_64,10
10010123210601A,68e365a1f6124a01003132b4,,2026,A_LV_65,20
10010123210601A,68e365a1f6124a01003132b4,,2026,A_LV_66,20
10010123210601A,68e365a1f6124a01003132b4,,2026,TGAT,20
10010123210601A,68e365a1f6124a01003132b4,,2026,TPAT3,20
10010123210701A,P2303,,2026,A_LV_66,50
10010123210701A,P2303,,2026,TGAT,20
10010123210701A,P2303,,2026,TPAT3,30
10010123210701A,P2304,,2026,TGAT,20
10010123210701A,P2304,,2026,TPAT3,80
10010123210901A,68e365a1f6124a01003132ba,,2026,A_LV_61,15
10010123210901A,68e365a1f6124a01003132ba,,2026,A_LV_64,15
10010123210901A,68e365a1f6124a01003132ba,,2026,A_LV_65,20
10010123210901A,68e365a1f6124a01003132ba,,2026,TGAT1,25
10010123210901A,68e365a1f6124a01003132ba,,2026,TGAT2,25
10010123211001A,P2309,,2026,TGAT,20
10010123211001A,P2309,,2026,TPAT3,80
10010123211001A,P2310,,2026,TGAT,20
10010123212301A,68e365a1f6124a01003132ae,,2026,TGAT,20
10010123212301A,68e365a1f6124a01003132ae,,2026,TPAT3,80
10010123212501A,68e365a1f6124a01003132a6,,2026,A_LV_61,10
10010123212501A,68e365a1f6124a01003132a6,,2026,A_LV_64,10
10010123212501A,68e365a1f6124a01003132a6,,2026,A_LV_65,10
10010123212501A,68e365a1f6124a01003132a6,,2026,A_LV_66,50
10010123212501A,68e365a1f6124a01003132a6,,2026,TGAT,20
10010123212601A,68e365a1f6124a01003132a8,,2026,A_LV_61,10
10010123212601A,68e365a1f6124a01003132a8,,2026,A_LV_64,10
10010123212601A,68e365a1f6124a01003132a8,,2026,A_LV_65,10
10010123212601A,68e365a1f6124a01003132a8,,2026,A_LV_66,50
10010123212601A,68e365a1f6124a01003132a8,,2026,TGAT,20
10010123212701A,68e365a1f6124a01003132a4,,2026,A_LV_61,15
10010123212701A,68e365a1f6124a01003132a4,,2026,A_LV_64,15
10010123212701A,68e365a1f6124a01003132a4,,2026,TGAT,30
10010123212701A,68e365a1f6124a01003132a4,,2026,TPAT3,40
10010123212801A,68e365a1f6124a01003132b6,,2026,A_LV_61,20
10010123212801A,68e365a1f6124a01003132b6,,2026,A_LV_64,20
10010123212801A,68e365a1f6124a01003132b6,,2026,A_LV_65,20
10010123212801A,68e365a1f6124a01003132b6,,2026,TGAT,20
10010123212801A,68e365a1f6124a01003132b6,,2026,TPAT3,20
10010123213001A,68e365a1f6124a01003132b2,,2026,A_LV_61,15
10010123213001A,68e365a1f6124a01003132b2,,2026,A_LV_64,15
10010123213001A,68e365a1f6124a01003132b2,,2026,A_LV_65,20
10010123213001A,68e365a1f6124a01003132b2,,2026,A_LV_66,20
10010123213001A,68e365a1f6124a01003132b2,,2026,TGAT1,20
10010123213001A,68e365a1f6124a01003132b2,,2026,TGAT2,10
10010123213101A,68e365a1f6124a01003132b0,,2026,A_LV_61,10
10010123213101A,68e365a1f6124a01003132b0,,2026,A_LV_64,5
10010123213101A,68e365a1f6124a01003132b0,,2026,A_LV_65,20
10010123213101A,68e365a1f6124a01003132b0,,2026,A_LV_66,10
10010123213101A,68e365a1f6124a01003132b0,,2026,TGAT,20
10010123213101A,68e365a1f6124a01003132b0,,2026,TPAT3,35
10010123213201A,P2305,,2026,A_LV_66,50
10010123213201A,P2305,,2026,TGAT,20
10010123213201A,P2305,,2026,TPAT3,30
10010123213201A,P2306,,2026,TGAT,20
10010123213201A,P2306,,2026,TPAT3,80
10010123213501A,68e365a1f6124a0100313298,,2026,A_LV_61,20
10010123213501A,68e365a1f6124a0100313298,,2026,A_LV_82,10
10010123213501A,68e365a1f6124a0100313298,,2026,TGAT,20
10010123213501A,68e365a1f6124a0100313298,,2026,TPAT3,50
10010124903201A,P2401,A,2026,A_LV_62,20
10010124903201A,P2401,A,2026,A_LV_70,40
10010124903201A,P2401,A,2026,A_LV_82,30
10010124903201A,P2401,A,2026,TGAT,10
10010124903201A,P2402,A,2026,A_LV_70,40
10010124903201A,P2402,A,2026,A_LV_82,30
10010124903201A,P2402,A,2026,A_LV_83,20
10010124903201A,P2402,A,2026,TGAT,10
10010124903201A,P2403,A,2026,A_LV_70,40
10010124903201A,P2403,A,2026,A_LV_82,30
10010124903201A,P2403,A,2026,A_LV_84,20
10010124903201A,P2403,A,2026,TGAT,10
10010124903201A,P2404,A,2026,A_LV_70,40
10010124903201A,P2404,A,2026,A_LV_82,30
10010124903201A,P2404,A,2026,A_LV_85,20
10010124903201A,P2404,A,2026,TGAT,10
10010124903201A,P2405,A,2026,A_LV_70,40
10010124903201A,P2405,A,2026,A_LV_82,30
10010124903201A,P2405,A,2026,A_LV_86,20
10010124903201A,P2405,A,2026,TGAT,10
10010124903201A,P2406,A,2026,A_LV_70,40
10010124903201A,P2406,A,2026,A_LV_82,30
10010124903201A,P2406,A,2026,A_LV_87,20
10010124903201A,P2406,A,2026,TGAT,10
10010124903201A,P2407,A,2026,A_LV_70,40
10010124903201A,P2407,A,2026,A_LV_82,30
10010124903201A,P2407,A,2026,A_LV_89,20
10010124903201A,P2407,A,2026,TGAT,10
10010124903201A,P2408,B,2026,A_LV_62,20
10010124903201A,P2408,B,2026,A_LV_70,30
10010124903201A,P2408,B,2026,A_LV_82,30
10010124903201A,P2408,B,2026,TGAT,20
10010124903201A,P2409,B,2026,A_LV_70,30
10010124903201A,P2409,B,2026,A_LV_81,20
10010124903201A,P2409,B,2026,A_LV_82,30
10010124903201A,P2409,B,2026,TGAT,20
10010124903201A,P2410,B,2026,A_LV_70,30
10010124903201A,P2410,B,2026,A_LV_82,30
10010124903201A,P2410,B,2026,A_LV_83,20
10010124903201A,P2410,B,2026,TGAT,20
10010124903201A,P2411,B,2026,A_LV_70,30
10010124903201A,P2411,B,2026,A_LV_82,30
10010124903201A,P2411,B,2026,A_LV_84,20
10010124903201A,P2411,B,2026,TGAT,20
10010124903201A,P2412,B,2026,A_LV_70,30
10010124903201A,P2412,B,2026,A_LV_82,30
10010124903201A,P2412,B,2026,A_LV_85,20
10010124903201A,P2412,B,2026,TGAT,20
10010124903201A,P2413,B,2026,A_LV_70,30
10010124903201A,P2413,B,2026,A_LV_82,30
10010124903201A,P2413,B,2026,A_LV_86,20
10010124903201A,P2413,B,2026,TGAT,20
10010124903201A,P2414,B,2026,A_LV_70,30
10010124903201A,P2414,B,2026,A_LV_82,30
10010124903201A,P2414,B,2026,A_LV_87,20
10010124903201A,P2414,B,2026,TGAT,20
10010124903201A,P2415,B,2026,A_LV_70,30
10010124903201A,P2415,B,2026,A_LV_82,30
10010124903201A,P2415,B,2026,A_LV_89,20
10010124903201A,P2415,B,2026,TGAT,20
10010124903201A,P2416,C,2026,A_LV_62,25
10010124903201A,P2416,C,2026,A_LV_70,25
10010124903201A,P2416,C,2026,A_LV_82,25
10010124903201A,P2416,C,2026,TGAT,25
10010124903201A,P2417,C,2026,A_LV_70,25
10010124903201A,P2417,C,2026,A_LV_81,25
10010124903201A,P2417,C,2026,A_LV_82,25
10010124903201A,P2417,C,2026,TGAT,25
10010124903201A,P2418,C,2026,A_LV_70,25
10010124903201A,P2418,C,2026,A_LV_82,25
10010124903201A,P2418,C,2026,A_LV_83,25
10010124903201A,P2418,C,2026,TGAT,25
10010124903201A,P2419,C,2026,A_LV_70,25
10010124903201A,P2419,C,2026,A_LV_82,25
10010124903201A,P2419,C,2026,A_LV_84,25
10010124903201A,P2419,C,2026,TGAT,25
10010124903201A,P2420,C,2026,A_LV_70,25
10010124903201A,P2420,C,2026,A_LV_82,25
10010124903201A,P2420,C,2026,A_LV_85,25
10010124903201A,P2420,C,2026,TGAT,25
10010124903201A,P2421,C,2026,A_LV_70,25
10010124903201A,P2421,C,2026,A_LV_82,25
10010124903201A,P2421,C,2026,A_LV_86,25
10010124903201A,P2421,C,2026,TGAT,25
10010124903201A,P2422,C,2026,A_LV_70,25
10010124903201A,P2422,C,2026,A_LV_82,25
10010124903201A,P2422,C,2026,A_LV_87,25
10010124903201A,P2422,C,2026,TGAT,25
10010124903201A,P2423,C,2026,A_LV_70,25
10010124903201A,P2423,C,2026,A_LV_82,25
10010124903201A,P2423,C,2026,A_LV_89,25
10010124903201A,P2423,C,2026,TGAT,25
10010124903201A,P2424,D,2026,A_LV_62,20
10010124903201A,P2424,D,2026,A_LV_70,35
10010124903201A,P2424,D,2026,TGAT,45
10010124903201A,P2425,D,2026,A_LV_70,35
10010124903201A,P2425,D,2026,A_LV_82,20
10010124903201A,P2425,D,2026,TGAT,45
10010124903201A,P2426,D,2026,A_LV_70,35
10010124903201A,P2426,D,2026,A_LV_83,20
10010124903201A,P2426,D,2026,TGAT,45
10010124903201A,P2427,D,2026,A_LV_70,35
10010124903201A,P2427,D,2026,A_LV_84,20
10010124903201A,P2427,D,2026,TGAT,45
10010124903201A,P2428,D,2026,A_LV_70,35
10010124903201A,P2428,D,2026,A_LV_85,20
10010124903201A,P2428,D,2026,TGAT,45
10010124903201A,P2429,D,2026,A_LV_70,35
10010124903201A,P2429,D,2026,A_LV_86,20
10010124903201A,P2429,D,2026,TGAT,45
10010124903201A,P2430,D,2026,A_LV_70,35
10010124903201A,P2430,D,2026,A_LV_87,20
10010124903201A,P2430,D,2026,TGAT,45
10010124903201A,P2431,D,2026,A_LV_70,35
10010124903201A,P2431,D,2026,A_LV_89,20
10010124903201A,P2431,D,2026,TGAT,45
10010125400201A,68e365a1f6124a0100313334,,2026,A_LV_61,20
10010125400201A,68e365a1f6124a0100313334,,2026,A_LV_64,20
10010125400201A,68e365a1f6124a0100313334,,2026,A_LV_82,20
10010125400201A,68e365a1f6124a0100313334,,2026,TPAT4,40
10010125400301A,68e365a1f6124a0100313338,,2026,A_LV_61,20
10010125400301A,68e365a1f6124a0100313338,,2026,A_LV_64,20
10010125400301A,68e365a1f6124a0100313338,,2026,A_LV_82,20
10010125400301A,68e365a1f6124a0100313338,,2026,TPAT4,40
10010125400401A,68e365a1f6124a0100313336,,2026,A_LV_61,20
10010125400401A,68e365a1f6124a0100313336,,2026,A_LV_64,20
10010125400401A,68e365a1f6124a0100313336,,2026,A_LV_82,20
10010125400401A,68e365a1f6124a0100313336,,2026,TPAT4,40
10010125400501A,68e365a1f6124a0100313332,,2026,A_LV_61,20
10010125400501A,68e365a1f6124a0100313332,,2026,A_LV_64,20
10010125400501A,68e365a1f6124a0100313332,,2026,A_LV_82,20
10010125400501A,68e365a1f6124a0100313332,,2026,TPAT4,40
10010125400701A,68e365a1f6124a010031333a,,2026,A_LV_61,20
10010125400701A,68e365a1f6124a010031333a,,2026,A_LV_64,20
10010125400701A,68e365a1f6124a010031333a,,2026,A_LV_82,20
10010125400701A,68e365a1f6124a010031333a,,2026,TPAT4,40
10010126610501A,P2603,,2026,A_LV_62,60
10010126610501A,P2603,,2026,TGAT,40
10010126610501A,P2604,,2026,A_LV_61,60
10010126610501A,P2604,,2026,TGAT,40
10010126610801A,P2605,,2026,A_LV_62,60
10010126610801A,P2605,,2026,TGAT,40
10010126610801A,P2606,,2026,A_LV_61,60
10010126610801A,P2606,,2026,TGAT,40
10010126610901A,P2607,A,2026,A_LV_61,60
10010126610901A,P2607,A,2026,TGAT,40
10010126610901A,P2607,B,2026,A_LV_61,60
10010126610901A,P2607,B,2026,TGAT,40
10010126610901A,P2607,C,2026,A_LV_61,60
10010126610901A,P2607,C,2026,TGAT,40
10010127703701A,68e365a1f6124a01003133c0,A,2026,A_LV_81,25
10010127703701A,68e365a1f6124a01003133c0,A,2026,A_LV_82,25
10010127703701A,68e365a1f6124a01003133c0,A,2026,TGAT,20
10010127703701A,68e365a1f6124a01003133c0,A,2026,TPAT5,30
10010127703701A,P2717,B,2026,A_LV_61,25
10010127703701A,P2717,B,2026,A_LV_63,25
10010127703701A,P2717,B,2026,TGAT,20
10010127703701A,P2717,B,2026,TPAT5,30
10010127703701A,P2718,B,2026,A_LV_70,25
10010127703701A,P2718,B,2026,A_LV_81,25
10010127703701A,P2718,B,2026,TGAT,20
10010127703701A,P2718,B,2026,TPAT5,30
10010127703701A,P2719,B,2026,A_LV_62,25
10010127703701A,P2719,B,2026,A_LV_82,25
10010127703701A,P2719,B,2026,TGAT,20
10010127703701A,P2719,B,2026,TPAT5,30
10010127703701A,P2720,C,2026,A_LV_61,55
10010127703701A,P2720,C,2026,TGAT,20
10010127703701A,P2720,C,2026,TPAT5,25
10010127703701A,P2721,C,2026,A_LV_61,10
10010127703701A,P2721,C,2026,A_LV_64,40
10010127703701A,P2721,C,2026,TGAT,20
10010127703701A,P2721,C,2026,TPAT3,20
10010127703701A,P2721,C,2026,TPAT5,10
10010127703701A,P2722,C,2026,A_LV_61,10
10010127703701A,P2722,C,2026,A_LV_65,40
10010127703701A,P2722,C,2026,TGAT,20
10010127703701A,P2722,C,2026,TPAT3,20
10010127703701A,P2722,C,2026,TPAT5,10
10010127703701A,P2723,C,2026,A_LV_61,10
10010127703701A,P2723,C,2026,A_LV_66,40
10010127703701A,P2723,C,2026,TGAT,20
10010127703701A,P2723,C,2026,TPAT3,20
10010127703701A,P2723,C,2026,TPAT5,10
10010127703701A,P2724,C,2026,A_LV_61,10
10010127703701A,P2724,C,2026,A_LV_63,40
10010127703701A,P2724,C,2026,TGAT,20
10010127703701A,P2724,C,2026,TPAT3,20
10010127703701A,P2724,C,2026,TPAT5,10
10010127703701A,P2725,C,2026,A_LV_82,50
10010127703701A,P2725,C,2026,TGAT,25
10010127703701A,P2725,C,2026,TPAT5,25
10010127703701A,P2726,C,2026,A_LV_82,10
10010127703701A,P2726,C,2026,A_LV_87,45
10010127703701A,P2726,C,2026,TGAT,20
10010127703701A,P2726,C,2026,TPAT5,25
10010127703701A,P2727,C,2026,A_LV_70,30
10010127703701A,P2727,C,2026,A_LV_81,10
10010127703701A,P2727,C,2026,A_LV_82,10
10010127703701A,P2727,C,2026,TGAT,20
10010127703701A,P2727,C,2026,TPAT5,30
10010127703701A,P2728,C,2026,A_LV_81,35
10010127703701A,P2728,C,2026,A_LV_82,20
10010127703701A,P2728,C,2026,TGAT,20
10010127703701A,P2728,C,2026,TPAT5,25
10010127703701A,P2729,H,2026,A_LV_61,20
10010127703701A,P2729,H,2026,A_LV_82,25
10010127703701A,P2729,H,2026,TGAT,25
10010127703701A,P2729,H,2026,TPAT5,30
10010127703701A,P2730,H,2026,A_LV_62,25
10010127703701A,P2730,H,2026,A_LV_82,20
10010127703701A,P2730,H,2026,TGAT,25
10010127703701A,P2730,H,2026,TPAT5,30
10010127703701A,P2731,H,2026,A_LV_61,25
10010127703701A,P2731,H,2026,A_LV_82,20
10010127703701A,P2731,H,2026,TGAT,25
10010127703701A,P2731,H,2026,TPAT5,30
10010127703701A,P2732,J,2026,A_LV_70,25
10010127703701A,P2732,J,2026,A_LV_82,25
10010127703701A,P2732,J,2026,TGAT,20
10010127703701A,P2732,J,2026,TPAT5,30
10010127703701A,P2733,J,2026,A_LV_62,25
10010127703701A,P2733,J,2026,A_LV_82,25
10010127703701A,P2733,J,2026,TGAT,20
10010127703701A,P2733,J,2026,TPAT5,30
10010127703701A,P2734,G,2026,A_LV_61,25
10010127703701A,P2734,G,2026,A_LV_70,5
10010127703701A,P2734,G,2026,A_LV_81,5
10010127703701A,P2734,G,2026,A_LV_82,25
10010127703701A,P2734,G,2026,TGAT,20
10010127703701A,P2734,G,2026,TPAT5,20
10010127703701A,P2735,I,2026,A_LV_81,25
10010127703701A,P2735,I,2026,A_LV_82,25
10010127703701A,P2735,I,2026,TGAT,20
10010127703701A,P2735,I,2026,TPAT5,30
10010127703701A,P2736,I,2026,A_LV_70,25
10010127703701A,P2736,I,2026,A_LV_82,25
10010127703701A,P2736,I,2026,TGAT,20
10010127703701A,P2736,I,2026,TPAT5,30
10010127703701A,P2737,I,2026,A_LV_62,25
10010127703701A,P2737,I,2026,A_LV_82,25
10010127703701A,P2737,I,2026,TGAT,20
10010127703701A,P2737,I,2026,TPAT5,30
10010127703701A,P2738,I,2026,A_LV_63,25
10010127703701A,P2738,I,2026,A_LV_82,25
10010127703701A,P2738,I,2026,TGAT,20
10010127703701A,P2738,I,2026,TPAT5,30
10010127703701A,P2739,I,2026,A_LV_81,25
10010127703701A,P2739,I,2026,A_LV_82,25
10010127703701A,P2739,I,2026,TGAT,20
10010127703701A,P2739,I,2026,TPAT5,30
10010127703701A,P2740,I,2026,A_LV_70,25
10010127703701A,P2740,I,2026,A_LV_82,25
10010127703701A,P2740,I,2026,TGAT,20
10010127703701A,P2740,I,2026,TPAT5,30
10010127703701A,P2741,I,2026,A_LV_62,25
10010127703701A,P2741,I,2026,A_LV_82,25
10010127703701A,P2741,I,2026,TGAT,20
10010127703701A,P2741,I,2026,TPAT5,30
10010127703701A,P2742,I,2026,A_LV_63,25
10010127703701A,P2742,I,2026,A_LV_82,25
10010127703701A,P2742,I,2026,TGAT,20
10010127703701A,P2742,I,2026,TPAT5,30
10010128901101A,P2806,,2026,A_LV_61,30
10010128901101A,P2806,,2026,A_LV_70,20
10010128901101A,P2806,,2026,A_LV_81,20
10010128901101A,P2806,,2026,TGAT,30
10010128901101A,P2807,,2026,A_LV_62,30
10010128901101A,P2807,,2026,A_LV_70,20
10010128901101A,P2807,,2026,A_LV_81,20
10010128901101A,P2807,,2026,TGAT,30
10010128901101A,P2808,,2026,A_LV_70,20
10010128901101A,P2808,,2026,A_LV_81,20
10010128901101A,P2808,,2026,A_LV_83,30
10010128901101A,P2808,,2026,TGAT,30
10010128901101A,P2809,,2026,A_LV_70,20
10010128901101A,P2809,,2026,A_LV_81,20
10010128901101A,P2809,,2026,A_LV_84,30
10010128901101A,P2809,,2026,TGAT,30
10010128901101A,P2810,,2026,A_LV_70,20
10010128901101A,P2810,,2026,A_LV_81,20
10010128901101A,P2810,,2026,A_LV_85,30
10010128901101A,P2810,,2026,TGAT,30
10010128901101A,P2811,,2026,A_LV_70,20
10010128901101A,P2811,,2026,A_LV_81,20
10010128901101A,P2811,,2026,A_LV_86,30
10010128901101A,P2811,,2026,TGAT,30
10010128901101A,P2812,,2026,A_LV_70,20
10010128901101A,P2812,,2026,A_LV_81,20
10010128901101A,P2812,,2026,A_LV_87,30
10010128901101A,P2812,,2026,TGAT,30
10010129611101A,68e365a2f6124a0100313426,,2026,A_LV_61,30
10010129611101A,68e365a2f6124a0100313426,,2026,A_LV_70,10
10010129611101A,68e365a2f6124a0100313426,,2026,A_LV_81,10
10010129611101A,68e365a2f6124a0100313426,,2026,A_LV_82,10
10010129611101A,68e365a2f6124a0100313426,,2026,TGAT,40
10010134901001A,P3402,,2026,A_LV_62,20
10010134901001A,P3402,,2026,A_LV_70,20
10010134901001A,P3402,,2026,A_LV_81,20
10010134901001A,P3402,,2026,A_LV_82,20
10010134901001A,P3402,,2026,TGAT,20
10010134901001A,P3403,,2026,A_LV_70,20
10010134901001A,P3403,,2026,A_LV_81,20
10010134901001A,P3403,,2026,A_LV_82,20
10010134901001A,P3403,,2026,A_LV_83,20
10010134901001A,P3403,,2026,TGAT,20
10010134901001A,P3404,,2026,A_LV_70,20
10010134901001A,P3404,,2026,A_LV_81,20
10010134901001A,P3404,,2026,A_LV_82,20
10010134901001A,P3404,,2026,A_LV_84,20
10010134901001A,P3404,,2026,TGAT,20
10010134901001A,P3405,,2026,A_LV_70,20
10010134901001A,P3405,,2026,A_LV_81,20
10010134901001A,P3405,,2026,A_LV_82,20
10010134901001A,P3405,,2026,A_LV_85,20
10010134901001A,P3405,,2026,TGAT,20
10010134901001A,P3406,,2026,A_LV_70,20
10010134901001A,P3406,,2026,A_LV_81,20
10010134901001A,P3406,,2026,A_LV_82,20
10010134901001A,P3406,,2026,A_LV_86,20
10010134901001A,P3406,,2026,TGAT,20
10010134901001A,P3407,,2026,A_LV_70,20
10010134901001A,P3407,,2026,A_LV_81,20
10010134901001A,P3407,,2026,A_LV_82,20
10010134901001A,P3407,,2026,A_LV_87,20
10010134901001A,P3407,,2026,TGAT,20
10010137110101A,68e365a3f6124a01003134a6,,2026,A_LV_64,25
10010137110101A,68e365a3f6124a01003134a6,,2026,A_LV_66,25
10010137110101A,68e365a3f6124a01003134a6,,2026,TGAT,40
10010137111301A,68e365a2f6124a01003134a4,,2026,A_LV_61,10
10010137111301A,68e365a2f6124a01003134a4,,2026,A_LV_65,30
10010137111301A,68e365a2f6124a01003134a4,,2026,A_LV_66,30
10010137111301A,68e365a2f6124a01003134a4,,2026,A_LV_82,10
10010137111301A,68e365a2f6124a01003134a4,,2026,TGAT,20
10010137111801A,68e365a3f6124a01003134a8,,2026,A_LV_61,10
10010137111801A,68e365a3f6124a01003134a8,,2026,A_LV_65,30
10010137111801A,68e365a3f6124a01003134a8,,2026,A_LV_66,30
10010137111801A,68e365a3f6124a01003134a8,,2026,TGAT,30
10010137111901A,68e365a3f6124a01003134aa,,2026,A_LV_61,25
10010137111901A,68e365a3f6124a01003134aa,,2026,A_LV_64,25
10010137111901A,68e365a3f6124a01003134aa,,2026,A_LV_66,25
10010137111901A,68e365a3f6124a01003134aa,,2026,TGAT,25
10010138113101A,P3802,,2026,A_LV_61,25
10010138113101A,P3802,,2026,A_LV_66,25
10010138113101A,P3802,,2026,TGAT,50
10010138113101A,P3803,,2026,A_LV_61,25
10010138113101A,P3803,,2026,A_LV_63,25
10010138113101A,P3803,,2026,TGAT,50
10010138113101A,P3804,,2026,TGAT,100
10010139112001A,68e365a3f6124a01003134d0,,2026,A_LV_62,30
10010139112001A,68e365a3f6124a01003134d0,,2026,A_LV_63,30
10010139112001A,68e365a3f6124a01003134d0,,2026,TGAT,40
10010140900301A,P4003,,2026,A_LV_61,30
10010140900301A,P4003,,2026,A_LV_63,30
10010140900301A,P4003,,2026,TGAT,40
10010140900301A,P4004,,2026,A_LV_62,30
10010140900301A,P4004,,2026,A_LV_63,30
10010140900301A,P4004,,2026,TGAT,40
10010140900301A,P4005,,2026,A_LV_61,20
10010140900301A,P4005,,2026,A_LV_65,20
10010140900301A,P4005,,2026,A_LV_66,20
10010140900301A,P4005,,2026,A_LV_82,20
10010140900301A,P4005,,2026,TGAT,20
10020101111802A,C2800,,2026,TGAT,40
10020101111802A,C2800,,2026,TPAT3,60
10020101500101A,C2800,,2026,TGAT,40
10020101500101A,C2800,,2026,TPAT3,60
10020101500201A,C2800,,2026,TGAT,40
10020101500201A,C2800,,2026,TPAT3,60
10020101500202A,C2800,,2026,TGAT,40
10020101500202A,C2800,,2026,TPAT3,60
10020101500203A,C2800,,2026,TGAT,40
10020101500203A,C2800,,2026,TPAT3,60
10020101500204A,C2800,,2026,TGAT,40
10020101500204A,C2800,,2026,TPAT3,60
10020101500205A,C2800,,2026,TGAT,40
10020101500205A,C2800,,2026,TPAT3,60
10020101500205E,C2800,,2026,A_LV_65,20
10020101500205E,C2800,,2026,A_LV_66,20
10020101500205E,C2800,,2026,A_LV_82,30
10020101500205E,C2800,,2026,TGAT1,30
10020101500301A,C2800,,2026,TGAT,40
10020101500301A,C2800,,2026,TPAT3,60
10020102500601A,C2800,,2026,A_LV_61,20
10020102500601A,C2800,,2026,A_LV_65,25
10020102500601A,C2800,,2026,A_LV_66,25
10020102500601A,C2800,,2026,TGAT,30
10020103501001A,C2800,,2026,TGAT,50
10020103501001A,C2800,,2026,TPAT3,50
10020104210301A,C2800,,2026,TGAT,30
10020104210301A,C2800,,2026,TPAT3,70
10020104210401A,C2800,,2026,TGAT,30
10020104210401A,C2800,,2026,TPAT3,70
10020104210402E,C2800,,2026,TGAT,20
10020104210402E,C2800,,2026,TGAT1,30
10020104210402E,C2800,,2026,TPAT3,50
10020104210404A,C2800,,2026,TGAT,30
10020104210404A,C2800,,2026,TPAT3,70
10020104210501A,C2800,,2026,TGAT,30
10020104210501A,C2800,,2026,TPAT3,70
10020104210601A,C2800,,2026,A_LV_65,10
10020104210601A,C2800,,2026,A_LV_66,10
10020104210601A,C2800,,2026,TGAT,40
10020104210601A,C2800,,2026,TPAT3,40
10020104210701A,C2800,,2026,A_LV_66,40
10020104210701A,C2800,,2026,TGAT,30
10020104210701A,C2800,,2026,TPAT3,30
10020104210701A,C2800,C,2026,A_LV_66,40
10020104210701A,C2800,C,2026,TGAT,30
10020104210701A,C2800,C,2026,TPAT3,30
10020104210702A,C2800,,2026,TGAT,30
10020104210702A,C2800,,2026,TPAT3,70
10020104211201E,C2800,,2026,TGAT,50
10020104211201E,C2800,,2026,TPAT3,50
10020104212301A,C2800,,2026,TGAT,30
10020104212301A,C2800,,2026,TPAT3,70
10020104212501A,C2800,,2026,TGAT,40
10020104212501A,C2800,,2026,TPAT3,60
10020104212601A,C2800,,2026,TGAT,50
10020104212601A,C2800,,2026,TPAT3,50
10020104212701A,C2800,,2026,TGAT,40
10020104212701A,C2800,,2026,TPAT3,60
10020104212702A,C2800,,2026,TGAT,30
10020104212702A,C2800,,2026,TPAT3,70
10020104213301A,C2800,,2026,TGAT,50
10020104213301A,C2800,,2026,TPAT3,50
10020104213301B,C2800,,2026,TGAT,40
10020104213301B,C2800,,2026,TPAT3,60
10020104213601E,C2800,,2026,TGAT1,50
10020104213601E,C2800,,2026,TPAT3,50
10020104220201A,C2800,,2026,TGAT1,45
10020104220201A,C2800,,2026,TPAT3,55
10020104220201B,C2800,,2026,TGAT1,60
10020104220201B,C2800,,2026,TPAT3,40
10020105300501A,C2800,,2026,A_LV_61,20
10020105300501A,C2800,,2026,A_LV_64,15
10020105300501A,C2800,,2026,TGAT,20
10020105300501A,C2800,,2026,TPAT3,45
10020105300601A,C2800,,2026,A_LV_61,30
10020105300601A,C2800,,2026,A_LV_64,25
10020105300601A,C2800,,2026,TGAT1,20
10020105300601A,C2800,,2026,TPAT3,25
10020105300601B,C2800,,2026,A_LV_61,30
10020105300601B,C2800,,2026,A_LV_64,25
10020105300601B,C2800,,2026,TGAT1,20
10020105300601B,C2800,,2026,TPAT3,25
10020105300701A,C2800,,2026,A_LV_61,20
10020105300701A,C2800,,2026,A_LV_64,20
10020105300701A,C2800,,2026,TGAT1,20
10020105300701A,C2800,,2026,TGAT2,20
10020105300701A,C2800,,2026,TPAT3,20
10020105300701B,C2800,,2026,A_LV_61,20
10020105300701B,C2800,,2026,A_LV_64,20
10020105300701B,C2800,,2026,TGAT1,20
10020105300701B,C2800,,2026,TGAT2,20
10020105300701B,C2800,,2026,TPAT3,20
10020105300701E,C2800,,2026,A_LV_61,25
10020105300701E,C2800,,2026,A_LV_64,25
10020105300701E,C2800,,2026,TGAT1,20
10020105300701E,C2800,,2026,TPAT3,30
10020105301001E,C2800,,2026,A_LV_61,25
10020105301001E,C2800,,2026,A_LV_64,5
10020105301001E,C2800,,2026,TGAT,20
10020105301001E,C2800,,2026,TPAT3,50
10020105301601A,C2800,,2026,A_LV_61,20
10020105301601A,C2800,,2026,A_LV_64,20
10020105301601A,C2800,,2026,TGAT1,20
10020105301601A,C2800,,2026,TGAT2,20
10020105301601A,C2800,,2026,TPAT3,20
10020105301601B,C2800,,2026,A_LV_61,20
10020105301601B,C2800,,2026,A_LV_64,20
10020105301601B,C2800,,2026,TGAT1,20
10020105301601B,C2800,,2026,TGAT2,20
10020105301601B,C2800,,2026,TPAT3,20
10020105301601D,C2800,,2026,A_LV_61,25
10020105301601D,C2800,,2026,A_LV_64,15
10020105301601D,C2800,,2026,TGAT1,20
10020105301601D,C2800,,2026,TGAT2,15
10020105301601D,C2800,,2026,TPAT3,25
10020105301901A,C2800,,2026,A_LV_61,20
10020105301901A,C2800,,2026,A_LV_64,20
10020105301901A,C2800,,2026,TGAT1,20
10020105301901A,C2800,,2026,TGAT2,20
10020105301901A,C2800,,2026,TPAT3,20
10020105301901B,C2800,,2026,A_LV_61,20
10020105301901B,C2800,,2026,A_LV_64,20
10020105301901B,C2800,,2026,TGAT1,20
10020105301901B,C2800,,2026,TGAT2,20
10020105301901B,C2800,,2026,TPAT3,20
10020105301902E,C2800,,2026,A_LV_61,25
10020105301902E,C2800,,2026,A_LV_64,25
10020105301902E,C2800,,2026,TGAT1,20
10020105301902E,C2800,,2026,TPAT3,30
10020105302101A,C2800,,2026,A_LV_61,20
10020105302101A,C2800,,2026,A_LV_64,20
10020105302101A,C2800,,2026,TGAT1,20
10020105302101A,C2800,,2026,TGAT2,20
10020105302101A,C2800,,2026,TPAT3,20
10020105302101D,C2800,,2026,A_LV_61,20
10020105302101D,C2800,,2026,A_LV_64,20
10020105302101D,C2800,,2026,TGAT1,20
10020105302101D,C2800,,2026,TGAT2,20
10020105302101D,C2800,,2026,TPAT3,20
10020105302103A,C2800,,2026,A_LV_61,20
10020105302103A,C2800,,2026,A_LV_64,20
10020105302103A,C2800,,2026,TGAT1,20
10020105302103A,C2800,,2026,TGAT2,20
10020105302103A,C2800,,2026,TPAT3,20
10020105302501A,C2800,,2026,A_LV_61,25
10020105302501A,C2800,,2026,A_LV_64,25
10020105302501A,C2800,,2026,A_LV_65,15
10020105302501A,C2800,,2026,TPAT3,35
10020105302501B,C2801,,2026,A_LV_61,20
10020105302501B,C2801,,2026,A_LV_64,20
10020105302501B,C2801,,2026,TGAT,30
10020105302501B,C2801,,2026,TPAT3,30
10020105302501B,C2802,,2026,A_LV_61,20
10020105302501B,C2802,,2026,A_LV_65,20
10020105302501B,C2802,,2026,TGAT,30
10020105302501B,C2802,,2026,TPAT3,30
10020105302501B,C2803,,2026,A_LV_61,25
10020105302501B,C2803,,2026,A_LV_64,25
10020105302501B,C2803,,2026,A_LV_65,15
10020105302501B,C2803,,2026,TPAT3,35
10020105302701B,C2800,,2026,A_LV_61,20
10020105302701B,C2800,,2026,A_LV_64,20
10020105302701B,C2800,,2026,TGAT1,20
10020105302701B,C2800,,2026,TGAT2,20
10020105302701B,C2800,,2026,TPAT3,20
10020105302801A,C2800,,2026,A_LV_61,25
10020105302801A,C2800,,2026,A_LV_64,25
10020105302801A,C2800,,2026,TGAT1,25
10020105302801A,C2800,,2026,TPAT3,25
10020105302801D,C2800,,2026,A_LV_61,25
10020105302801D,C2800,,2026,A_LV_64,25
10020105302801D,C2800,,2026,TGAT1,25
10020105302801D,C2800,,2026,TPAT3,25
10020105303201A,C2800,,2026,A_LV_61,25
10020105303201A,C2800,,2026,A_LV_64,25
10020105303201A,C2800,,2026,TGAT,25
10020105303201A,C2800,,2026,TPAT3,25
10020105303201G,C2800,,2026,A_LV_61,25
10020105303201G,C2800,,2026,A_LV_64,25
10020105303201G,C2800,,2026,TGAT1,25
10020105303201G,C2800,,2026,TPAT3,25
10020105303402A,C2800,A,2026,A_LV_61,20
10020105303402A,C2800,A,2026,A_LV_64,20
10020105303402A,C2800,A,2026,TGAT1,20
10020105303402A,C2800,A,2026,TGAT2,20
10020105303402A,C2800,A,2026,TPAT3,20
10020105303402A,C2800,B,2026,A_LV_61,20
10020105303402A,C2800,B,2026,A_LV_64,20
10020105303402A,C2800,B,2026,TGAT1,20
10020105303402A,C2800,B,2026,TGAT2,20
10020105303402A,C2800,B,2026,TPAT3,20
10020105303501A,C2800,,2026,A_LV_61,30
10020105303501A,C2800,,2026,A_LV_64,20
10020105303501A,C2800,,2026,TGAT,20
10020105303501A,C2800,,2026,TPAT3,30
10020105303501B,C2800,,2026,A_LV_61,30
10020105303501B,C2800,,2026,A_LV_64,20
10020105303501B,C2800,,2026,TGAT,20
10020105303501B,C2800,,2026,TPAT3,30
10020105303501D,C2800,,2026,A_LV_61,25
10020105303501D,C2800,,2026,A_LV_64,25
10020105303501D,C2800,,2026,TGAT1,25
10020105303501D,C2800,,2026,TPAT3,25
10020105620202B,C2800,,2026,A_LV_61,30
10020105620202B,C2800,,2026,TGAT1,30
10020105620202B,C2800,,2026,TGAT2,20
10020105620202B,C2800,,2026,TGAT3,20
10020106700301A,C2800,D,2026,A_LV_63,15
10020106700301A,C2800,D,2026,TGAT,45
10020106700301A,C2800,D,2026,TPAT5,40
10020106700301A,C2800,E,2026,A_LV_61,35
10020106700301A,C2800,E,2026,TGAT,30
10020106700301A,C2800,E,2026,TPAT5,35
10020106700301A,C2800,J,2026,A_LV_82,40
10020106700301A,C2800,J,2026,TGAT,40
10020106700301A,C2800,J,2026,TPAT5,20
10020106700301A,C2800,K,2026,A_LV_81,40
10020106700301A,C2800,K,2026,TGAT,30
10020106700301A,C2800,K,2026,TPAT5,30
10020106700301A,C2800,M,2026,A_LV_61,25
10020106700301A,C2800,M,2026,TGAT,35
10020106700301A,C2800,M,2026,TPAT5,40
10020106700301A,C2800,N,2026,A_LV_63,40
10020106700301A,C2800,N,2026,TGAT1,30
10020106700301A,C2800,N,2026,TPAT5,30
10020106700301A,C2804,I,2026,A_LV_61,15
10020106700301A,C2804,I,2026,A_LV_82,15
10020106700301A,C2804,I,2026,TGAT,30
10020106700301A,C2804,I,2026,TPAT5,40
10020106700301A,C2805,I,2026,TPAT5,40
10020106700301A,C2805,I,2026,VNET51,60
10020106702801A,C2800,,2026,TGAT,60
10020106702801A,C2800,,2026,TPAT5,40
10020106702802A,C2800,,2026,TGAT,50
10020106702802A,C2800,,2026,TPAT5,50
10020107611101A,C2800,,2026,A_LV_61,40
10020107611101A,C2800,,2026,TGAT1,20
10020107611101A,C2800,,2026,TGAT2,40
10020107611101B,C2800,,2026,A_LV_61,40
10020107611101B,C2800,,2026,TGAT1,20
10020107611101B,C2800,,2026,TGAT2,40
10020107611101D,C2800,,2026,A_LV_61,25
10020107611101D,C2800,,2026,TGAT1,50
10020107611101D,C2800,,2026,TGAT2,25
10020107611102A,C2800,,2026,A_LV_61,50
10020107611102A,C2800,,2026,TGAT1,20
10020107611102A,C2800,,2026,TGAT2,20
10020107611102A,C2800,,2026,TGAT3,10
10020107611102B,C2806,,2026,A_LV_61,50
10020107611102B,C2806,,2026,TGAT1,20
10020107611102B,C2806,,2026,TGAT2,20
10020107611102B,C2806,,2026,TGAT3,10
10020107611102B,C2807,,2026,A_LV_62,50
10020107611102B,C2807,,2026,TGAT1,20
10020107611102B,C2807,,2026,TGAT2,20
10020107611102B,C2807,,2026,TGAT3,10
10020107611103A,C2808,,2026,A_LV_61,60
10020107611103A,C2808,,2026,TGAT1,20
10020107611103A,C2808,,2026,TGAT2,20
10020107611103A,C2809,,2026,A_LV_62,60
10020107611103A,C2809,,2026,TGAT1,20
10020107611103A,C2809,,2026,TGAT2,20
10020107611103B,C2808,,2026,A_LV_61,50
10020107611103B,C2808,,2026,TGAT1,25
10020107611103B,C2808,,2026,TGAT2,25
10020107611103B,C2809,,2026,A_LV_62,50
10020107611103B,C2809,,2026,TGAT1,25
10020107611103B,C2809,,2026,TGAT2,25
10020107611104E,C2800,,2026,A_LV_61,25
10020107611104E,C2800,,2026,TGAT1,50
10020107611104E,C2800,,2026,TGAT2,25
10020108113101A,C2800,N,2026,A_LV_61,25
10020108113101A,C2800,N,2026,A_LV_66,25
10020108113101A,C2800,N,2026,A_LV_82,25
10020108113101A,C2800,N,2026,TGAT,25
10020108113101A,C2800,O,2026,A_LV_61,25
10020108113101A,C2800,O,2026,A_LV_66,25
10020108113101A,C2800,O,2026,A_LV_82,25
10020108113101A,C2800,O,2026,TGAT,25
10020108113101A,C2800,P,2026,A_LV_61,25
10020108113101A,C2800,P,2026,A_LV_66,25
10020108113101A,C2800,P,2026,A_LV_82,25
10020108113101A,C2800,P,2026,TGAT,25
10020108113101A,C2800,Q,2026,A_LV_61,25
10020108113101A,C2800,Q,2026,A_LV_66,25
10020108113101A,C2800,Q,2026,A_LV_82,25
10020108113101A,C2800,Q,2026,TGAT,25
10020108113101B,C2800,N,2026,A_LV_61,25
10020108113101B,C2800,N,2026,A_LV_66,25
10020108113101B,C2800,N,2026,A_LV_82,25
10020108113101B,C2800,N,2026,TGAT,25
10020108113101B,C2800,O,2026,A_LV_61,25
10020108113101B,C2800,O,2026,A_LV_66,25
10020108113101B,C2800,O,2026,A_LV_82,25
10020108113101B,C2800,O,2026,TGAT,25
10020108113101B,C2800,P,2026,A_LV_61,25
10020108113101B,C2800,P,2026,A_LV_66,25
10020108113101B,C2800,P,2026,A_LV_82,25
10020108113101B,C2800,P,2026,TGAT,25
10020108113101B,C2800,Q,2026,A_LV_61,25
10020108113101B,C2800,Q,2026,A_LV_66,25
10020108113101B,C2800,Q,2026,A_LV_82,25
10020108113101B,C2800,Q,2026,TGAT,25
10020108901001A,C2810,,2026,A_LV_70,20
10020108901001A,C2810,,2026,A_LV_82,20
10020108901001A,C2810,,2026,A_LV_83,25
10020108901001A,C2810,,2026,TGAT,35
10020108901001A,C2811,,2026,A_LV_70,20
10020108901001A,C2811,,2026,A_LV_82,20
10020108901001A,C2811,,2026,A_LV_84,25
10020108901001A,C2811,,2026,TGAT,35
10020108901001A,C2812,,2026,A_LV_70,20
10020108901001A,C2812,,2026,A_LV_82,20
10020108901001A,C2812,,2026,A_LV_85,25
10020108901001A,C2812,,2026,TGAT,35
10020108901001A,C2813,,2026,A_LV_70,20
10020108901001A,C2813,,2026,A_LV_82,20
10020108901001A,C2813,,2026,A_LV_86,25
10020108901001A,C2813,,2026,TGAT,35
10020108901001A,C2814,,2026,A_LV_70,20
10020108901001A,C2814,,2026,A_LV_82,20
10020108901001A,C2814,,2026,A_LV_87,25
10020108901001A,C2814,,2026,TGAT,35
10020108901001A,C2815,,2026,A_LV_61,25
10020108901001A,C2815,,2026,A_LV_70,20
10020108901001A,C2815,,2026,A_LV_82,20
10020108901001A,C2815,,2026,TGAT,35
10020108901001A,C2816,,2026,A_LV_62,25
10020108901001A,C2816,,2026,A_LV_70,20
10020108901001A,C2816,,2026,A_LV_82,20
10020108901001A,C2816,,2026,TGAT,35
10020108901001A,C2817,,2026,A_LV_63,25
10020108901001A,C2817,,2026,A_LV_70,20
10020108901001A,C2817,,2026,A_LV_82,20
10020108901001A,C2817,,2026,TGAT,35
10020108901001A,C2818,,2026,A_LV_70,20
10020108901001A,C2818,,2026,A_LV_81,25
10020108901001A,C2818,,2026,A_LV_82,20
10020108901001A,C2818,,2026,TGAT,35
10020108901001B,C2810,,2026,A_LV_70,20
10020108901001B,C2810,,2026,A_LV_82,20
10020108901001B,C2810,,2026,A_LV_83,25
10020108901001B,C2810,,2026,TGAT,35
10020108901001B,C2811,,2026,A_LV_70,20
10020108901001B,C2811,,2026,A_LV_82,20
10020108901001B,C2811,,2026,A_LV_84,25
10020108901001B,C2811,,2026,TGAT,35
10020108901001B,C2812,,2026,A_LV_70,20
10020108901001B,C2812,,2026,A_LV_82,20
10020108901001B,C2812,,2026,A_LV_85,25
10020108901001B,C2812,,2026,TGAT,35
10020108901001B,C2813,,2026,A_LV_70,20
10020108901001B,C2813,,2026,A_LV_82,20
10020108901001B,C2813,,2026,A_LV_86,25
10020108901001B,C2813,,2026,TGAT,35
10020108901001B,C2814,,2026,A_LV_70,20
10020108901001B,C2814,,2026,A_LV_82,20
10020108901001B,C2814,,2026,A_LV_87,25
10020108901001B,C2814,,2026,TGAT,35
10020108901001B,C2815,,2026,A_LV_61,25
10020108901001B,C2815,,2026,A_LV_70,20
10020108901001B,C2815,,2026,A_LV_82,20
10020108901001B,C2815,,2026,TGAT,35
10020108901001B,C2816,,2026,A_LV_62,25
10020108901001B,C2816,,2026,A_LV_70,20
10020108901001B,C2816,,2026,A_LV_82,20
10020108901001B,C2816,,2026,TGAT,35
10020108901001B,C2817,,2026,A_LV_63,25
10020108901001B,C2817,,2026,A_LV_70,20
10020108901001B,C2817,,2026,A_LV_82,20
10020108901001B,C2817,,2026,TGAT,35
10020108901001B,C2818,,2026,A_LV_70,20
10020108901001B,C2818,,2026,A_LV_81,25
10020108901001B,C2818,,2026,A_LV_82,20
10020108901001B,C2818,,2026,TGAT,35
10020108901401A,C2819,,2026,A_LV_62,25
10020108901401A,C2819,,2026,A_LV_70,25
10020108901401A,C2819,,2026,A_LV_81,25
10020108901401A,C2819,,2026,TGAT,25
10020108901401A,C2820,,2026,A_LV_70,25
10020108901401A,C2820,,2026,A_LV_81,25
10020108901401A,C2820,,2026,TGAT,25
10020108902801B,C2821,,2026,A_LV_70,35
10020108902801B,C2821,,2026,A_LV_81,15
10020108902801B,C2821,,2026,A_LV_84,15
10020108902801B,C2821,,2026,TGAT,35
10020108902801B,C2822,,2026,A_LV_70,35
10020108902801B,C2822,,2026,A_LV_81,15
10020108902801B,C2822,,2026,A_LV_83,15
10020108902801B,C2822,,2026,TGAT,35
10020108902801B,C2823,,2026,A_LV_70,35
10020108902801B,C2823,,2026,A_LV_81,15
10020108902801B,C2823,,2026,A_LV_86,15
10020108902801B,C2823,,2026,TGAT,35
10020108902801B,C2824,,2026,A_LV_70,35
10020108902801B,C2824,,2026,A_LV_81,15
10020108902801B,C2824,,2026,A_LV_85,15
10020108902801B,C2824,,2026,TGAT,35
10020108902801B,C2825,,2026,A_LV_70,35
10020108902801B,C2825,,2026,A_LV_81,15
10020108902801B,C2825,,2026,A_LV_87,15
10020108902801B,C2825,,2026,TGAT,35
10020108902801B,C2826,,2026,A_LV_61,15
10020108902801B,C2826,,2026,A_LV_70,35
10020108902801B,C2826,,2026,A_LV_81,15
10020108902801B,C2826,,2026,TGAT,35
10020108902801B,C2827,,2026,A_LV_62,15
10020108902801B,C2827,,2026,A_LV_70,35
10020108902801B,C2827,,2026,A_LV_81,15
10020108902801B,C2827,,2026,TGAT,35
10020108903001A,C2800,,2026,TGAT,45
10020108903001B,C2800,,2026,TGAT,40
10020108903102A,C2800,,2026,A_LV_62,20
10020108903102A,C2800,,2026,A_LV_70,30
10020108903102A,C2800,,2026,A_LV_82,20
10020108903102A,C2800,,2026,TGAT,30
10020108903102B,C2800,,2026,A_LV_62,20
10020108903102B,C2800,,2026,A_LV_70,30
10020108903102B,C2800,,2026,A_LV_82,20
10020108903102B,C2800,,2026,TGAT,30
10020108903201A,C2800,R,2026,A_LV_62,25
10020108903201A,C2800,R,2026,A_LV_70,30
10020108903201A,C2800,R,2026,A_LV_82,25
10020108903201A,C2800,R,2026,TGAT,20
10020108903201A,C2800,S,2026,A_LV_70,30
10020108903201A,C2800,S,2026,A_LV_82,30
10020108903201A,C2800,S,2026,TGAT,10
10020108903201A,C2800,T,2026,A_LV_62,20
10020108903201A,C2800,T,2026,A_LV_70,30
10020108903201A,C2800,T,2026,A_LV_82,20
10020108903201A,C2800,T,2026,TGAT,30
10020108903201B,C2800,R,2026,A_LV_62,25
10020108903201B,C2800,R,2026,A_LV_70,30
10020108903201B,C2800,R,2026,A_LV_82,25
10020108903201B,C2800,R,2026,TGAT,20
10020108903201B,C2800,S,2026,A_LV_70,30
10020108903201B,C2800,S,2026,A_LV_82,30
10020108903201B,C2800,S,2026,TGAT,10
10020108903201B,C2800,T,2026,A_LV_62,20
10020108903201B,C2800,T,2026,A_LV_70,30
10020108903201B,C2800,T,2026,A_LV_82,20
10020108903201B,C2800,T,2026,TGAT,30
10020108903501A,C2800,,2026,A_LV_70,50
10020108903501A,C2800,,2026,TGAT,50
10020108903501B,C2800,,2026,A_LV_70,50
10020108903501B,C2800,,2026,TGAT,50
10020110501101E,C2800,,2026,A_LV_61,20
10020110501101E,C2800,,2026,A_LV_65,30
10020110501101E,C2800,,2026,TGAT,50
10020110501102A,C2800,,2026,A_LV_61,15
10020110501102A,C2800,,2026,A_LV_65,35
10020110501102A,C2800,,2026,TGAT,50
10020110501103A,C2800,,2026,A_LV_61,20
10020110501103A,C2800,,2026,A_LV_65,30
10020110501103A,C2800,,2026,TGAT,50
10020110501104A,C2828,,2026,A_LV_61,20
10020110501104A,C2828,,2026,A_LV_65,20
10020110501104A,C2828,,2026,A_LV_66,25
10020110501104A,C2828,,2026,TGAT,35
10020110501104A,C2829,,2026,A_LV_61,20
10020110501104A,C2829,,2026,TGAT,35
10020110501104A,C2829,,2026,TPAT3,45
10020110501105A,C2830,,2026,A_LV_61,15
10020110501105A,C2830,,2026,A_LV_65,30
10020110501105A,C2830,,2026,A_LV_66,15
10020110501105A,C2830,,2026,TGAT,40
10020110501105A,C2831,,2026,A_LV_65,20
10020110501105A,C2831,,2026,TGAT,40
10020110501105A,C2831,,2026,TPAT3,40
10020110501106A,C2832,,2026,A_LV_61,20
10020110501106A,C2832,,2026,A_LV_65,25
10020110501106A,C2832,,2026,A_LV_66,25
10020110501106A,C2832,,2026,TGAT,30
10020110501106A,C2833,,2026,TGAT,50
10020110501106A,C2833,,2026,TPAT3,50
10020110501106B,C2832,,2026,A_LV_61,15
10020110501106B,C2832,,2026,A_LV_65,20
10020110501106B,C2832,,2026,A_LV_66,15
10020110501106B,C2832,,2026,TGAT,50
10020110501106B,C2833,,2026,TGAT,60
10020110501106B,C2833,,2026,TPAT3,40
10020111620103E,C2800,,2026,TGAT1,70
10020111620105A,C2834,,2026,A_LV_82,60
10020111620105A,C2834,,2026,TGAT1,20
10020111620105A,C2835,,2026,A_LV_62,20
10020111620105A,C2835,,2026,A_LV_82,60
10020111620105A,C2835,,2026,TGAT1,20
10020111800201A,C2800,,2026,TPAT22,100
10020111901501A,C2800,,2026,A_LV_70,30
10020111901501A,C2800,,2026,A_LV_81,30
10020111901501A,C2800,,2026,TGAT,40
10020111901701A,C2800,,2026,A_LV_86,60
10020111901701A,C2800,,2026,TGAT,20
10020111901701A,C2800,,2026,TGAT1,20
10020111901701B,C2800,,2026,A_LV_86,35
10020111901701B,C2800,,2026,TGAT,30
10020111901701B,C2800,,2026,TGAT1,35
10020111901801A,C2800,,2026,A_LV_87,60
10020111901801A,C2800,,2026,TGAT,20
10020111901801A,C2800,,2026,TGAT1,20
10020111901802B,C2800,,2026,TGAT,50
10020111901802B,C2800,,2026,TGAT1,50
10020111901901A,C2800,,2026,A_LV_85,60
10020111901901A,C2800,,2026,TGAT,20
10020111901901A,C2800,,2026,TGAT1,20
10020111901901B,C2800,,2026,A_LV_85,50
10020111901901B,C2800,,2026,TGAT,25
10020111901901B,C2800,,2026,TGAT1,25
10020111902001A,C2800,,2026,A_LV_70,10
10020111902001A,C2800,,2026,A_LV_81,50
10020111902001A,C2800,,2026,TGAT,20
10020111902001A,C2800,,2026,TGAT1,20
10020111902403A,C2800,A,2026,A_LV_70,10
10020111902403A,C2800,A,2026,A_LV_81,10
10020111902403A,C2800,A,2026,A_LV_82,20
10020111902403A,C2800,A,2026,A_LV_83,60
10020111902403A,C2800,B,2026,A_LV_70,10
10020111902403A,C2800,B,2026,A_LV_81,10
10020111902403A,C2800,B,2026,A_LV_82,30
10020111902403A,C2800,B,2026,A_LV_84,50
10020111902403A,C2800,C,2026,A_LV_70,20
10020111902403A,C2800,C,2026,A_LV_81,20
10020111902403A,C2800,C,2026,A_LV_82,30
10020111902403A,C2800,C,2026,A_LV_89,30
10020111902501A,C2800,,2026,A_LV_70,10
10020111902501A,C2800,,2026,A_LV_81,10
10020111902501A,C2800,,2026,A_LV_82,50
10020111902501A,C2800,,2026,TGAT1,30
10020111902501B,C2800,,2026,A_LV_70,10
10020111902501B,C2800,,2026,A_LV_81,10
10020111902501B,C2800,,2026,A_LV_82,50
10020111902501B,C2800,,2026,TGAT1,30
10020111903301A,C2800,A,2026,A_LV_81,50
10020111903301A,C2800,A,2026,A_LV_82,50
10020111903301A,C2800,B,2026,A_LV_82,100
10020111903801A,C2800,,2026,A_LV_70,25
10020111903801A,C2800,,2026,A_LV_81,25
10020111903801A,C2800,,2026,TGAT,25
10020111903801A,C2800,,2026,TGAT1,25
10020111904301A,C2800,,2026,A_LV_81,25
10020111904301A,C2800,,2026,A_LV_82,25
10020111904301A,C2800,,2026,TGAT2,25
10020112610101A,C2800,,2026,A_LV_62,30
10020112610101A,C2800,,2026,A_LV_82,30
10020112610101A,C2800,,2026,TGAT,40
10020112610201A,C2800,,2026,A_LV_62,30
10020112610201A,C2800,,2026,A_LV_82,30
10020112610201A,C2800,,2026,TGAT,40
10020112610202A,C2800,,2026,A_LV_62,30
10020112610202A,C2800,,2026,A_LV_82,30
10020112610202A,C2800,,2026,TGAT,40
10020112610501A,C2800,,2026,A_LV_62,30
10020112610501A,C2800,,2026,A_LV_82,30
10020112610501A,C2800,,2026,TGAT,40
10020112610501B,C2800,,2026,A_LV_62,30
10020112610501B,C2800,,2026,A_LV_82,30
10020112610501B,C2800,,2026,TGAT,40
10020112610601A,C2800,,2026,A_LV_62,30
10020112610601A,C2800,,2026,A_LV_82,30
10020112610601A,C2800,,2026,TGAT,40
10020113112901A,C2800,,2026,A_LV_65,25
10020113112901A,C2800,,2026,A_LV_66,25
10020113112901A,C2800,,2026,A_LV_82,25
10020113112901A,C2800,,2026,TGAT,25
10020113112901B,C2800,,2026,A_LV_65,25
10020113112901B,C2800,,2026,A_LV_66,25
10020113112901B,C2800,,2026,A_LV_82,25
10020113112901B,C2800,,2026,TGAT,25
10020113112902A,C2800,,2026,A_LV_65,25
10020113112902A,C2800,,2026,A_LV_66,25
10020113112902A,C2800,,2026,A_LV_82,25
10020113112902A,C2800,,2026,TGAT,25
10020113112902B,C2800,,2026,A_LV_65,25
10020113112902B,C2800,,2026,A_LV_66,25
10020113112902B,C2800,,2026,A_LV_82,25
10020113112902B,C2800,,2026,TGAT,25
10020114400201A,C2800,,2026,A_LV_61,20
10020114400201A,C2800,,2026,A_LV_64,20
10020114400201A,C2800,,2026,A_LV_82,20
10020114400301A,C2800,,2026,A_LV_61,20
10020114400301A,C2800,,2026,A_LV_64,20
10020114400301A,C2800,,2026,A_LV_82,20
10020114400301A,C2800,,2026,TPAT4,40
10020114400501A,C2800,,2026,A_LV_61,20
10020114400501A,C2800,,2026,A_LV_64,20
10020114400501A,C2800,,2026,A_LV_82,20
10020114400501A,C2800,,2026,TPAT4,40
10020114400502A,C2800,,2026,A_LV_61,25
10020114400502A,C2800,,2026,A_LV_64,25
10020114400502A,C2800,,2026,A_LV_82,10
10020114400502A,C2800,,2026,TPAT4,40
10020115210101A,C2800,,2026,TGAT,50
10020115210101A,C2800,,2026,TPAT3,50
10020115210102A,C2800,,2026,TGAT,50
10020115210102A,C2800,,2026,TPAT3,50
10020116210103A,C2836,,2026,A_LV_62,30
10020116210103A,C2836,,2026,A_LV_63,30
10020116210103A,C2836,,2026,TGAT,40
10020116210103A,C2837,,2026,TGAT,50
10020116210103A,C2837,,2026,TPAT3,50
10020117302102A,C2800,,2026,A_LV_61,20
10020117302102A,C2800,,2026,A_LV_64,20
10020117302102A,C2800,,2026,TGAT1,20
10020117302102A,C2800,,2026,TPAT3,40
10020136111701A,C2800,,2026,A_LV_61,25
10020136111701A,C2800,,2026,A_LV_66,25
10020136111701A,C2800,,2026,A_LV_82,25
10020136111701A,C2800,,2026,TGAT,25
10020137130101A,C2800,,2026,A_LV_61,20
10020137130101A,C2800,,2026,A_LV_64,13
10020137130101A,C2800,,2026,A_LV_65,14
10020137130101A,C2800,,2026,A_LV_66,13
10020137130101A,C2800,,2026,A_LV_82,20
10020137130101A,C2800,,2026,TGAT,20
10020202500601A,C2800,A,2026,A_LV_61,20
10020202500601A,C2800,A,2026,A_LV_65,25
10020202500601A,C2800,A,2026,A_LV_66,25
10020202500601A,C2800,A,2026,TGAT,30
10020215210102A,C2800,,2026,TGAT,50
10020215210102A,C2800,,2026,TPAT3,50
10020219500102A,C2840,,2026,TGAT1,40
10020219500102A,C2840,,2026,TPAT3,60
10020219500102A,C2841,,2026,A_LV_61,35
10020219500102A,C2841,,2026,A_LV_64,35
10020219500102A,C2841,,2026,A_LV_82,30
10020219500201A,C2842,,2026,TGAT1,40
10020219500201A,C2842,,2026,TPAT3,60
10020219500201A,C2843,,2026,A_LV_65,30
10020219500201A,C2843,,2026,A_LV_66,30
10020219500201A,C2843,,2026,TGAT1,40
10020219500201A,C2844,,2026,A_LV_63,60
10020219500201A,C2844,,2026,TGAT1,40
10020219500401A,C2842,,2026,TGAT1,40
10020219500401A,C2842,,2026,TPAT3,60
10020219500401A,C2843,,2026,A_LV_65,30
10020219500401A,C2843,,2026,A_LV_66,40
10020219500401A,C2843,,2026,TGAT1,30
10020219500401A,C2844,,2026,A_LV_63,60
10020219500401A,C2844,,2026,TGAT1,40
10020219501201A,C2845,,2026,TGAT1,40
10020219501201A,C2845,,2026,TPAT3,60
10020219501201A,C2846,,2026,A_LV_61,30
10020219501201A,C2846,,2026,A_LV_63,30
10020219501201A,C2846,,2026,TGAT1,40
10020220300501A,C2800,,2026,A_LV_61,20
10020220300501A,C2800,,2026,A_LV_64,20
10020220300501A,C2800,,2026,TGAT,20
10020220300501A,C2800,,2026,TPAT3,40
10020220300701A,C2800,,2026,A_LV_61,25
10020220300701A,C2800,,2026,A_LV_64,25
10020220300701A,C2800,,2026,TGAT,20
10020220300701A,C2800,,2026,TPAT3,30
10020220300701B,C2800,,2026,A_LV_61,25
10020220300701B,C2800,,2026,A_LV_64,25
10020220300701B,C2800,,2026,TGAT,20
10020220300701B,C2800,,2026,TPAT3,30
10020220300702A,C2800,,2026,A_LV_61,25
10020220300702A,C2800,,2026,A_LV_64,25
10020220300702A,C2800,,2026,TGAT,20
10020220300702A,C2800,,2026,TPAT3,30
10020220302102A,C2800,,2026,TGAT,40
10020220302102A,C2800,,2026,TPAT3,60
10020220302103A,C2800,,2026,A_LV_61,25
10020220302103A,C2800,,2026,A_LV_64,25
10020220302103A,C2800,,2026,TGAT,30
10020220302103A,C2800,,2026,TPAT3,20
10020220302103B,C2800,,2026,A_LV_61,25
10020220302103B,C2800,,2026,A_LV_64,25
10020220302103B,C2800,,2026,TGAT,30
10020220302103B,C2800,,2026,TPAT3,20
10020220303301A,C2800,,2026,A_LV_61,30
10020220303301A,C2800,,2026,A_LV_64,20
10020220303301A,C2800,,2026,TGAT,20
10020220303301A,C2800,,2026,TPAT3,30
10020220303503A,C2800,,2026,A_LV_61,25
10020220303503A,C2800,,2026,A_LV_64,20
10020220303503A,C2800,,2026,TGAT,25
10020220303503A,C2800,,2026,TPAT3,30
10020220303601A,C2800,,2026,A_LV_61,25
10020220303601A,C2800,,2026,A_LV_64,25
10020220303601A,C2800,,2026,TGAT,20
10020220303601A,C2800,,2026,TPAT3,30
10020221500201A,C2800,,2026,TGAT,100
10020221700401A,C2800,D,2026,TGAT,40
10020221700401A,C2800,D,2026,TPAT5,60
10020221700401A,C2800,E,2026,A_LV_82,30
10020221700401A,C2800,E,2026,TGAT1,30
10020221700401A,C2800,E,2026,TGAT2,10
10020221700401A,C2800,E,2026,TGAT3,10
10020221700401A,C2800,E,2026,TPAT5,20
10020221700401A,C2800,F,2026,A_LV_61,40
10020221700401A,C2800,F,2026,TGAT1,20
10020221700401A,C2800,F,2026,TGAT2,10
10020221700401A,C2800,F,2026,TGAT3,5
10020221700401A,C2800,F,2026,TPAT5,25
10020221700401A,C2800,G,2026,A_LV_63,40
10020221700401A,C2800,G,2026,TGAT2,40
10020221700401A,C2800,G,2026,TPAT5,20
10020221700401A,C2800,I,2026,TGAT,70
10020221700401A,C2800,I,2026,TPAT5,30
10020222210302A,C2800,,2026,A_LV_61,40
10020222210302A,C2800,,2026,TGAT1,30
10020222210302A,C2800,,2026,TGAT2,30
10020222210401A,C2800,,2026,A_LV_61,20
10020222210401A,C2800,,2026,A_LV_64,20
10020222210401A,C2800,,2026,A_LV_65,40
10020222210401A,C2800,,2026,TGAT,20
10020222210501A,C2800,,2026,A_LV_61,15
10020222210501A,C2800,,2026,A_LV_65,30
10020222210501A,C2800,,2026,A_LV_66,40
10020222210501A,C2800,,2026,TGAT,15
10020222210703A,C2800,,2026,A_LV_61,10
10020222210703A,C2800,,2026,A_LV_65,30
10020222210703A,C2800,,2026,A_LV_66,50
10020222210703A,C2800,,2026,TGAT,10
10020222212502A,C2800,,2026,TGAT,100
10020222212701A,C2800,,2026,TGAT,100
10020222220101A,C2800,,2026,A_LV_61,25
10020222220101A,C2800,,2026,A_LV_81,25
10020222220101A,C2800,,2026,TGAT,50
10020222220101B,C2800,,2026,A_LV_61,25
10020222220101B,C2800,,2026,A_LV_81,25
10020222220101B,C2800,,2026,TGAT,50
10020222220201A,C2800,,2026,A_LV_61,50
10020222220201A,C2800,,2026,TGAT,30
10020222220201A,C2800,,2026,TGAT1,20
10020222220201B,C2800,,2026,A_LV_61,50
10020222220201B,C2800,,2026,TGAT,30
10020222220201B,C2800,,2026,TGAT1,20
10020222610201A,C2800,,2026,TGAT1,50
10020222610201A,C2800,,2026,TGAT2,50
10020222610201B,C2800,,2026,TGAT1,50
10020222610201B,C2800,,2026,TGAT2,50
10020222610502A,C2800,,2026,A_LV_82,25
10020222610502A,C2800,,2026,TGAT,75
10020222610502B,C2800,,2026,A_LV_82,25
10020222610502B,C2800,,2026,TGAT,75
10020222610601A,C2800,,2026,TGAT1,40
10020222610601A,C2800,,2026,TGAT2,40
10020222610601A,C2800,,2026,TGAT3,20
10020222610601B,C2800,,2026,TGAT1,40
10020222610601B,C2800,,2026,TGAT2,40
10020222610601B,C2800,,2026,TGAT3,20
10020222900201A,C2800,,2026,A_LV_70,30
10020222900201A,C2800,,2026,A_LV_81,20
10020222900201A,C2800,,2026,A_LV_82,20
10020222900201A,C2800,,2026,TGAT,30
10020222902501A,C2800,,2026,A_LV_81,20
10020222902501A,C2800,,2026,A_LV_82,50
10020222902501A,C2800,,2026,TGAT1,30
10020222902501B,C2800,,2026,A_LV_81,20
10020222902501B,C2800,,2026,A_LV_82,50
10020222902501B,C2800,,2026,TGAT1,30
10020223112001A,C2800,,2026,A_LV_63,40
10020223112001A,C2800,,2026,TGAT,60
10020223112001B,C2800,,2026,A_LV_63,40
10020223112001B,C2800,,2026,TGAT,60
10020233620101A,C2800,,2026,TGAT2,100
10020233620101B,C2800,,2026,TGAT2,100
10020233620103A,C2800,,2026,TGAT2,60
10020233620103A,C2800,,2026,TGAT3,40
10020233620103B,C2800,,2026,TGAT2,40
10020233620103B,C2800,,2026,TGAT3,60
10020233620104A,C2800,,2026,TGAT1,40
10020233620104A,C2800,,2026,TGAT2,60
10020233620104B,C2800,,2026,TGAT1,40
10020233620104B,C2800,,2026,TGAT2,60
10020233620105A,C2800,,2026,TGAT1,20
10020233620105A,C2800,,2026,TGAT2,80
10020233620105B,C2800,,2026,TGAT1,20
10020233620105B,C2800,,2026,TGAT2,80
10020233620106A,C2800,,2026,TGAT1,30
10020233620106A,C2800,,2026,TGAT2,70
10020233620106B,C2800,,2026,TGAT1,20
10020233620106B,C2800,,2026,TGAT2,80
10020233620201A,C2800,,2026,TGAT1,30
10020233620201A,C2800,,2026,TGAT2,70
10020233620201B,C2800,,2026,TGAT1,20
10020233620201B,C2800,,2026,TGAT2,80
10020233902502A,C2800,,2026,A_LV_82,50
10020233902502A,C2800,,2026,TGAT1,50
10020233902502B,C2800,,2026,A_LV_82,50
10020233902502B,C2800,,2026,TGAT1,50
10020233902503A,C2800,,2026,A_LV_82,50
10020233902503A,C2800,,2026,TGAT1,50
10020324611101A,C2847,,2026,A_LV_61,30
10020324611101A,C2847,,2026,A_LV_82,20
10020324611101A,C2847,,2026,TGAT,50
10020324611101A,C2848,,2026,A_LV_62,30
10020324611101A,C2848,,2026,A_LV_82,20
10020324611101A,C2848,,2026,TGAT,50
10020324611101B,C2847,,2026,A_LV_61,30
10020324611101B,C2847,,2026,A_LV_82,20
10020324611101B,C2847,,2026,TGAT,50
10020324611101B,C2848,,2026,A_LV_62,30
10020324611101B,C2848,,2026,A_LV_82,20
10020324611101B,C2848,,2026,TGAT,50
10020325210201A,C2800,,2026,TGAT,50
10020325210201A,C2800,,2026,TPAT3,50
10020325210202A,C2800,,2026,TGAT,40
10020325210202A,C2800,,2026,TPAT3,60
10020325303801A,C2800,,2026,A_LV_61,35
10020325303801A,C2800,,2026,A_LV_64,35
10020325303801A,C2800,,2026,TPAT3,30
10020325303802A,C2800,,2026,TGAT,40
10020325303802A,C2800,,2026,TPAT3,60
10020326610102A,C2838,,2026,A_LV_61,30
10020326610102A,C2838,,2026,A_LV_82,30
10020326610102A,C2838,,2026,TGAT,40
10020326610102A,C2839,,2026,A_LV_62,30
10020326610102A,C2839,,2026,A_LV_82,30
10020326610102A,C2839,,2026,TGAT,40
10020326610102B,C2838,,2026,A_LV_61,30
10020326610102B,C2838,,2026,A_LV_82,30
10020326610102B,C2838,,2026,TGAT,40
10020326610102B,C2839,,2026,A_LV_62,30
10020326610102B,C2839,,2026,A_LV_82,30
10020326610102B,C2839,,2026,TGAT,40
10020326610201A,C2838,,2026,A_LV_61,30
10020326610201A,C2838,,2026,A_LV_82,30
10020326610201A,C2838,,2026,TGAT,40
10020326610201A,C2839,,2026,A_LV_62,30
10020326610201A,C2839,,2026,A_LV_82,30
10020326610201A,C2839,,2026,TGAT,40
10020326610201B,C2838,,2026,A_LV_61,30
10020326610201B,C2838,,2026,A_LV_82,30
10020326610201B,C2838,,2026,TGAT,40
10020326610201B,C2839,,2026,A_LV_62,30
10020326610201B,C2839,,2026,A_LV_82,30
10020326610201B,C2839,,2026,TGAT,40
10020326610201D,C2838,,2026,A_LV_61,30
10020326610201D,C2838,,2026,A_LV_82,30
10020326610201D,C2838,,2026,TGAT,40
10020326610201D,C2839,,2026,A_LV_62,30
10020326610201D,C2839,,2026,A_LV_82,30
10020326610201D,C2839,,2026,TGAT,40
10020326610502A,C2838,,2026,A_LV_61,30
10020326610502A,C2838,,2026,A_LV_82,30
10020326610502A,C2838,,2026,TGAT,40
10020326610502A,C2839,,2026,A_LV_62,30
10020326610502A,C2839,,2026,A_LV_82,30
10020326610502A,C2839,,2026,TGAT,40
10020326610502B,C2838,,2026,A_LV_61,30
10020326610502B,C2838,,2026,A_LV_82,30
10020326610502B,C2838,,2026,TGAT,40
10020326610502B,C2839,,2026,A_LV_62,30
10020326610502B,C2839,,2026,A_LV_82,30
10020326610502B,C2839,,2026,TGAT,40
10020326610502D,C2838,,2026,A_LV_61,30
10020326610502D,C2838,,2026,A_LV_82,30
10020326610502D,C2838,,2026,TGAT,40
10020326610502D,C2839,,2026,A_LV_62,30
10020326610502D,C2839,,2026,A_LV_82,30
10020326610502D,C2839,,2026,TGAT,40
10020326610602A,C2838,,2026,A_LV_61,30
10020326610602A,C2838,,2026,A_LV_82,30
10020326610602A,C2838,,2026,TGAT,40
10020326610602A,C2839,,2026,A_LV_62,30
10020326610602A,C2839,,2026,A_LV_82,30
10020326610602A,C2839,,2026,TGAT,40
10020326610602B,C2838,,2026,A_LV_61,30
10020326610602B,C2838,,2026,A_LV_82,30
10020326610602B,C2838,,2026,TGAT,40
10020326610602B,C2839,,2026,A_LV_62,30
10020326610602B,C2839,,2026,A_LV_82,30
10020326610602B,C2839,,2026,TGAT,40
10020326610602D,C2838,,2026,A_LV_61,30
10020326610602D,C2838,,2026,A_LV_82,30
10020326610602D,C2838,,2026,TGAT,40
10020326610602D,C2839,,2026,A_LV_62,30
10020326610602D,C2839,,2026,A_LV_82,30
10020326610602D,C2839,,2026,TGAT,40
10020326610802A,C2838,,2026,A_LV_61,30
10020326610802A,C2838,,2026,A_LV_82,30
10020326610802A,C2838,,2026,TGAT,40
10020326610802A,C2839,,2026,A_LV_62,30
10020326610802A,C2839,,2026,A_LV_82,30
10020326610802A,C2839,,2026,TGAT,40
10020326610802B,C2838,,2026,A_LV_61,30
10020326610802B,C2838,,2026,A_LV_82,30
10020326610802B,C2838,,2026,TGAT,40
10020326610802B,C2839,,2026,A_LV_62,30
10020326610802B,C2839,,2026,A_LV_82,30
10020326610802B,C2839,,2026,TGAT,40
10020326610802D,C2838,,2026,A_LV_61,30
10020326610802D,C2838,,2026,A_LV_82,30
10020326610802D,C2838,,2026,TGAT,40
10020326610802D,C2839,,2026,A_LV_62,30
10020326610802D,C2839,,2026,A_LV_82,30
10020326610802D,C2839,,2026,TGAT,40
10020326611001A,C2838,,2026,A_LV_61,30
10020326611001A,C2838,,2026,A_LV_82,30
10020326611001A,C2838,,2026,TGAT,40
10020326611001A,C2839,,2026,A_LV_62,30
10020326611001A,C2839,,2026,A_LV_82,30
10020326611001A,C2839,,2026,TGAT,40
10020326611001B,C2838,,2026,A_LV_61,30
10020326611001B,C2838,,2026,A_LV_82,30
10020326611001B,C2838,,2026,TGAT,40
10020326611001B,C2839,,2026,A_LV_62,30
10020326611001B,C2839,,2026,A_LV_82,30
10020326611001B,C2839,,2026,TGAT,40
10020326611001D,C2838,,2026,A_LV_61,30
10020326611001D,C2838,,2026,A_LV_82,30
10020326611001D,C2838,,2026,TGAT,40
10020326611001D,C2839,,2026,A_LV_62,30
10020326611001D,C2839,,2026,A_LV_82,30
10020326611001D,C2839,,2026,TGAT,40
10020326620102A,C2838,A,2026,A_LV_61,30
10020326620102A,C2838,A,2026,A_LV_82,30
10020326620102A,C2838,A,2026,TGAT,40
10020326620102A,C2838,B,2026,A_LV_61,30
10020326620102A,C2838,B,2026,A_LV_82,30
10020326620102A,C2838,B,2026,TGAT,40
10020326620102A,C2839,A,2026,A_LV_62,30
10020326620102A,C2839,A,2026,A_LV_82,30
10020326620102A,C2839,A,2026,TGAT,40
10020326620102A,C2839,B,2026,A_LV_62,30
10020326620102A,C2839,B,2026,A_LV_82,30
10020326620102A,C2839,B,2026,TGAT,40
10020326620102B,C2838,A,2026,A_LV_61,30
10020326620102B,C2838,A,2026,A_LV_82,30
10020326620102B,C2838,A,2026,TGAT,40
10020326620102B,C2838,B,2026,A_LV_61,30
10020326620102B,C2838,B,2026,A_LV_82,30
10020326620102B,C2838,B,2026,TGAT,40
10020326620102B,C2839,A,2026,A_LV_62,30
10020326620102B,C2839,A,2026,A_LV_82,30
10020326620102B,C2839,A,2026,TGAT,40
10020326620102B,C2839,B,2026,A_LV_62,30
10020326620102B,C2839,B,2026,A_LV_82,30
10020326620102B,C2839,B,2026,TGAT,40
10020326620102D,C2838,A,2026,A_LV_61,30
10020326620102D,C2838,A,2026,A_LV_82,30
10020326620102D,C2838,A,2026,TGAT,40
10020326620102D,C2838,B,2026,A_LV_61,30
10020326620102D,C2838,B,2026,A_LV_82,30
10020326620102D,C2838,B,2026,TGAT,40
10020326620102D,C2839,A,2026,A_LV_62,30
10020326620102D,C2839,A,2026,A_LV_82,30
10020326620102D,C2839,A,2026,TGAT,40
10020326620102D,C2839,B,2026,A_LV_62,30
10020326620102D,C2839,B,2026,A_LV_82,30
10020326620102D,C2839,B,2026,TGAT,40
10020327210303A,C2849,,2026,A_LV_61,40
10020327210303A,C2849,,2026,TGAT,60
10020327210303A,C2850,,2026,TGAT,60
10020327210303A,C2850,,2026,TPAT3,40
10020327210401A,C2851,,2026,A_LV_61,45
10020327210401A,C2851,,2026,TGAT,10
10020327210401A,C2851,,2026,TPAT3,45
10020327210401A,C2852,,2026,A_LV_65,50
10020327210401A,C2852,,2026,TGAT,10
10020327210401A,C2852,,2026,TPAT3,40
10020327212701A,C2853,,2026,A_LV_64,40
10020327212701A,C2853,,2026,TGAT,60
10020327212701A,C2854,,2026,TGAT,60
10020327212701A,C2854,,2026,TPAT3,40
10020327213501A,C2800,,2026,TGAT,30
10020327213501A,C2800,,2026,TPAT3,70
10020327220101A,C2800,,2026,TGAT,20
10020327220101A,C2800,,2026,TPAT3,80
10020327220101B,C2800,,2026,TGAT,20
10020327220101B,C2800,,2026,TPAT3,80
10020327220201A,C2855,,2026,A_LV_62,30
10020327220201A,C2855,,2026,TGAT,70
10020327220201A,C2856,,2026,TGAT,20
10020327220201A,C2856,,2026,TPAT3,80
10020327220201B,C2855,,2026,A_LV_62,20
10020327220201B,C2855,,2026,TGAT,80
10020327220201B,C2856,,2026,TGAT,30
10020327220201B,C2856,,2026,TPAT3,70
10020328300502A,C2800,,2026,A_LV_61,40
10020328300502A,C2800,,2026,A_LV_64,40
10020328300502A,C2800,,2026,TGAT,10
10020328300502A,C2800,,2026,TPAT3,10
10020328300702A,C2800,,2026,A_LV_61,25
10020328300702A,C2800,,2026,A_LV_64,25
10020328300702A,C2800,,2026,TGAT,20
10020328300702A,C2800,,2026,TPAT3,30
10020328301602A,C2800,,2026,A_LV_82,10
10020328301602A,C2800,,2026,TGAT,30
10020328301602A,C2800,,2026,TPAT3,60
10020328302001E,C2800,,2026,TGAT,40
10020328302001E,C2800,,2026,TPAT3,60
10020328302101A,C2800,,2026,A_LV_61,40
10020328302101A,C2800,,2026,TGAT,20
10020328302101A,C2800,,2026,TPAT3,40
10020328302901E,C2800,,2026,TGAT,40
10020328302901E,C2800,,2026,TPAT3,60
10020328303401A,C2800,,2026,A_LV_82,10
10020328303401A,C2800,,2026,TGAT,30
10020328303401A,C2800,,2026,TPAT3,60
10020328303502A,C2800,,2026,TGAT,40
10020328303502A,C2800,,2026,TPAT3,60
10020328303504D,C2800,,2026,TGAT,40
10020328303504D,C2800,,2026,TPAT3,60
10020429111801A,C2800,,2026,A_LV_61,40
10020429111801A,C2800,,2026,A_LV_63,40
10020429211001A,C2800,,2026,A_LV_61,40
10020429211001A,C2800,,2026,A_LV_63,40
10020429500201A,C2800,,2026,A_LV_61,40
10020429500201A,C2800,,2026,A_LV_63,40
10020429500202A,C2800,,2026,A_LV_61,40
10020429500202A,C2800,,2026,A_LV_63,40
10020429500601A,C2800,,2026,A_LV_61,40
10020429500601A,C2800,,2026,A_LV_63,40
10020429501201A,C2800,,2026,A_LV_61,40
10020429501201A,C2800,,2026,A_LV_63,40
10020430210403A,C2800,,2026,TGAT,80
10020430220201A,C2800,,2026,TGAT,80
10020430300501A,C2800,,2026,A_LV_61,15
10020430300501A,C2800,,2026,A_LV_64,15
10020430300501A,C2800,,2026,TGAT,35
10020430300501A,C2800,,2026,TPAT3,15
10020430300703A,C2800,,2026,TGAT,80
10020430301601A,C2800,,2026,A_LV_61,15
10020430301601A,C2800,,2026,A_LV_64,15
10020430301601A,C2800,,2026,TGAT,35
10020430301601A,C2800,,2026,TPAT3,15
10020430302101A,C2800,,2026,TGAT,80
10020430302802A,C2800,,2026,TGAT,80
10020430303501A,C2800,,2026,TGAT,80
10020431610101A,C2800,,2026,TGAT,80
10020431610201A,C2800,,2026,TGAT,80
10020431610501A,C2800,,2026,TGAT,80
10020431610601A,C2800,,2026,TGAT,80
10020431620101A,C2800,,2026,TGAT,80
10020431901001A,C2800,,2026,TGAT,80
10020431902501A,C2800,,2026,TGAT,80
10020431903101A,C2800,,2026,TGAT,80
10020432112701A,C2800,,2026,A_LV_61,20
10020432112701A,C2800,,2026,A_LV_65,20
10020432112701A,C2800,,2026,A_LV_66,20
10020432112701A,C2800,,2026,TGAT,20
10020432112702A,C2800,,2026,A_LV_61,20
10020432112702A,C2800,,2026,A_LV_65,20
10020432112702A,C2800,,2026,A_LV_66,20
10020432112702A,C2800,,2026,TGAT,20
10020432112703A,C2800,,2026,A_LV_61,20
10020432112703A,C2800,,2026,A_LV_65,20
10020432112703A,C2800,,2026,A_LV_66,20
10020432112703A,C2800,,2026,TGAT,20
10020535620101A,C2800,,2026,TGAT2,100
10020535620102A,C2800,B,2026,TGAT2,100
10020535620102A,C2800,C,2026,TGAT2,100
10050102610501A,68f7478d27b76be0eb0984fb,,2026,A_LV_61,50
10050102610501A,68f7478d27b76be0eb0984fb,,2026,A_LV_82,50
10050102610801A,68f7478d27b76be0eb0984fd,,2026,A_LV_61,50
10050102610801A,68f7478d27b76be0eb0984fd,,2026,A_LV_82,50
10050103903201E,68f7478d27b76be0eb09850e,,2026,TU006,100
10050105903701B,68f7478d27b76be0eb09851e,,2026,TGAT,100
10050105903701E,68f7478d27b76be0eb098520,,2026,A_LV_82,40
10050105903701E,68f7478d27b76be0eb098520,,2026,TGAT,60
10050106902401B,68f7478e27b76be0eb09855a,,2026,A_LV_70,25
10050106902401B,68f7478e27b76be0eb09855a,,2026,A_LV_81,25
10050106902401B,68f7478e27b76be0eb09855a,,2026,TGAT1,25
10050106902401B,68f7478e27b76be0eb09855a,,2026,TGAT2,25
10050106902401B,T3044,,2026,A_LV_70,25
10050106902401B,T3044,,2026,A_LV_81,25
10050106902401B,T3044,,2026,TGAT1,25
10050106902401B,T3044,,2026,TGAT2,25
10050106902801B,68f7478e27b76be0eb09855e,,2026,A_LV_70,25
10050106902801B,68f7478e27b76be0eb09855e,,2026,A_LV_81,25
10050106902801B,68f7478e27b76be0eb09855e,,2026,TGAT1,25
10050106902801B,68f7478e27b76be0eb09855e,,2026,TGAT2,25
10050106902801B,T3045,,2026,A_LV_70,25
10050106902801B,T3045,,2026,A_LV_81,25
10050106902801B,T3045,,2026,TGAT1,25
10050106902801B,T3045,,2026,TGAT2,25
10050106904301B,68f7478e27b76be0eb098562,,2026,A_LV_70,20
10050106904301B,68f7478e27b76be0eb098562,,2026,A_LV_81,30
10050106904301B,68f7478e27b76be0eb098562,,2026,A_LV_82,50
10050106904301B,T3046,,2026,A_LV_70,20
10050106904301B,T3046,,2026,A_LV_81,30
10050106904301B,T3046,,2026,A_LV_82,50
10050123210801B,68f7478e27b76be0eb098634,,2026,A_LV_62,40
10050123210801B,68f7478e27b76be0eb098634,,2026,A_LV_82,20
10050123210801B,68f7478e27b76be0eb098634,,2026,TGAT,40
10050123904001B,68f7478e27b76be0eb098632,,2026,A_LV_62,20
10050123904001B,68f7478e27b76be0eb098632,,2026,A_LV_70,20
10050123904001B,68f7478e27b76be0eb098632,,2026,A_LV_81,20
10050123904001B,68f7478e27b76be0eb098632,,2026,A_LV_82,20
10050123904001B,68f7478e27b76be0eb098632,,2026,TGAT,20
10050124903601B,68f7478e27b76be0eb098636,,2026,A_LV_62,30
10050124903601B,68f7478e27b76be0eb098636,,2026,A_LV_70,35
10050124903601B,68f7478e27b76be0eb098636,,2026,A_LV_82,35
10050127902601E,68f7478e27b76be0eb098648,,2026,A_LV_70,15
10050127902601E,68f7478e27b76be0eb098648,,2026,A_LV_81,15
10050127902601E,68f7478e27b76be0eb098648,,2026,A_LV_82,30
10050127902601E,68f7478e27b76be0eb098648,,2026,TGAT,40
10050127902801E,68f7478e27b76be0eb098646,,2026,A_LV_70,15
10050127902801E,68f7478e27b76be0eb098646,,2026,A_LV_81,15
10050127902801E,68f7478e27b76be0eb098646,,2026,A_LV_82,30
10050127902801E,68f7478e27b76be0eb098646,,2026,TGAT,40
10050201901001A,T3005,,2026,A_LV_61,20
10050201901001A,T3005,,2026,A_LV_70,10
10050201901001A,T3005,,2026,A_LV_81,10
10050201901001A,T3005,,2026,A_LV_82,10
10050201901001A,T3005,,2026,TGAT,50
10050201901001A,T3006,,2026,A_LV_70,10
10050201901001A,T3006,,2026,A_LV_81,10
10050201901001A,T3006,,2026,A_LV_82,10
10050201901001A,T3006,,2026,A_LV_87,20
10050201901001A,T3006,,2026,TGAT,50
10050201901001A,T3007,,2026,A_LV_70,10
10050201901001A,T3007,,2026,A_LV_81,10
10050201901001A,T3007,,2026,A_LV_82,10
10050201901001A,T3007,,2026,A_LV_85,20
10050201901001A,T3007,,2026,TGAT,50
10050201901001A,T3008,,2026,A_LV_70,10
10050201901001A,T3008,,2026,A_LV_81,10
10050201901001A,T3008,,2026,A_LV_82,10
10050201901001A,T3008,,2026,A_LV_83,20
10050201901001A,T3008,,2026,TGAT,50
10050201901001A,T3009,,2026,A_LV_70,10
10050201901001A,T3009,,2026,A_LV_81,10
10050201901001A,T3009,,2026,A_LV_82,10
10050201901001A,T3009,,2026,A_LV_84,20
10050201901001A,T3009,,2026,TGAT,50
10050201901001A,T3034,,2026,A_LV_62,20
10050201901001A,T3034,,2026,A_LV_70,10
10050201901001A,T3034,,2026,A_LV_81,10
10050201901001A,T3034,,2026,A_LV_82,10
10050201901001A,T3034,,2026,TGAT,50
10050201901001A,T3035,,2026,A_LV_70,10
10050201901001A,T3035,,2026,A_LV_81,10
10050201901001A,T3035,,2026,A_LV_82,10
10050201901001A,T3035,,2026,A_LV_86,20
10050201901001A,T3035,,2026,TGAT,50
10050202610501A,68f7478d27b76be0eb0984f4,,2026,A_LV_61,50
10050202610501A,68f7478d27b76be0eb0984f4,,2026,A_LV_82,50
10050202610801A,68f7478d27b76be0eb0984f7,,2026,A_LV_61,50
10050202610801A,68f7478d27b76be0eb0984f7,,2026,A_LV_82,50
10050203903201A,T3004,A,2026,A_LV_70,25
10050203903201A,T3004,A,2026,A_LV_82,25
10050203903201A,T3004,A,2026,TGAT1,15
10050203903201A,T3004,A,2026,TGAT2,15
10050203903201A,T3004,B,2026,A_LV_70,25
10050203903201A,T3004,B,2026,A_LV_82,25
10050203903201A,T3004,B,2026,TGAT1,15
10050203903201A,T3004,B,2026,TGAT2,15
10050203903201A,T3004,C,2026,A_LV_70,25
10050203903201A,T3004,C,2026,A_LV_82,25
10050203903201A,T3004,C,2026,TGAT1,15
10050203903201A,T3004,C,2026,TGAT2,15
10050203903201A,T3017,A,2026,TGAT1,15
10050203903201A,T3017,A,2026,TGAT2,15
10050203903201A,T3017,A,2026,TU002,70
10050203903201A,T3017,B,2026,TGAT1,15
10050203903201A,T3017,B,2026,TGAT2,15
10050203903201A,T3017,B,2026,TU003,70
10050203903201A,T3017,C,2026,TGAT1,15
10050203903201A,T3017,C,2026,TGAT2,15
10050203903201A,T3017,C,2026,TU004,70
10050204611101A,68f7478d27b76be0eb098513,,2026,A_LV_61,50
10050204611101A,68f7478d27b76be0eb098513,,2026,A_LV_70,15
10050204611101A,68f7478d27b76be0eb098513,,2026,A_LV_81,10
10050204611101A,68f7478d27b76be0eb098513,,2026,A_LV_82,10
10050204611101A,68f7478d27b76be0eb098513,,2026,TGAT1,5
10050204611101A,68f7478d27b76be0eb098513,,2026,TGAT2,10
10050205903701A,T3004,,2026,A_LV_62,15
10050205903701A,T3004,,2026,A_LV_63,15
10050205903701A,T3004,,2026,A_LV_70,15
10050205903701A,T3004,,2026,A_LV_81,15
10050205903701A,T3004,,2026,TGAT,40
10050205903701A,T3012,,2026,TGAT,30
10050205903701A,T3012,,2026,TU005,70
10050206113101A,T3002,,2026,A_LV_70,25
10050206113101A,T3002,,2026,A_LV_81,25
10050206113101A,T3002,,2026,A_LV_82,25
10050206113101A,T3003,,2026,A_LV_61,20
10050206113101A,T3003,,2026,A_LV_66,20
10050206113101A,T3003,,2026,A_LV_70,20
10050206113101A,T3003,,2026,A_LV_81,20
10050206113101A,T3003,,2026,A_LV_82,20
10050206113101A,T3029,,2026,TGAT,100
10050206113101A,T3036,,2026,A_LV_61,20
10050206113101A,T3036,,2026,A_LV_66,20
10050206113101A,T3036,,2026,A_LV_70,20
10050206113101A,T3036,,2026,A_LV_81,20
10050206113101A,T3036,,2026,A_LV_82,20
10050206113101A,T3037,,2026,A_LV_70,25
10050206113101A,T3037,,2026,A_LV_81,25
10050206113101A,T3037,,2026,A_LV_82,25
10050206113101A,T3038,,2026,TGAT,100
10050206900101A,68f7478d27b76be0eb098530,,2026,A_LV_70,25
10050206900101A,68f7478d27b76be0eb098530,,2026,A_LV_81,25
10050206900101A,68f7478d27b76be0eb098530,,2026,A_LV_82,25
10050206900101A,T3040,,2026,A_LV_70,25
10050206900101A,T3040,,2026,A_LV_81,25
10050206900101A,T3040,,2026,A_LV_82,25
10050206901201A,68f7478d27b76be0eb098534,,2026,A_LV_70,25
10050206901201A,68f7478d27b76be0eb098534,,2026,A_LV_81,25
10050206901201A,68f7478d27b76be0eb098534,,2026,A_LV_82,25
10050206901401A,68f7478d27b76be0eb098536,,2026,A_LV_70,25
10050206901401A,68f7478d27b76be0eb098536,,2026,A_LV_81,25
10050206901401A,68f7478d27b76be0eb098536,,2026,A_LV_82,25
10050206901401A,T3041,,2026,A_LV_70,25
10050206901401A,T3041,,2026,A_LV_81,25
10050206901401A,T3041,,2026,A_LV_82,25
10050206901501A,68f7478d27b76be0eb09853a,,2026,A_LV_70,20
10050206901501A,68f7478d27b76be0eb09853a,,2026,A_LV_81,20
10050206901501A,68f7478d27b76be0eb09853a,,2026,A_LV_82,30
10050206901501A,68f7478d27b76be0eb09853a,,2026,TGAT2,30
10050206901801A,68f7478d27b76be0eb09853c,,2026,A_LV_70,10
10050206901801A,68f7478d27b76be0eb09853c,,2026,A_LV_81,15
10050206901801A,68f7478d27b76be0eb09853c,,2026,A_LV_82,15
10050206901801A,68f7478d27b76be0eb09853c,,2026,A_LV_87,60
10050206901801A,T3042,,2026,A_LV_70,10
10050206901801A,T3042,,2026,A_LV_81,15
10050206901801A,T3042,,2026,A_LV_82,15
10050206901801A,T3042,,2026,A_LV_87,60
10050206901901A,T3013,,2026,A_LV_70,25
10050206901901A,T3013,,2026,A_LV_81,25
10050206901901A,T3013,,2026,A_LV_82,25
10050206901901A,T3013,,2026,A_LV_85,25
10050206901901A,T3014,,2026,A_LV_70,25
10050206901901A,T3014,,2026,A_LV_81,25
10050206901901A,T3014,,2026,A_LV_82,25
10050206902001A,68f7478d27b76be0eb098544,,2026,A_LV_70,20
10050206902001A,68f7478d27b76be0eb098544,,2026,A_LV_81,30
10050206902001A,68f7478d27b76be0eb098544,,2026,A_LV_82,20
10050206902001A,68f7478d27b76be0eb098544,,2026,TGAT2,20
10050206902001A,T3043,,2026,A_LV_70,20
10050206902001A,T3043,,2026,A_LV_81,30
10050206902001A,T3043,,2026,A_LV_82,20
10050206902001A,T3043,,2026,TGAT2,20
10050206902401A,68f7478d27b76be0eb098548,,2026,A_LV_70,10
10050206902401A,68f7478d27b76be0eb098548,,2026,A_LV_81,10
10050206902401A,68f7478d27b76be0eb098548,,2026,A_LV_82,10
10050206902401A,68f7478d27b76be0eb098548,,2026,A_LV_83,70
10050206902402A,68f7478d27b76be0eb09854a,,2026,A_LV_84,70
10050206902402A,68f7478d27b76be0eb09854a,,2026,TGAT,30
10050206902403A,68f7478e27b76be0eb09854c,,2026,A_LV_70,25
10050206902403A,68f7478e27b76be0eb09854c,,2026,A_LV_81,25
10050206902403A,68f7478e27b76be0eb09854c,,2026,A_LV_82,25
10050206902404A,68f7478e27b76be0eb09854e,,2026,A_LV_70,25
10050206902404A,68f7478e27b76be0eb09854e,,2026,A_LV_81,25
10050206902404A,68f7478e27b76be0eb09854e,,2026,A_LV_82,25
10050206902404A,T3039,,2026,A_LV_70,25
10050206902404A,T3039,,2026,A_LV_81,25
10050206902404A,T3039,,2026,A_LV_82,25
10050206902501A,68f7478e27b76be0eb098552,,2026,A_LV_70,25
10050206902501A,68f7478e27b76be0eb098552,,2026,A_LV_81,25
10050206902501A,68f7478e27b76be0eb098552,,2026,A_LV_82,50
10050206902501A,T3033,,2026,A_LV_70,25
10050206902501A,T3033,,2026,A_LV_81,25
10050206902501A,T3033,,2026,A_LV_82,50
10050206902502A,68f7478e27b76be0eb098556,,2026,A_LV_70,15
10050206902502A,68f7478e27b76be0eb098556,,2026,A_LV_81,15
10050206902502A,68f7478e27b76be0eb098556,,2026,A_LV_82,70
10050206902502A,T3033,,2026,A_LV_70,15
10050206902502A,T3033,,2026,A_LV_81,15
10050206902502A,T3033,,2026,A_LV_82,70
10050206903001A,68f7478d27b76be0eb09852e,,2026,A_LV_61,20
10050206903001A,68f7478d27b76be0eb09852e,,2026,A_LV_63,20
10050206903001A,68f7478d27b76be0eb09852e,,2026,A_LV_70,20
10050206903001A,68f7478d27b76be0eb09852e,,2026,A_LV_82,20
10050206903001A,68f7478d27b76be0eb09852e,,2026,TGAT2,10
10050206903001A,68f7478d27b76be0eb09852e,,2026,TGAT3,10
10050207903801A,T3015,,2026,A_LV_62,20
10050207903801A,T3015,,2026,A_LV_70,25
10050207903801A,T3015,,2026,A_LV_81,20
10050207903801A,T3015,,2026,A_LV_82,25
10050207903801A,T3015,,2026,TGAT,10
10050207903801A,T3016,,2026,A_LV_70,25
10050207903801A,T3016,,2026,A_LV_81,20
10050207903801A,T3016,,2026,A_LV_82,25
10050207903801A,T3016,,2026,TGAT,10
10050208903501A,68f7478e27b76be0eb09856a,,2026,A_LV_70,25
10050208903501A,68f7478e27b76be0eb09856a,,2026,A_LV_81,25
10050208903501A,68f7478e27b76be0eb09856a,,2026,A_LV_82,25
10050208903501A,68f7478e27b76be0eb09856a,,2026,TGAT,25
10050208903501B,68f7478e27b76be0eb09856c,,2026,A_LV_70,25
10050208903501B,68f7478e27b76be0eb09856c,,2026,A_LV_81,25
10050208903501B,68f7478e27b76be0eb09856c,,2026,A_LV_82,25
10050208903501B,68f7478e27b76be0eb09856c,,2026,TGAT,25
10050209210301A,T3049,,2026,TGAT,40
10050209210301A,T3049,,2026,TPAT3,60
10050209210301A,T3050,,2026,TGAT,40
10050209210301A,T3050,,2026,TPAT3,60
10050209210301A,T3055,,2026,A_LV_61,20
10050209210301A,T3055,,2026,TGAT,40
10050209210301A,T3055,,2026,TPAT3,40
10050209210301A,T3056,,2026,A_LV_61,20
10050209210301A,T3056,,2026,TGAT,40
10050209210301A,T3056,,2026,TPAT3,40
10050209210301B,T3018,,2026,TGAT,40
10050209210301B,T3018,,2026,TPAT3,60
10050209210301B,T3019,,2026,TGAT,40
10050209210301B,T3019,,2026,TPAT3,60
10050209210302A,T3051,,2026,TGAT,30
10050209210302A,T3051,,2026,TPAT3,70
10050209210302A,T3052,,2026,TGAT,30
10050209210302A,T3052,,2026,TPAT3,70
10050209210302A,T3057,,2026,A_LV_61,40
10050209210302A,T3057,,2026,TGAT,30
10050209210302A,T3057,,2026,TPAT3,30
10050209210302A,T3058,,2026,A_LV_61,40
10050209210302A,T3058,,2026,TGAT,30
10050209210302A,T3058,,2026,TPAT3,30
10050209210302B,T3047,,2026,A_LV_62,40
10050209210302B,T3047,,2026,TGAT,30
10050209210302B,T3047,,2026,TPAT3,30
10050209210302B,T3048,,2026,A_LV_62,40
10050209210302B,T3048,,2026,TGAT,30
10050209210302B,T3048,,2026,TPAT3,30
10050209210302B,T3053,,2026,A_LV_61,40
10050209210302B,T3053,,2026,TGAT,30
10050209210302B,T3053,,2026,TPAT3,30
10050209210302B,T3054,,2026,A_LV_61,40
10050209210302B,T3054,,2026,TGAT,30
10050209210302B,T3054,,2026,TPAT3,30
10050209210401A,68f7478e27b76be0eb09857a,,2026,TGAT,30
10050209210401A,68f7478e27b76be0eb09857a,,2026,TPAT3,70
10050209211001A,68f7478e27b76be0eb09858a,,2026,A_LV_61,15
10050209211001A,68f7478e27b76be0eb09858a,,2026,TGAT,35
10050209211001A,68f7478e27b76be0eb09858a,,2026,TPAT3,50
10050209211002A,T3030,,2026,A_LV_61,15
10050209211002A,T3030,,2026,TGAT,40
10050209211002A,T3030,,2026,TPAT3,45
10050209211002A,T3031,,2026,TGAT,45
10050209211002A,T3031,,2026,TPAT3,55
10050209211002A,T3047,,2026,A_LV_61,15
10050209211002A,T3047,,2026,TGAT,40
10050209211002A,T3047,,2026,TPAT3,45
10050209211002A,T3048,,2026,TGAT,45
10050209211002A,T3048,,2026,TPAT3,55
10050209211201A,68f7478e27b76be0eb098580,,2026,TGAT,40
10050209211201A,68f7478e27b76be0eb098580,,2026,TPAT3,60
10050209211401B,68f7478e27b76be0eb098588,,2026,TGAT,40
10050209211401B,68f7478e27b76be0eb098588,,2026,TPAT3,60
10050209211801A,68f7478e27b76be0eb098594,,2026,TGAT,30
10050209211801A,68f7478e27b76be0eb098594,,2026,TPAT3,70
10050209212701A,68f7478e27b76be0eb098596,,2026,TGAT,20
10050209212701A,68f7478e27b76be0eb098596,,2026,TPAT3,80
10050209212702A,T3030,,2026,A_LV_61,35
10050209212702A,T3030,,2026,TGAT,30
10050209212702A,T3030,,2026,TPAT3,35
10050209212702A,T3031,,2026,TGAT,30
10050209212702A,T3031,,2026,TPAT3,70
10050209212801A,68f7478e27b76be0eb09857e,,2026,TGAT,30
10050209212801A,68f7478e27b76be0eb09857e,,2026,TPAT3,70
10050209213101A,68f7478e27b76be0eb098582,,2026,TGAT,40
10050209213101A,68f7478e27b76be0eb098582,,2026,TPAT3,60
10050209213301A,68f7478e27b76be0eb098584,,2026,TGAT,40
10050209213301A,68f7478e27b76be0eb098584,,2026,TPAT3,60
10050209213301B,T3018,,2026,TGAT,40
10050209213301B,T3018,,2026,TPAT3,60
10050209213301B,T3019,,2026,TGAT,40
10050209213301B,T3019,,2026,TPAT3,60
10050209213302B,T3018,,2026,TGAT,50
10050209213302B,T3018,,2026,TPAT3,50
10050209213302B,T3019,,2026,TGAT,50
10050209213302B,T3019,,2026,TPAT3,50
10050209214001A,68f7478e27b76be0eb09857c,,2026,TGAT,30
10050209214001A,68f7478e27b76be0eb09857c,,2026,TPAT3,70
10050209220201A,T3018,,2026,A_LV_61,50
10050209220201A,T3018,,2026,TGAT1,15
10050209220201A,T3018,,2026,TGAT2,15
10050209220201A,T3018,,2026,TGAT3,5
10050209220201A,T3018,,2026,TPAT3,15
10050209220201A,T3019,,2026,A_LV_61,50
10050209220201A,T3019,,2026,TGAT1,15
10050209220201A,T3019,,2026,TGAT2,15
10050209220201A,T3019,,2026,TGAT3,5
10050209220201A,T3019,,2026,TPAT3,15
10050209220201B,T3018,,2026,A_LV_61,50
10050209220201B,T3018,,2026,TGAT1,15
10050209220201B,T3018,,2026,TGAT2,15
10050209220201B,T3018,,2026,TGAT3,5
10050209220201B,T3018,,2026,TPAT3,15
10050209220201B,T3019,,2026,A_LV_61,50
10050209220201B,T3019,,2026,TGAT1,15
10050209220201B,T3019,,2026,TGAT2,15
10050209220201B,T3019,,2026,TGAT3,5
10050209220201B,T3019,,2026,TPAT3,15
10050209220202B,T3018,,2026,A_LV_61,50
10050209220202B,T3018,,2026,TGAT1,15
10050209220202B,T3018,,2026,TGAT2,15
10050209220202B,T3018,,2026,TGAT3,5
10050209220202B,T3018,,2026,TPAT3,15
10050209220202B,T3019,,2026,A_LV_61,50
10050209220202B,T3019,,2026,TGAT1,15
10050209220202B,T3019,,2026,TGAT2,15
10050209220202B,T3019,,2026,TGAT3,5
10050209220202B,T3019,,2026,TPAT3,15
10050209500401A,68f7478e27b76be0eb098586,,2026,TGAT,40
10050209500401A,68f7478e27b76be0eb098586,,2026,TPAT3,60
10050210300003E,68f7478e27b76be0eb0985dc,,2026,A_LV_61,40
10050210300003E,68f7478e27b76be0eb0985dc,,2026,A_LV_64,20
10050210300003E,68f7478e27b76be0eb0985dc,,2026,TGAT,10
10050210300003E,68f7478e27b76be0eb0985dc,,2026,TPAT3,30
10050210300501A,68f7478e27b76be0eb0985c8,,2026,A_LV_61,30
10050210300501A,68f7478e27b76be0eb0985c8,,2026,A_LV_64,20
10050210300501A,68f7478e27b76be0eb0985c8,,2026,TGAT1,10
10050210300501A,68f7478e27b76be0eb0985c8,,2026,TPAT3,40
10050210300601A,68f7478e27b76be0eb0985ca,,2026,A_LV_61,30
10050210300601A,68f7478e27b76be0eb0985ca,,2026,A_LV_64,20
10050210300601A,68f7478e27b76be0eb0985ca,,2026,TGAT1,10
10050210300601A,68f7478e27b76be0eb0985ca,,2026,TPAT3,40
10050210300701A,68f7478e27b76be0eb0985cc,,2026,A_LV_61,30
10050210300701A,68f7478e27b76be0eb0985cc,,2026,A_LV_64,20
10050210300701A,68f7478e27b76be0eb0985cc,,2026,TGAT1,10
10050210300701A,68f7478e27b76be0eb0985cc,,2026,TPAT3,40
10050210301001B,68f7478e27b76be0eb0985d4,,2026,A_LV_61,40
10050210301001B,68f7478e27b76be0eb0985d4,,2026,A_LV_64,20
10050210301001B,68f7478e27b76be0eb0985d4,,2026,TGAT1,10
10050210301001B,68f7478e27b76be0eb0985d4,,2026,TPAT3,30
10050210301601A,68f7478e27b76be0eb0985ce,,2026,A_LV_61,30
10050210301601A,68f7478e27b76be0eb0985ce,,2026,A_LV_64,20
10050210301601A,68f7478e27b76be0eb0985ce,,2026,TGAT1,10
10050210301601A,68f7478e27b76be0eb0985ce,,2026,TPAT3,40
10050210301601B,68f7478e27b76be0eb0985d6,,2026,A_LV_61,40
10050210301601B,68f7478e27b76be0eb0985d6,,2026,A_LV_64,20
10050210301601B,68f7478e27b76be0eb0985d6,,2026,TGAT1,10
10050210301601B,68f7478e27b76be0eb0985d6,,2026,TPAT3,30
10050210302101A,68f7478e27b76be0eb0985d0,,2026,A_LV_61,30
10050210302101A,68f7478e27b76be0eb0985d0,,2026,A_LV_64,20
10050210302101A,68f7478e27b76be0eb0985d0,,2026,TGAT1,10
10050210302101A,68f7478e27b76be0eb0985d0,,2026,TPAT3,40
10050210302101B,68f7478e27b76be0eb0985d8,,2026,A_LV_61,40
10050210302101B,68f7478e27b76be0eb0985d8,,2026,A_LV_64,20
10050210302101B,68f7478e27b76be0eb0985d8,,2026,TGAT1,10
10050210302101B,68f7478e27b76be0eb0985d8,,2026,TPAT3,30
10050210303501A,68f7478e27b76be0eb0985d2,,2026,A_LV_61,30
10050210303501A,68f7478e27b76be0eb0985d2,,2026,A_LV_64,20
10050210303501A,68f7478e27b76be0eb0985d2,,2026,TGAT1,10
10050210303501A,68f7478e27b76be0eb0985d2,,2026,TPAT3,40
10050211110801A,68f7478e27b76be0eb0985de,,2026,A_LV_61,10
10050211110801A,68f7478e27b76be0eb0985de,,2026,A_LV_64,10
10050211110801A,68f7478e27b76be0eb0985de,,2026,A_LV_65,10
10050211110801A,68f7478e27b76be0eb0985de,,2026,A_LV_66,10
10050211110801A,68f7478e27b76be0eb0985de,,2026,A_LV_82,10
10050211110801A,68f7478e27b76be0eb0985de,,2026,TGAT,20
10050211110801A,68f7478e27b76be0eb0985de,,2026,TPAT1,20
10050212110101A,68f7478e27b76be0eb0985e2,,2026,A_LV_64,25
10050212110101A,68f7478e27b76be0eb0985e2,,2026,A_LV_66,25
10050212110101A,68f7478e27b76be0eb0985e2,,2026,A_LV_82,25
10050212110101A,68f7478e27b76be0eb0985e2,,2026,TGAT2,20
10050212111301A,68f7478e27b76be0eb0985e4,,2026,A_LV_61,10
10050212111301A,68f7478e27b76be0eb0985e4,,2026,A_LV_65,30
10050212111301A,68f7478e27b76be0eb0985e4,,2026,A_LV_66,30
10050212111301A,68f7478e27b76be0eb0985e4,,2026,A_LV_82,10
10050212111301A,68f7478e27b76be0eb0985e4,,2026,TGAT,20
10050212111901B,68f7478e27b76be0eb0985e6,,2026,A_LV_61,30
10050212111901B,68f7478e27b76be0eb0985e6,,2026,A_LV_64,30
10050212111901B,68f7478e27b76be0eb0985e6,,2026,A_LV_66,20
10050212111901B,68f7478e27b76be0eb0985e6,,2026,TGAT1,20
10050212112001A,68f7478e27b76be0eb0985e8,,2026,A_LV_61,20
10050212112001A,68f7478e27b76be0eb0985e8,,2026,A_LV_64,20
10050212112001A,68f7478e27b76be0eb0985e8,,2026,A_LV_65,20
10050212112001A,68f7478e27b76be0eb0985e8,,2026,A_LV_66,20
10050212112001A,68f7478e27b76be0eb0985e8,,2026,TGAT,20
10050212112001B,68f7478e27b76be0eb0985ea,,2026,A_LV_70,30
10050212112001B,68f7478e27b76be0eb0985ea,,2026,A_LV_81,30
10050212112001B,68f7478e27b76be0eb0985ea,,2026,TGAT,40
10050212112002B,68f7478e27b76be0eb0985ec,,2026,A_LV_62,20
10050212112002B,68f7478e27b76be0eb0985ec,,2026,A_LV_63,10
10050212112002B,68f7478e27b76be0eb0985ec,,2026,A_LV_82,10
10050212112002B,68f7478e27b76be0eb0985ec,,2026,TGAT,60
10050214111701A,68f7478e27b76be0eb0985ee,,2026,A_LV_62,10
10050214111701A,68f7478e27b76be0eb0985ee,,2026,A_LV_63,20
10050214111701A,68f7478e27b76be0eb0985ee,,2026,A_LV_66,30
10050214111701A,68f7478e27b76be0eb0985ee,,2026,A_LV_82,10
10050214111701A,68f7478e27b76be0eb0985ee,,2026,TGAT,30
10050215800101A,T3011,A,2026,A_LV_62,10
10050215800101A,T3011,A,2026,A_LV_70,10
10050215800101A,T3011,A,2026,A_LV_81,10
10050215800101A,T3011,A,2026,A_LV_82,10
10050215800101A,T3011,A,2026,TGAT,20
10050215800101A,T3011,B,2026,A_LV_62,10
10050215800101A,T3011,B,2026,A_LV_70,10
10050215800101A,T3011,B,2026,A_LV_81,10
10050215800101A,T3011,B,2026,A_LV_82,10
10050215800101A,T3011,B,2026,TGAT,20
10050215800101A,T3012,A,2026,TGAT,30
10050215800101A,T3012,A,2026,TU061,35
10050215800101A,T3012,A,2026,TU062,35
10050215800101A,T3012,B,2026,TGAT,30
10050215800101A,T3012,B,2026,TU071,35
10050215800101A,T3012,B,2026,TU072,35
10050215800501B,68f7478e27b76be0eb0985fa,,2026,TGAT2,70
10050215800501B,68f7478e27b76be0eb0985fa,,2026,TPAT2,30
10050216400301B,68f7478e27b76be0eb098608,,2026,A_LV_61,10
10050216400301B,68f7478e27b76be0eb098608,,2026,A_LV_63,10
10050216400301B,68f7478e27b76be0eb098608,,2026,TGAT,50
10050216400301B,68f7478e27b76be0eb098608,,2026,TPAT4,30
10050216400401B,68f7478e27b76be0eb098606,,2026,A_LV_81,35
10050216400401B,68f7478e27b76be0eb098606,,2026,A_LV_82,35
10050216400401B,68f7478e27b76be0eb098606,,2026,TGAT,30
10050216400501B,68f7478e27b76be0eb098602,,2026,A_LV_61,15
10050216400501B,68f7478e27b76be0eb098602,,2026,A_LV_64,15
10050216400501B,68f7478e27b76be0eb098602,,2026,TGAT,30
10050216400501B,68f7478e27b76be0eb098602,,2026,TPAT4,40
10050216400502B,68f7478e27b76be0eb09860a,,2026,A_LV_61,30
10050216400502B,68f7478e27b76be0eb09860a,,2026,A_LV_63,20
10050216400502B,68f7478e27b76be0eb09860a,,2026,TGAT,30
10050216400502B,68f7478e27b76be0eb09860a,,2026,TPAT4,20
10050216400701B,68f7478e27b76be0eb098604,,2026,A_LV_61,15
10050216400701B,68f7478e27b76be0eb098604,,2026,A_LV_63,15
10050216400701B,68f7478e27b76be0eb098604,,2026,TGAT,30
10050216400701B,68f7478e27b76be0eb098604,,2026,TPAT4,40
10050216610201E,68f7478e27b76be0eb09860c,,2026,A_LV_61,30
10050216610201E,68f7478e27b76be0eb09860c,,2026,A_LV_70,10
10050216610201E,68f7478e27b76be0eb09860c,,2026,A_LV_82,40
10050216610201E,68f7478e27b76be0eb09860c,,2026,TGAT1,10
10050216610201E,68f7478e27b76be0eb09860c,,2026,TGAT2,10
10050217112701A,68f7478e27b76be0eb09860e,,2026,A_LV_64,25
10050217112701A,68f7478e27b76be0eb09860e,,2026,A_LV_65,25
10050217112701A,68f7478e27b76be0eb09860e,,2026,A_LV_66,25
10050217112701A,68f7478e27b76be0eb09860e,,2026,A_LV_82,25
10050217112702A,68f7478e27b76be0eb098610,,2026,A_LV_61,20
10050217112702A,68f7478e27b76be0eb098610,,2026,A_LV_65,25
10050217112702A,68f7478e27b76be0eb098610,,2026,A_LV_66,30
10050217112702A,68f7478e27b76be0eb098610,,2026,A_LV_82,25
10050218130101A,68f7478e27b76be0eb098618,,2026,A_LV_61,20
10050218130101A,68f7478e27b76be0eb098618,,2026,A_LV_82,20
10050218130101A,68f7478e27b76be0eb098618,,2026,TGAT,20
10050219903601A,68f7478e27b76be0eb09861a,,2026,A_LV_70,25
10050219903601A,68f7478e27b76be0eb09861a,,2026,A_LV_81,25
10050219903601A,68f7478e27b76be0eb09861a,,2026,A_LV_82,25
10050219903601A,68f7478e27b76be0eb09861a,,2026,TGAT,25
10050219903601B,T3049,,2026,A_LV_61,20
10050219903601B,T3049,,2026,A_LV_66,20
10050219903601B,T3049,,2026,A_LV_70,20
10050219903601B,T3049,,2026,A_LV_81,20
10050219903601B,T3049,,2026,A_LV_82,20
10050219903601B,T3050,,2026,A_LV_70,25
10050219903601B,T3050,,2026,A_LV_81,25
10050219903601B,T3050,,2026,A_LV_82,25
10050219903601B,T3051,,2026,TGAT,100
10050222300001E,68f7478e27b76be0eb098622,,2026,A_LV_61,35
10050222300001E,68f7478e27b76be0eb098622,,2026,A_LV_64,35
10050222300001E,68f7478e27b76be0eb098622,,2026,TGAT1,30
10050222300501E,68f7478e27b76be0eb098624,,2026,A_LV_61,70
10050222300501E,68f7478e27b76be0eb098624,,2026,TGAT1,30
10050222300601E,68f7478e27b76be0eb09862e,,2026,A_LV_61,35
10050222300601E,68f7478e27b76be0eb09862e,,2026,A_LV_64,35
10050222300601E,68f7478e27b76be0eb09862e,,2026,TGAT1,30
10050222300701E,68f7478e27b76be0eb09862c,,2026,A_LV_61,35
10050222300701E,68f7478e27b76be0eb09862c,,2026,A_LV_64,35
10050222300701E,68f7478e27b76be0eb09862c,,2026,TGAT1,30
10050222301601E,68f7478e27b76be0eb098628,,2026,A_LV_61,35
10050222301601E,68f7478e27b76be0eb098628,,2026,A_LV_64,35
10050222301601E,68f7478e27b76be0eb098628,,2026,TGAT1,30
10050222302101E,68f7478e27b76be0eb09862a,,2026,A_LV_61,35
10050222302101E,68f7478e27b76be0eb09862a,,2026,A_LV_64,35
10050222302101E,68f7478e27b76be0eb09862a,,2026,TGAT1,30
10050222303501E,68f7478e27b76be0eb098630,,2026,A_LV_61,35
10050222303501E,68f7478e27b76be0eb098630,,2026,A_LV_64,35
10050222303501E,68f7478e27b76be0eb098630,,2026,TGAT1,30
10050222610801E,68f7478e27b76be0eb098626,,2026,A_LV_61,70
10050222610801E,68f7478e27b76be0eb098626,,2026,TGAT1,30
10050224213501B,T3052,,2026,A_LV_63,35
10050224213501B,T3052,,2026,A_LV_81,35
10050224213501B,T3052,,2026,A_LV_82,30
10050224213501B,T3053,,2026,TGAT,100
10050224220301B,68f7478e27b76be0eb098638,,2026,A_LV_61,40
10050224220301B,68f7478e27b76be0eb098638,,2026,A_LV_63,20
10050224220301B,68f7478e27b76be0eb098638,,2026,A_LV_82,20
10050224220301B,68f7478e27b76be0eb098638,,2026,TGAT,20
10050224903601B,T3052,,2026,A_LV_70,40
10050224903601B,T3052,,2026,A_LV_81,30
10050224903601B,T3052,,2026,A_LV_82,30
10050224903601B,T3053,,2026,TGAT,100
10050229110501E,68f7478e27b76be0eb09864a,,2026,A_LV_61,20
10050229110501E,68f7478e27b76be0eb09864a,,2026,A_LV_65,30
10050229110501E,68f7478e27b76be0eb09864a,,2026,A_LV_66,30
10050229110501E,68f7478e27b76be0eb09864a,,2026,A_LV_82,20
10050229111501E,68f7478e27b76be0eb09864c,,2026,A_LV_61,20
10050229111501E,68f7478e27b76be0eb09864c,,2026,A_LV_65,30
10050229111501E,68f7478e27b76be0eb09864c,,2026,A_LV_66,30
10050229111501E,68f7478e27b76be0eb09864c,,2026,A_LV_82,20
10050229113001E,68f7478e27b76be0eb09864e,,2026,A_LV_61,20
10050229113001E,68f7478e27b76be0eb09864e,,2026,A_LV_64,20
10050229113001E,68f7478e27b76be0eb09864e,,2026,A_LV_65,20
10050229113001E,68f7478e27b76be0eb09864e,,2026,A_LV_66,20
10050229113001E,68f7478e27b76be0eb09864e,,2026,A_LV_82,20
10050230903601B,T3025,,2026,A_LV_61,20
10050230903601B,T3025,,2026,A_LV_70,20
10050230903601B,T3025,,2026,A_LV_81,20
10050230903601B,T3025,,2026,A_LV_82,20
10050230903601B,T3025,,2026,TGAT,20
10050230903601B,T3026,,2026,A_LV_62,10
10050230903601B,T3026,,2026,A_LV_63,10
10050230903601B,T3026,,2026,A_LV_70,20
10050230903601B,T3026,,2026,A_LV_81,20
10050230903601B,T3026,,2026,A_LV_82,20
10050230903601B,T3026,,2026,TGAT,20
10050310302001B,68f7478e27b76be0eb0985da,,2026,A_LV_61,40
10050310302001B,68f7478e27b76be0eb0985da,,2026,A_LV_64,20
10050310302001B,68f7478e27b76be0eb0985da,,2026,TGAT1,10
10050310302001B,68f7478e27b76be0eb0985da,,2026,TPAT3,30
10050401901001A,T3005,,2026,A_LV_61,20
10050401901001A,T3005,,2026,A_LV_70,10
10050401901001A,T3005,,2026,A_LV_81,10
10050401901001A,T3005,,2026,A_LV_82,10
10050401901001A,T3005,,2026,TGAT,50
10050401901001A,T3006,,2026,A_LV_70,10
10050401901001A,T3006,,2026,A_LV_81,10
10050401901001A,T3006,,2026,A_LV_82,10
10050401901001A,T3006,,2026,A_LV_87,20
10050401901001A,T3006,,2026,TGAT,50
10050401901001A,T3007,,2026,A_LV_70,10
10050401901001A,T3007,,2026,A_LV_81,10
10050401901001A,T3007,,2026,A_LV_82,10
10050401901001A,T3007,,2026,A_LV_85,20
10050401901001A,T3007,,2026,TGAT,50
10050401901001A,T3008,,2026,A_LV_70,10
10050401901001A,T3008,,2026,A_LV_81,10
10050401901001A,T3008,,2026,A_LV_82,10
10050401901001A,T3008,,2026,A_LV_83,20
10050401901001A,T3008,,2026,TGAT,50
10050401901001A,T3009,,2026,A_LV_70,10
10050401901001A,T3009,,2026,A_LV_81,10
10050401901001A,T3009,,2026,A_LV_82,10
10050401901001A,T3009,,2026,A_LV_84,20
10050401901001A,T3009,,2026,TGAT,50
10050401901001A,T3034,,2026,A_LV_62,20
10050401901001A,T3034,,2026,A_LV_70,10
10050401901001A,T3034,,2026,A_LV_81,10
10050401901001A,T3034,,2026,A_LV_82,10
10050401901001A,T3034,,2026,TGAT,50
10050401901001A,T3035,,2026,A_LV_70,10
10050401901001A,T3035,,2026,A_LV_81,10
10050401901001A,T3035,,2026,A_LV_82,10
10050401901001A,T3035,,2026,A_LV_86,20
10050401901001A,T3035,,2026,TGAT,50
10050405903701A,T3004,,2026,A_LV_62,15
10050405903701A,T3004,,2026,A_LV_63,15
10050405903701A,T3004,,2026,A_LV_70,15
10050405903701A,T3004,,2026,A_LV_81,15
10050405903701A,T3004,,2026,TGAT,40
10050405903701A,T3012,,2026,TGAT,30
10050405903701A,T3012,,2026,TU005,70
10050409220201A,T3025,,2026,A_LV_61,50
10050409220201A,T3025,,2026,TGAT,50
10050409220201A,T3026,,2026,A_LV_62,50
10050409220201A,T3026,,2026,TGAT,50
10050409220201A,T3028,,2026,VNET51,100
10050411110801A,68f7478e27b76be0eb0985e0,,2026,A_LV_61,10
10050411110801A,68f7478e27b76be0eb0985e0,,2026,A_LV_64,10
10050411110801A,68f7478e27b76be0eb0985e0,,2026,A_LV_65,10
10050411110801A,68f7478e27b76be0eb0985e0,,2026,A_LV_66,10
10050411110801A,68f7478e27b76be0eb0985e0,,2026,A_LV_82,10
10050411110801A,68f7478e27b76be0eb0985e0,,2026,TGAT,20
10050411110801A,68f7478e27b76be0eb0985e0,,2026,TPAT1,20
10050415800101A,T3001,,2026,A_LV_70,40
10050415800101A,T3001,,2026,A_LV_81,30
10050415800101A,T3001,,2026,A_LV_82,30
10050415800101A,T3020,,2026,A_LV_70,20
10050415800101A,T3020,,2026,A_LV_81,10
10050415800101A,T3020,,2026,A_LV_82,10
10050415800101A,T3020,,2026,TPAT2,60
10050415800101A,T3024,,2026,TPAT21,100
10050417112701A,68f7478e27b76be0eb098612,,2026,A_LV_64,20
10050417112701A,68f7478e27b76be0eb098612,,2026,A_LV_65,25
10050417112701A,68f7478e27b76be0eb098612,,2026,A_LV_66,30
10050417112701A,68f7478e27b76be0eb098612,,2026,A_LV_82,25
10050417112702A,68f7478e27b76be0eb098614,,2026,A_LV_61,20
10050417112702A,68f7478e27b76be0eb098614,,2026,A_LV_65,25
10050417112702A,68f7478e27b76be0eb098614,,2026,A_LV_66,30
10050417112702A,68f7478e27b76be0eb098614,,2026,A_LV_82,25
10050417112703A,68f7478e27b76be0eb098616,,2026,A_LV_61,25
10050417112703A,68f7478e27b76be0eb098616,,2026,A_LV_65,25
10050417112703A,68f7478e27b76be0eb098616,,2026,A_LV_66,25
10050417112703A,68f7478e27b76be0eb098616,,2026,A_LV_82,25
10050424903601A,68f7478e27b76be0eb098642,,2026,A_LV_70,40
10050424903601A,68f7478e27b76be0eb098642,,2026,A_LV_81,30
10050424903601A,68f7478e27b76be0eb098642,,2026,A_LV_82,30
10050424903601B,68f7478e27b76be0eb098644,,2026,A_LV_62,30
10050424903601B,68f7478e27b76be0eb098644,,2026,A_LV_70,35
10050424903601B,68f7478e27b76be0eb098644,,2026,A_LV_82,35
10060101110201A,68f6f8e227b76be0eb0877c1,,2026,A_LV_61,14
10060101110201A,68f6f8e227b76be0eb0877c1,,2026,A_LV_64,14
10060101110201A,68f6f8e227b76be0eb0877c1,,2026,A_LV_65,14
10060101110201A,68f6f8e227b76be0eb0877c1,,2026,A_LV_66,14
10060101110201A,68f6f8e227b76be0eb0877c1,,2026,A_LV_82,14
10060101110201A,68f6f8e227b76be0eb0877c1,,2026,TGAT,30
10060101110801A,68f6f8e227b76be0eb0877c3,,2026,A_LV_61,10
10060101110801A,68f6f8e227b76be0eb0877c3,,2026,A_LV_64,10
10060101110801A,68f6f8e227b76be0eb0877c3,,2026,A_LV_65,10
10060101110801A,68f6f8e227b76be0eb0877c3,,2026,A_LV_66,10
10060101110801A,68f6f8e227b76be0eb0877c3,,2026,A_LV_82,10
10060101110801A,68f6f8e227b76be0eb0877c3,,2026,TGAT,20
10060101110801A,68f6f8e227b76be0eb0877c3,,2026,TPAT1,20
10060101111401A,68f6f8e227b76be0eb0877c5,,2026,A_LV_63,20
10060101111401A,68f6f8e227b76be0eb0877c5,,2026,A_LV_66,20
10060101111401A,68f6f8e227b76be0eb0877c5,,2026,A_LV_82,20
10060101111401A,68f6f8e227b76be0eb0877c5,,2026,TPAT21,30
10060102111001A,68f6f8e227b76be0eb0877c9,A,2026,A_LV_61,11.25
10060102111001A,68f6f8e227b76be0eb0877c9,A,2026,A_LV_64,11.25
10060102111001A,68f6f8e227b76be0eb0877c9,A,2026,A_LV_65,7.5
10060102111001A,68f6f8e227b76be0eb0877c9,A,2026,A_LV_66,11.25
10060102111001A,68f6f8e227b76be0eb0877c9,A,2026,A_LV_70,7.5
10060102111001A,68f6f8e227b76be0eb0877c9,A,2026,A_LV_81,11.25
10060102111001A,68f6f8e227b76be0eb0877c9,A,2026,A_LV_82,15
10060102111001A,68f6f8e227b76be0eb0877c9,A,2026,TGAT,25
10060102111001A,68f6f8e227b76be0eb0877cb,B,2026,A_LV_61,11.25
10060102111001A,68f6f8e227b76be0eb0877cb,B,2026,A_LV_64,11.25
10060102111001A,68f6f8e227b76be0eb0877cb,B,2026,A_LV_65,7.5
10060102111001A,68f6f8e227b76be0eb0877cb,B,2026,A_LV_66,11.25
10060102111001A,68f6f8e227b76be0eb0877cb,B,2026,A_LV_70,7.5
10060102111001A,68f6f8e227b76be0eb0877cb,B,2026,A_LV_81,11.25
10060102111001A,68f6f8e227b76be0eb0877cb,B,2026,A_LV_82,15
10060102111001A,68f6f8e227b76be0eb0877cb,B,2026,TGAT,25
10060102111601A,C3001,,2026,A_LV_61,10
10060102111601A,C3001,,2026,A_LV_64,10
10060102111601A,C3001,,2026,A_LV_65,10
10060102111601A,C3001,,2026,A_LV_66,15
10060102111601A,C3001,,2026,A_LV_82,15
10060102111601A,C3001,,2026,TGAT,30
10060102111601A,C3001,,2026,TPAT1,10
10060102111701A,68f6f8e227b76be0eb0877c7,,2026,A_LV_61,20
10060102111701A,68f6f8e227b76be0eb0877c7,,2026,A_LV_65,10
10060102111701A,68f6f8e227b76be0eb0877c7,,2026,A_LV_66,15
10060102111701A,68f6f8e227b76be0eb0877c7,,2026,A_LV_82,30
10060102111701A,68f6f8e227b76be0eb0877c7,,2026,TGAT,25
10060102700701B,C3002,,2026,TPAT5,60
10060105112101E,68f6f8e227b76be0eb0877df,,2026,A_LV_65,20
10060105112101E,68f6f8e227b76be0eb0877df,,2026,A_LV_66,40
10060105112101E,68f6f8e227b76be0eb0877df,,2026,A_LV_82,40
10060105210001A,68f6f8e227b76be0eb0877d1,,2026,A_LV_61,15
10060105210001A,68f6f8e227b76be0eb0877d1,,2026,A_LV_64,15
10060105210001A,68f6f8e227b76be0eb0877d1,,2026,A_LV_65,15
10060105210001A,68f6f8e227b76be0eb0877d1,,2026,A_LV_66,15
10060105210001A,68f6f8e227b76be0eb0877d1,,2026,TGAT,20
10060105210001A,68f6f8e227b76be0eb0877d1,,2026,TPAT3,20
10060105210301A,68f6f8e227b76be0eb0877d3,,2026,A_LV_61,15
10060105210301A,68f6f8e227b76be0eb0877d3,,2026,A_LV_64,15
10060105210301A,68f6f8e227b76be0eb0877d3,,2026,A_LV_65,15
10060105210301A,68f6f8e227b76be0eb0877d3,,2026,A_LV_66,15
10060105210301A,68f6f8e227b76be0eb0877d3,,2026,TGAT,20
10060105210301A,68f6f8e227b76be0eb0877d3,,2026,TPAT3,20
10060105210301E,C3005,,2026,A_LV_61,40
10060105210301E,C3005,,2026,A_LV_82,40
10060105210301E,C3006,,2026,A_LV_62,40
10060105210301E,C3006,,2026,A_LV_82,40
10060105210302E,C3003,,2026,A_LV_61,40
10060105210302E,C3003,,2026,A_LV_82,40
10060105210302E,C3004,,2026,A_LV_62,40
10060105210302E,C3004,,2026,A_LV_82,40
10060105210401A,68f6f8e227b76be0eb0877d9,,2026,A_LV_61,15
10060105210401A,68f6f8e227b76be0eb0877d9,,2026,A_LV_64,15
10060105210401A,68f6f8e227b76be0eb0877d9,,2026,A_LV_65,15
10060105210401A,68f6f8e227b76be0eb0877d9,,2026,A_LV_66,15
10060105210401A,68f6f8e227b76be0eb0877d9,,2026,TGAT,20
10060105210401A,68f6f8e227b76be0eb0877d9,,2026,TPAT3,20
10060105210401E,68f6f8e227b76be0eb0877e7,,2026,A_LV_61,10
10060105210401E,68f6f8e227b76be0eb0877e7,,2026,A_LV_64,10
10060105210401E,68f6f8e227b76be0eb0877e7,,2026,A_LV_65,20
10060105210401E,68f6f8e227b76be0eb0877e7,,2026,A_LV_66,10
10060105210401E,68f6f8e227b76be0eb0877e7,,2026,A_LV_82,20
10060105210701A,68f6f8e227b76be0eb0877dd,,2026,A_LV_61,15
10060105210701A,68f6f8e227b76be0eb0877dd,,2026,A_LV_64,15
10060105210701A,68f6f8e227b76be0eb0877dd,,2026,A_LV_65,15
10060105210701A,68f6f8e227b76be0eb0877dd,,2026,A_LV_66,15
10060105210701A,68f6f8e227b76be0eb0877dd,,2026,TGAT,20
10060105210701A,68f6f8e227b76be0eb0877dd,,2026,TPAT3,20
10060105210701E,68f6f8e227b76be0eb0877e1,,2026,A_LV_65,5
10060105210701E,68f6f8e227b76be0eb0877e1,,2026,A_LV_66,35
10060105210701E,68f6f8e227b76be0eb0877e1,,2026,A_LV_82,30
10060105211201A,68f6f8e227b76be0eb0877db,,2026,A_LV_61,15
10060105211201A,68f6f8e227b76be0eb0877db,,2026,A_LV_64,15
10060105211201A,68f6f8e227b76be0eb0877db,,2026,A_LV_65,15
10060105211201A,68f6f8e227b76be0eb0877db,,2026,A_LV_66,15
10060105211201A,68f6f8e227b76be0eb0877db,,2026,TGAT,20
10060105211201A,68f6f8e227b76be0eb0877db,,2026,TPAT3,20
10060105212401E,68f6f8e227b76be0eb0877e5,,2026,A_LV_61,10
10060105212401E,68f6f8e227b76be0eb0877e5,,2026,A_LV_65,5
10060105212401E,68f6f8e227b76be0eb0877e5,,2026,A_LV_66,25
10060105212401E,68f6f8e227b76be0eb0877e5,,2026,A_LV_82,30
10060105212501A,68f6f8e227b76be0eb0877d5,,2026,A_LV_61,15
10060105212501A,68f6f8e227b76be0eb0877d5,,2026,A_LV_64,15
10060105212501A,68f6f8e227b76be0eb0877d5,,2026,A_LV_65,15
10060105212501A,68f6f8e227b76be0eb0877d5,,2026,A_LV_66,15
10060105212501A,68f6f8e227b76be0eb0877d5,,2026,TGAT,20
10060105212501A,68f6f8e227b76be0eb0877d5,,2026,TPAT3,20
10060105212701A,68f6f8e227b76be0eb0877d7,,2026,A_LV_61,15
10060105212701A,68f6f8e227b76be0eb0877d7,,2026,A_LV_64,15
10060105212701A,68f6f8e227b76be0eb0877d7,,2026,A_LV_65,15
10060105212701A,68f6f8e227b76be0eb0877d7,,2026,A_LV_66,15
10060105212701A,68f6f8e227b76be0eb0877d7,,2026,TGAT,20
10060105212701A,68f6f8e227b76be0eb0877d7,,2026,TPAT3,20
10060105212801E,68f6f8e227b76be0eb0877e3,,2026,A_LV_61,10
10060105212801E,68f6f8e227b76be0eb0877e3,,2026,A_LV_64,10
10060105212801E,68f6f8e227b76be0eb0877e3,,2026,A_LV_65,15
10060105212801E,68f6f8e227b76be0eb0877e3,,2026,A_LV_66,15
10060105212801E,68f6f8e227b76be0eb0877e3,,2026,A_LV_82,20
10060106111301A,68f6f8e227b76be0eb0877f1,,2026,A_LV_61,10
10060106111301A,68f6f8e227b76be0eb0877f1,,2026,A_LV_65,30
10060106111301A,68f6f8e227b76be0eb0877f1,,2026,A_LV_66,30
10060106111301A,68f6f8e227b76be0eb0877f1,,2026,A_LV_82,10
10060106111301A,68f6f8e227b76be0eb0877f1,,2026,TGAT,20
10060106111901A,68f6f8e227b76be0eb0877f3,,2026,A_LV_61,15
10060106111901A,68f6f8e227b76be0eb0877f3,,2026,A_LV_64,15
10060106111901A,68f6f8e227b76be0eb0877f3,,2026,A_LV_65,15
10060106111901A,68f6f8e227b76be0eb0877f3,,2026,A_LV_66,15
10060106111901A,68f6f8e227b76be0eb0877f3,,2026,TGAT,40
10060107111803A,68f6f8e227b76be0eb0877f7,,2026,A_LV_61,20
10060107111803A,68f6f8e227b76be0eb0877f7,,2026,A_LV_65,20
10060107111803A,68f6f8e227b76be0eb0877f7,,2026,A_LV_66,30
10060107111803A,68f6f8e227b76be0eb0877f7,,2026,A_LV_82,30
10060107112701A,68f6f8e227b76be0eb0877f5,,2026,A_LV_61,20
10060107112701A,68f6f8e227b76be0eb0877f5,,2026,A_LV_65,20
10060107112701A,68f6f8e227b76be0eb0877f5,,2026,A_LV_66,35
10060107112701A,68f6f8e227b76be0eb0877f5,,2026,A_LV_82,25
10060107112702A,68f6f8e227b76be0eb0877fb,,2026,A_LV_64,25
10060107112702A,68f6f8e227b76be0eb0877fb,,2026,A_LV_65,25
10060107112702A,68f6f8e227b76be0eb0877fb,,2026,A_LV_66,25
10060107112702A,68f6f8e227b76be0eb0877fb,,2026,A_LV_82,25
10060107112704A,68f6f8e227b76be0eb0877f9,,2026,A_LV_61,25
10060107112704A,68f6f8e227b76be0eb0877f9,,2026,A_LV_65,25
10060107112704A,68f6f8e227b76be0eb0877f9,,2026,A_LV_66,25
10060107112704A,68f6f8e227b76be0eb0877f9,,2026,A_LV_82,25
10060108111701A,68f6f8e227b76be0eb0877fd,,2026,A_LV_61,25
10060108111701A,68f6f8e227b76be0eb0877fd,,2026,A_LV_65,15
10060108111701A,68f6f8e227b76be0eb0877fd,,2026,A_LV_66,15
10060108111701A,68f6f8e227b76be0eb0877fd,,2026,A_LV_82,25
10060108111701A,68f6f8e227b76be0eb0877fd,,2026,TGAT,20
10060109110101A,68f6f8e227b76be0eb0877ff,,2026,A_LV_64,25
10060109110101A,68f6f8e227b76be0eb0877ff,,2026,A_LV_66,25
10060109110101A,68f6f8e227b76be0eb0877ff,,2026,A_LV_82,20
10060109110101A,68f6f8e227b76be0eb0877ff,,2026,TGAT2,10
10060109110101A,68f6f8e227b76be0eb0877ff,,2026,TGAT3,10
10060109110901A,68f6f8e227b76be0eb087801,,2026,A_LV_61,15
10060109110901A,68f6f8e227b76be0eb087801,,2026,A_LV_64,10
10060109110901A,68f6f8e227b76be0eb087801,,2026,A_LV_66,25
10060109110901A,68f6f8e227b76be0eb087801,,2026,A_LV_82,20
10060109110901A,68f6f8e227b76be0eb087801,,2026,TGAT,20
10060111210102E,C3009,,2026,A_LV_61,10
10060111210102E,C3009,,2026,A_LV_64,10
10060111210102E,C3009,,2026,A_LV_65,25
10060111210102E,C3009,,2026,A_LV_66,25
10060111210102E,C3009,,2026,A_LV_82,30
10060111210102E,C3010,,2026,TGAT,40
10060111210102E,C3010,,2026,TPAT3,60
10060111213101A,68f6f8e227b76be0eb087817,,2026,A_LV_61,5
10060111213101A,68f6f8e227b76be0eb087817,,2026,A_LV_64,5
10060111213101A,68f6f8e227b76be0eb087817,,2026,A_LV_65,5
10060111213101A,68f6f8e227b76be0eb087817,,2026,A_LV_66,5
10060111213101A,68f6f8e227b76be0eb087817,,2026,A_LV_81,5
10060111213101A,68f6f8e227b76be0eb087817,,2026,A_LV_82,5
10060111213101A,68f6f8e227b76be0eb087817,,2026,TGAT,30
10060111213101A,68f6f8e227b76be0eb087817,,2026,TPAT3,40
10060112300501A,68f6f8e227b76be0eb087811,,2026,A_LV_61,15
10060112300501A,68f6f8e227b76be0eb087811,,2026,A_LV_64,15
10060112300501A,68f6f8e227b76be0eb087811,,2026,A_LV_65,15
10060112300501A,68f6f8e227b76be0eb087811,,2026,A_LV_82,25
10060112300501A,68f6f8e227b76be0eb087811,,2026,TPAT3,30
10060112300601A,68f6f8e227b76be0eb087807,,2026,A_LV_61,20
10060112300601A,68f6f8e227b76be0eb087807,,2026,A_LV_64,20
10060112300601A,68f6f8e227b76be0eb087807,,2026,A_LV_65,20
10060112300601A,68f6f8e227b76be0eb087807,,2026,A_LV_82,10
10060112300601A,68f6f8e227b76be0eb087807,,2026,TPAT3,30
10060112300601E,C3007,,2026,A_LV_61,15
10060112300601E,C3007,,2026,A_LV_64,15
10060112300601E,C3007,,2026,A_LV_65,15
10060112300601E,C3007,,2026,A_LV_82,25
10060112300601E,C3007,,2026,TPAT3,30
10060112300601E,C3008,,2026,A_LV_61,15
10060112300601E,C3008,,2026,A_LV_64,15
10060112300601E,C3008,,2026,A_LV_65,15
10060112300601E,C3008,,2026,A_LV_82,25
10060112300601E,C3008,,2026,TPAT3,30
10060112300701A,68f6f8e227b76be0eb087803,,2026,A_LV_61,30
10060112300701A,68f6f8e227b76be0eb087803,,2026,A_LV_64,30
10060112300701A,68f6f8e227b76be0eb087803,,2026,A_LV_82,10
10060112300701A,68f6f8e227b76be0eb087803,,2026,TPAT3,30
10060112300901E,68f6f8e227b76be0eb087805,,2026,A_LV_61,15
10060112300901E,68f6f8e227b76be0eb087805,,2026,A_LV_64,15
10060112300901E,68f6f8e227b76be0eb087805,,2026,A_LV_65,15
10060112300901E,68f6f8e227b76be0eb087805,,2026,A_LV_82,25
10060112300901E,68f6f8e227b76be0eb087805,,2026,TPAT3,30
10060112301601A,68f6f8e227b76be0eb087813,,2026,A_LV_61,30
10060112301601A,68f6f8e227b76be0eb087813,,2026,A_LV_64,30
10060112301601A,68f6f8e227b76be0eb087813,,2026,A_LV_82,10
10060112301601A,68f6f8e227b76be0eb087813,,2026,TPAT3,30
10060112302101A,68f6f8e227b76be0eb087815,,2026,A_LV_61,30
10060112302101A,68f6f8e227b76be0eb087815,,2026,A_LV_64,30
10060112302101A,68f6f8e227b76be0eb087815,,2026,A_LV_82,10
10060112302101A,68f6f8e227b76be0eb087815,,2026,TPAT3,30
10060112303501A,68f6f8e227b76be0eb08780d,,2026,A_LV_61,30
10060112303501A,68f6f8e227b76be0eb08780d,,2026,A_LV_64,30
10060112303501A,68f6f8e227b76be0eb08780d,,2026,A_LV_82,10
10060112303501A,68f6f8e227b76be0eb08780d,,2026,TPAT3,30
10060112303501E,68f6f8e227b76be0eb08780f,,2026,TPAT3,100
10060113901801E,68f6f8e227b76be0eb087823,,2026,A_LV_87,55
10060113902001A,68f6f8e227b76be0eb087821,,2026,A_LV_70,15
10060113902001A,68f6f8e227b76be0eb087821,,2026,A_LV_81,30
10060113902001A,68f6f8e227b76be0eb087821,,2026,A_LV_82,15
10060113902501A,68f6f8e227b76be0eb08781f,,2026,A_LV_70,12
10060113902501A,68f6f8e227b76be0eb08781f,,2026,A_LV_81,12
10060113902501A,68f6f8e227b76be0eb08781f,,2026,A_LV_82,36
10060114112401A,68f6f8e327b76be0eb087825,,2026,A_LV_61,20
10060114112401A,68f6f8e327b76be0eb087825,,2026,A_LV_66,25
10060114112401A,68f6f8e327b76be0eb087825,,2026,A_LV_82,30
10060114112401A,68f6f8e327b76be0eb087825,,2026,TGAT,25
10060114901001A,C3019,,2026,A_LV_61,10
10060114901001A,C3019,,2026,A_LV_70,20
10060114901001A,C3019,,2026,A_LV_81,20
10060114901001A,C3019,,2026,A_LV_82,20
10060114901001A,C3019,,2026,TGAT,30
10060114901001A,C3020,,2026,A_LV_62,10
10060114901001A,C3020,,2026,A_LV_70,20
10060114901001A,C3020,,2026,A_LV_81,20
10060114901001A,C3020,,2026,A_LV_82,20
10060114901001A,C3020,,2026,TGAT,30
10060114901001A,C3021,,2026,A_LV_63,10
10060114901001A,C3021,,2026,A_LV_70,20
10060114901001A,C3021,,2026,A_LV_81,20
10060114901001A,C3021,,2026,A_LV_82,20
10060114901001A,C3021,,2026,TGAT,30
10060114901001A,C3022,,2026,A_LV_64,10
10060114901001A,C3022,,2026,A_LV_70,20
10060114901001A,C3022,,2026,A_LV_81,20
10060114901001A,C3022,,2026,A_LV_82,20
10060114901001A,C3022,,2026,TGAT,30
10060114901001A,C3023,,2026,A_LV_65,10
10060114901001A,C3023,,2026,A_LV_70,20
10060114901001A,C3023,,2026,A_LV_81,20
10060114901001A,C3023,,2026,A_LV_82,20
10060114901001A,C3023,,2026,TGAT,30
10060114901001A,C3024,,2026,A_LV_66,10
10060114901001A,C3024,,2026,A_LV_70,20
10060114901001A,C3024,,2026,A_LV_81,20
10060114901001A,C3024,,2026,A_LV_82,20
10060114901001A,C3024,,2026,TGAT,30
10060114901001A,C3025,,2026,A_LV_70,20
10060114901001A,C3025,,2026,A_LV_81,20
10060114901001A,C3025,,2026,A_LV_82,20
10060114901001A,C3025,,2026,A_LV_83,10
10060114901001A,C3025,,2026,TGAT,30
10060114901001A,C3026,,2026,A_LV_70,20
10060114901001A,C3026,,2026,A_LV_81,20
10060114901001A,C3026,,2026,A_LV_82,20
10060114901001A,C3026,,2026,A_LV_84,10
10060114901001A,C3026,,2026,TGAT,30
10060114901001A,C3027,,2026,A_LV_70,20
10060114901001A,C3027,,2026,A_LV_81,20
10060114901001A,C3027,,2026,A_LV_82,20
10060114901001A,C3027,,2026,A_LV_85,10
10060114901001A,C3027,,2026,TGAT,30
10060114901001A,C3028,,2026,A_LV_70,20
10060114901001A,C3028,,2026,A_LV_81,20
10060114901001A,C3028,,2026,A_LV_82,20
10060114901001A,C3028,,2026,A_LV_86,10
10060114901001A,C3028,,2026,TGAT,30
10060114901001A,C3029,,2026,A_LV_70,20
10060114901001A,C3029,,2026,A_LV_81,20
10060114901001A,C3029,,2026,A_LV_82,20
10060114901001A,C3029,,2026,A_LV_87,10
10060114901001A,C3029,,2026,TGAT,30
10060114901001A,C3030,,2026,A_LV_70,20
10060114901001A,C3030,,2026,A_LV_81,20
10060114901001A,C3030,,2026,A_LV_82,20
10060114901001A,C3030,,2026,A_LV_88,10
10060114901001A,C3030,,2026,TGAT,30
10060114901001A,C3031,,2026,A_LV_70,20
10060114901001A,C3031,,2026,A_LV_81,20
10060114901001A,C3031,,2026,A_LV_82,20
10060114901001A,C3031,,2026,A_LV_89,10
10060114901001A,C3031,,2026,TGAT,30
10060115220101E,C3016,,2026,TGAT,50
10060115220101E,C3016,,2026,TPAT3,50
10060115220101E,C3017,,2026,A_LV_61,50
10060115220101E,C3017,,2026,A_LV_82,50
10060115220301A,C3015,,2026,A_LV_61,50
10060115220301A,C3015,,2026,A_LV_82,50
10060115220301A,C3018,,2026,TGAT,50
10060115220301A,C3018,,2026,TPAT3,50
10060116901501A,68f6f8e327b76be0eb087833,,2026,A_LV_70,20
10060116901501A,68f6f8e327b76be0eb087833,,2026,A_LV_81,15
10060116901501A,68f6f8e327b76be0eb087833,,2026,A_LV_82,20
10060116901501A,68f6f8e327b76be0eb087833,,2026,TGAT,30
10060117112001A,68f6f8e327b76be0eb08782d,,2026,A_LV_62,20
10060117112001A,68f6f8e327b76be0eb08782d,,2026,A_LV_63,20
10060117112001A,68f6f8e327b76be0eb08782d,,2026,TGAT,60
10060117112002A,68f6f8e327b76be0eb08782f,A,2026,A_LV_62,20
10060117112002A,68f6f8e327b76be0eb08782f,A,2026,A_LV_63,20
10060117112002A,68f6f8e327b76be0eb08782f,A,2026,TGAT,60
10060117112002A,68f6f8e327b76be0eb087831,B,2026,A_LV_62,20
10060117112002A,68f6f8e327b76be0eb087831,B,2026,A_LV_63,20
10060117112002A,68f6f8e327b76be0eb087831,B,2026,TGAT,60
10060219211001A,68f6f8e327b76be0eb087835,,2026,A_LV_61,15
10060219211001A,68f6f8e327b76be0eb087835,,2026,A_LV_64,15
10060219211001A,68f6f8e327b76be0eb087835,,2026,A_LV_65,30
10060219211001A,68f6f8e327b76be0eb087835,,2026,A_LV_66,20
10060219211001A,68f6f8e327b76be0eb087835,,2026,A_LV_82,20
10060219302801A,68f6f8e327b76be0eb087843,,2026,A_LV_61,10
10060219302801A,68f6f8e327b76be0eb087843,,2026,A_LV_64,10
10060219302801A,68f6f8e327b76be0eb087843,,2026,A_LV_65,10
10060219302801A,68f6f8e327b76be0eb087843,,2026,A_LV_82,5
10060219302801A,68f6f8e327b76be0eb087843,,2026,TGAT,5
10060219302801A,68f6f8e327b76be0eb087843,,2026,TPAT3,10
10060219500201A,68f6f8e327b76be0eb087839,,2026,A_LV_82,5
10060219500201A,68f6f8e327b76be0eb087839,,2026,TGAT3,5
10060219610501A,68f6f8e327b76be0eb087841,,2026,A_LV_61,30
10060219610501A,68f6f8e327b76be0eb087841,,2026,A_LV_70,5
10060219610501A,68f6f8e327b76be0eb087841,,2026,A_LV_81,5
10060219610501A,68f6f8e327b76be0eb087841,,2026,A_LV_82,30
10060219610501A,68f6f8e327b76be0eb087841,,2026,TGAT,30
10060219610801A,C3013,,2026,A_LV_82,20
10060219610801A,C3014,,2026,A_LV_82,20
10060320112701A,68f6f8e327b76be0eb087845,,2026,A_LV_61,20
10060320112701A,68f6f8e327b76be0eb087845,,2026,A_LV_65,20
10060320112701A,68f6f8e327b76be0eb087845,,2026,A_LV_66,30
10060320112701A,68f6f8e327b76be0eb087845,,2026,A_LV_82,30
10060421112101A,68f6f8e327b76be0eb087851,,2026,A_LV_65,25
10060421112101A,68f6f8e327b76be0eb087851,,2026,A_LV_66,25
10060421112101A,68f6f8e327b76be0eb087851,,2026,A_LV_82,25
10060421112101A,68f6f8e327b76be0eb087851,,2026,TGAT,25
10060421112701A,68f6f8e327b76be0eb08784b,,2026,A_LV_61,20
10060421112701A,68f6f8e327b76be0eb08784b,,2026,A_LV_65,15
10060421112701A,68f6f8e327b76be0eb08784b,,2026,A_LV_66,30
10060421112701A,68f6f8e327b76be0eb08784b,,2026,A_LV_82,20
10060421903503A,68f6f8e327b76be0eb08784f,,2026,A_LV_70,25
10060421903503A,68f6f8e327b76be0eb08784f,,2026,A_LV_81,25
10060421903503A,68f6f8e327b76be0eb08784f,,2026,A_LV_82,10
10090101702001A,A0001,,2026,A_LV_81,55
10090101702001A,A0001,,2026,A_LV_82,10
10090101702001A,A0001,,2026,TGAT,5
10090101702001A,A0001,,2026,TPAT5,30
10090101702002A,A0018,,2026,A_LV_81,10
10090101702002A,A0018,,2026,A_LV_82,50
10090101702002A,A0018,,2026,TGAT,30
10090101702002A,A0018,,2026,TPAT5,10
10090101702002A,A0019,,2026,A_LV_81,10
10090101702002A,A0019,,2026,A_LV_82,50
10090101702002A,A0019,,2026,TGAT,30
10090101702002A,A0019,,2026,TPAT5,10
10090101900701A,A0001,,2026,A_LV_70,10
10090101900701A,A0001,,2026,A_LV_81,10
10090101900701A,A0001,,2026,A_LV_82,20
10090101900701A,A0001,,2026,TGAT,50
10090101900701B,A0001,,2026,A_LV_70,10
10090101900701B,A0001,,2026,A_LV_81,10
10090101900701B,A0001,,2026,A_LV_82,20
10090101900701B,A0001,,2026,TGAT,50
10090101901201A,A0002,,2026,A_LV_70,20
10090101901201A,A0002,,2026,A_LV_81,20
10090101901201A,A0002,,2026,A_LV_82,20
10090101901201A,A0002,,2026,TGAT,20
10090101901201A,A0003,,2026,A_LV_70,20
10090101901201A,A0003,,2026,A_LV_81,20
10090101901201A,A0003,,2026,A_LV_82,20
10090101901201A,A0003,,2026,TGAT,20
10090101901201B,A0004,,2026,A_LV_70,20
10090101901201B,A0004,,2026,A_LV_81,20
10090101901201B,A0004,,2026,A_LV_82,20
10090101901201B,A0004,,2026,TGAT,20
10090101901201B,A0005,,2026,A_LV_70,20
10090101901201B,A0005,,2026,A_LV_81,20
10090101901201B,A0005,,2026,A_LV_82,20
10090101901201B,A0005,,2026,TGAT,20
10090101901501A,A0001,,2026,A_LV_70,30
10090101901501A,A0001,,2026,A_LV_81,20
10090101901501A,A0001,,2026,A_LV_82,20
10090101901501A,A0001,,2026,TGAT,30
10090101902001A,A0012,,2026,A_LV_70,10
10090101902001A,A0012,,2026,A_LV_81,60
10090101902001A,A0012,,2026,A_LV_82,10
10090101902001A,A0012,,2026,TGAT,20
10090101902001A,A0013,,2026,A_LV_70,10
10090101902001A,A0013,,2026,A_LV_81,60
10090101902001A,A0013,,2026,A_LV_82,10
10090101902001A,A0013,,2026,TGAT,20
10090101902501E,A0001,,2026,A_LV_82,100
10090101902502E,A0006,A,2026,A_LV_82,50
10090101902502E,A0006,A,2026,TGAT,50
10090101902502E,A0007,A,2026,A_LV_82,50
10090101902502E,A0007,A,2026,TGAT,50
10090101902502E,A0008,B,2026,A_LV_82,50
10090101902502E,A0008,B,2026,TGAT,50
10090101902502E,A0009,B,2026,A_LV_82,50
10090101902502E,A0009,B,2026,TGAT,50
10090101902502E,A0010,C,2026,A_LV_82,50
10090101902502E,A0010,C,2026,TGAT,50
10090101902502E,A0011,C,2026,A_LV_82,50
10090101902502E,A0011,C,2026,TGAT,50
10090101902503A,A0014,,2026,A_LV_70,10
10090101902503A,A0014,,2026,A_LV_81,10
10090101902503A,A0014,,2026,A_LV_82,50
10090101902503A,A0014,,2026,TGAT,30
10090101902503A,A0015,,2026,A_LV_70,10
10090101902503A,A0015,,2026,A_LV_81,10
10090101902503A,A0015,,2026,A_LV_82,50
10090101902503A,A0015,,2026,TGAT,30
10090101902503B,A0016,,2026,A_LV_70,10
10090101902503B,A0016,,2026,A_LV_81,10
10090101902503B,A0016,,2026,A_LV_82,50
10090101902503B,A0016,,2026,TGAT,30
10090101902503B,A0017,,2026,A_LV_70,10
10090101902503B,A0017,,2026,A_LV_81,10
10090101902503B,A0017,,2026,A_LV_82,50
10090101902503B,A0017,,2026,TGAT,30
10090101902601A,A0001,,2026,A_LV_70,20
10090101902601A,A0001,,2026,A_LV_81,25
10090101902601A,A0001,,2026,A_LV_82,25
10090101902601A,A0001,,2026,TGAT,30
10090101902601B,A0001,,2026,A_LV_70,20
10090101902601B,A0001,,2026,A_LV_81,25
10090101902601B,A0001,,2026,A_LV_82,25
10090101902601B,A0001,,2026,TGAT,30
10090101902801A,A0001,A,2026,A_LV_81,10
10090101902801A,A0001,A,2026,A_LV_82,10
10090101902801A,A0001,A,2026,A_LV_87,55
10090101902801A,A0001,A,2026,TGAT,25
10090101902801A,A0001,B,2026,A_LV_81,10
10090101902801A,A0001,B,2026,A_LV_82,10
10090101902801A,A0001,B,2026,A_LV_85,55
10090101902801A,A0001,B,2026,TGAT,25
10090101902801A,A0001,C,2026,A_LV_70,10
10090101902801A,A0001,C,2026,A_LV_81,15
10090101902801A,A0001,C,2026,A_LV_82,15
10090101902801A,A0001,C,2026,A_LV_86,40
10090101902801A,A0001,C,2026,TGAT,20
10090101903301A,A0001,,2026,A_LV_63,15
10090101903301A,A0001,,2026,A_LV_70,15
10090101903301A,A0001,,2026,A_LV_81,20
10090101903301A,A0001,,2026,A_LV_82,20
10090101903301A,A0001,,2026,TGAT,30
10090102210301A,A0020,,2026,TGAT,60
10090102210301A,A0020,,2026,TPAT3,40
10090102210301A,A0021,,2026,TGAT,60
10090102210301A,A0021,,2026,TPAT3,40
10090102210401A,A0022,,2026,TGAT,25
10090102210401A,A0022,,2026,TPAT3,75
10090102210401A,A0023,,2026,TGAT,25
10090102210401A,A0023,,2026,TPAT3,75
10090102210501A,A0026,,2026,TGAT,40
10090102210501A,A0026,,2026,TPAT3,60
10090102210501A,A0027,,2026,TGAT,40
10090102210501A,A0027,,2026,TPAT3,60
10090102210701A,A0001,,2026,TGAT,30
10090102210701A,A0001,,2026,TPAT3,70
10090102212701A,A0001,,2026,TGAT,30
10090102212701A,A0001,,2026,TPAT3,70
10090102212801A,A0028,,2026,TGAT,50
10090102212801A,A0028,,2026,TPAT3,50
10090102212801A,A0029,,2026,TGAT,50
10090102212801A,A0029,,2026,TPAT3,50
10090102213301A,A0001,,2026,TGAT,80
10090102213301A,A0001,,2026,TPAT3,20
10090102220201A,A0024,,2026,TGAT,90
10090102220201A,A0024,,2026,TPAT3,10
10090102220201A,A0025,,2026,TGAT,90
10090102220201A,A0025,,2026,TPAT3,10
10090102700801A,A0030,,2026,A_LV_82,10
10090102700801A,A0030,,2026,TGAT,20
10090102700801A,A0030,,2026,TPAT5,30
10090102700801A,A0031,,2026,A_LV_82,10
10090102700801A,A0031,,2026,TGAT,20
10090102700801A,A0031,,2026,TPAT5,30
10090102701001A,A0032,,2026,A_LV_65,40
10090102701001A,A0032,,2026,A_LV_82,20
10090102701001A,A0032,,2026,TGAT,10
10090102701001A,A0032,,2026,TPAT5,30
10090102701001A,A0033,,2026,A_LV_65,40
10090102701001A,A0033,,2026,A_LV_82,20
10090102701001A,A0033,,2026,TGAT,10
10090102701001A,A0033,,2026,TPAT5,30
10090102701301A,A0034,,2026,A_LV_66,40
10090102701301A,A0034,,2026,A_LV_82,20
10090102701301A,A0034,,2026,TGAT,10
10090102701301A,A0034,,2026,TPAT5,30
10090102701301A,A0035,,2026,A_LV_66,40
10090102701301A,A0035,,2026,A_LV_82,20
10090102701301A,A0035,,2026,TGAT,10
10090102701301A,A0035,,2026,TPAT5,30
10090102701801A,A0036,,2026,A_LV_64,40
10090102701801A,A0036,,2026,A_LV_82,15
10090102701801A,A0036,,2026,TGAT,15
10090102701801A,A0036,,2026,TPAT5,30
10090102701801A,A0037,,2026,A_LV_64,40
10090102701801A,A0037,,2026,A_LV_82,15
10090102701801A,A0037,,2026,TGAT,15
10090102701801A,A0037,,2026,TPAT5,30
10090102703801A,A0001,,2026,A_LV_82,15
10090102703801A,A0001,,2026,TGAT,25
10090102703801A,A0001,,2026,TPAT3,30
10090102703801A,A0001,,2026,TPAT5,30
10090103702701A,A0001,,2026,A_LV_70,30
10090103702701A,A0001,,2026,A_LV_82,20
10090103702701A,A0001,,2026,TGAT,20
10090103702701A,A0001,,2026,TPAT5,30
10090103901001A,A0001,,2026,A_LV_70,30
10090103901001A,A0001,,2026,TGAT,50
10090103901001B,A0001,,2026,A_LV_70,30
10090103901001B,A0001,,2026,TGAT,50
10090103901401A,A0001,,2026,TGAT,100
10090103901401B,A0001,,2026,TGAT,100
10090103903001A,A0038,,2026,A_LV_62,25
10090103903001A,A0038,,2026,A_LV_82,20
10090103903001A,A0038,,2026,TGAT,55
10090103903001A,A0039,,2026,A_LV_62,25
10090103903001A,A0039,,2026,A_LV_82,20
10090103903001A,A0039,,2026,TGAT,55
10090103903001B,A0040,,2026,A_LV_62,25
10090103903001B,A0040,,2026,A_LV_82,20
10090103903001B,A0040,,2026,TGAT,55
10090103903001B,A0041,,2026,A_LV_62,25
10090103903001B,A0041,,2026,A_LV_82,20
10090103903001B,A0041,,2026,TGAT,55
10090103903201A,A0001,A,2026,A_LV_70,30
10090103903201A,A0001,A,2026,A_LV_81,20
10090103903201A,A0001,A,2026,A_LV_82,20
10090103903201A,A0001,A,2026,TGAT,30
10090103903201A,A0001,B,2026,A_LV_70,30
10090103903201A,A0001,B,2026,A_LV_81,20
10090103903201A,A0001,B,2026,A_LV_82,20
10090103903201A,A0001,B,2026,TGAT,30
10090103903201A,A0001,C,2026,A_LV_70,30
10090103903201A,A0001,C,2026,A_LV_81,20
10090103903201A,A0001,C,2026,A_LV_82,20
10090103903201A,A0001,C,2026,TGAT,30
10090103903201B,A0001,D,2026,A_LV_70,30
10090103903201B,A0001,D,2026,A_LV_81,20
10090103903201B,A0001,D,2026,A_LV_82,20
10090103903201B,A0001,D,2026,TGAT,30
10090103903201B,A0001,E,2026,A_LV_70,30
10090103903201B,A0001,E,2026,A_LV_81,20
10090103903201B,A0001,E,2026,A_LV_82,20
10090103903201B,A0001,E,2026,TGAT,30
10090103903501A,A0001,A,2026,A_LV_70,20
10090103903501A,A0001,A,2026,A_LV_81,10
10090103903501A,A0001,A,2026,TGAT,60
10090103903501A,A0001,C,2026,A_LV_70,20
10090103903501A,A0001,C,2026,A_LV_81,10
10090103903501A,A0001,C,2026,TGAT,60
10090103903501B,A0001,B,2026,A_LV_70,20
10090103903501B,A0001,B,2026,A_LV_81,10
10090103903501B,A0001,B,2026,TGAT,60
10090103903501B,A0001,D,2026,A_LV_70,20
10090103903501B,A0001,D,2026,A_LV_81,10
10090103903501B,A0001,D,2026,TGAT,60
10090105703501A,A0001,,2026,A_LV_61,10
10090105703501A,A0001,,2026,A_LV_64,10
10090105703501A,A0001,,2026,A_LV_82,10
10090105703501A,A0001,,2026,TGAT,35
10090105703501A,A0001,,2026,TPAT5,35
10090105703502A,A0001,B,2026,A_LV_82,10
10090105703502A,A0001,B,2026,TGAT,45
10090105703502A,A0001,B,2026,TPAT5,45
10090105703502A,A0001,C,2026,A_LV_82,10
10090105703502A,A0001,C,2026,TGAT,45
10090105703502A,A0001,C,2026,TPAT5,45
10090105703502A,A0001,D,2026,A_LV_82,10
10090105703502A,A0001,D,2026,TGAT,45
10090105703502A,A0001,D,2026,TPAT5,45
10090105703502A,A0001,E,2026,A_LV_82,10
10090105703502A,A0001,E,2026,TGAT,45
10090105703502A,A0001,E,2026,TPAT5,45
10090105703502A,A0001,G,2026,A_LV_70,20
10090105703502A,A0001,G,2026,A_LV_82,30
10090105703502A,A0001,G,2026,TGAT,20
10090105703502A,A0001,G,2026,TPAT5,30
10090105703502A,A0001,H,2026,A_LV_70,20
10090105703502A,A0001,H,2026,A_LV_81,20
10090105703502A,A0001,H,2026,A_LV_82,10
10090105703502A,A0001,H,2026,TGAT,20
10090105703502A,A0001,H,2026,TPAT5,30
10090105703502A,A0001,I,2026,A_LV_61,20
10090105703502A,A0001,I,2026,A_LV_63,20
10090105703502A,A0001,I,2026,A_LV_82,10
10090105703502A,A0001,I,2026,TGAT,20
10090105703502A,A0001,I,2026,TPAT5,30
10090105703502A,A0001,J,2026,A_LV_61,30
10090105703502A,A0001,J,2026,A_LV_82,20
10090105703502A,A0001,J,2026,TGAT,20
10090105703502A,A0001,J,2026,TPAT5,30
10090105703502A,A0001,K,2026,A_LV_81,30
10090105703502A,A0001,K,2026,A_LV_82,20
10090105703502A,A0001,K,2026,TGAT,20
10090105703502A,A0001,K,2026,TPAT5,30
10090105703502A,A0001,L,2026,A_LV_63,30
10090105703502A,A0001,L,2026,A_LV_82,20
10090105703502A,A0001,L,2026,TGAT,20
10090105703502A,A0001,L,2026,TPAT5,30
10090107112101A,A0001,,2026,A_LV_61,10
10090107112101A,A0001,,2026,A_LV_64,10
10090107112101A,A0001,,2026,A_LV_65,20
10090107112101A,A0001,,2026,A_LV_66,20
10090107112101A,A0001,,2026,A_LV_82,10
10090107112101A,A0001,,2026,TGAT,30
10090109301001P,A0058,,2026,A_LV_61,25
10090109301001P,A0058,,2026,A_LV_64,25
10090109301001P,A0058,,2026,TGAT,20
10090109301001P,A0058,,2026,TPAT3,30
10090109301001P,A0059,,2026,A_LV_61,25
10090109301001P,A0059,,2026,A_LV_64,25
10090109301001P,A0059,,2026,TGAT,20
10090109301001P,A0059,,2026,TPAT3,30
10090109301401P,A0070,,2026,A_LV_61,25
10090109301401P,A0070,,2026,A_LV_64,25
10090109301401P,A0070,,2026,TGAT,20
10090109301401P,A0070,,2026,TPAT3,30
10090109301401P,A0071,,2026,A_LV_61,25
10090109301401P,A0071,,2026,A_LV_64,25
10090109301401P,A0071,,2026,TGAT,20
10090109301401P,A0071,,2026,TPAT3,30
10090110800101A,A0001,A,2026,A_LV_82,20
10090110800101A,A0001,A,2026,TGAT,30
10090110800101A,A0001,A,2026,TPAT21,50
10090110800101A,A0001,C,2026,A_LV_82,20
10090110800101A,A0001,C,2026,TGAT,30
10090110800101A,A0001,C,2026,TPAT21,50
10090110800101A,A0001,D,2026,A_LV_82,10
10090110800101A,A0001,D,2026,TGAT,30
10090110800101A,A0001,D,2026,TPAT4,60
10090110800301A,A0001,,2026,A_LV_82,10
10090110800301A,A0001,,2026,TGAT,30
10090110800301A,A0001,,2026,TPAT21,60
10090110904001C,A0001,,2026,A_LV_70,30
10090110904001C,A0001,,2026,A_LV_82,30
10090110904001C,A0001,,2026,TGAT,40
10090130900101C,A0001,A,2026,A_LV_81,20
10090130900101C,A0001,A,2026,A_LV_82,30
10090130900101C,A0001,A,2026,TGAT,50
10090130900101C,A0001,B,2026,A_LV_81,20
10090130900101C,A0001,B,2026,A_LV_82,30
10090130900101C,A0001,B,2026,TGAT,50
10090130900101C,A0001,C,2026,A_LV_81,20
10090130900101C,A0001,C,2026,A_LV_82,30
10090130900101C,A0001,C,2026,TGAT,50
10090130900101C,A0001,D,2026,A_LV_81,20
10090130900101C,A0001,D,2026,A_LV_82,30
10090130900101C,A0001,D,2026,TGAT,50
10090130900101C,A0001,E,2026,A_LV_81,20
10090130900101C,A0001,E,2026,A_LV_82,30
10090130900101C,A0001,E,2026,TGAT,50
10090130900801C,A0001,A,2026,A_LV_81,20
10090130900801C,A0001,A,2026,A_LV_82,30
10090130900801C,A0001,A,2026,TGAT,50
10090130900801C,A0001,B,2026,A_LV_81,20
10090130900801C,A0001,B,2026,A_LV_82,30
10090130900801C,A0001,B,2026,TGAT,50
10090130900801C,A0001,C,2026,A_LV_81,20
10090130900801C,A0001,C,2026,A_LV_82,30
10090130900801C,A0001,C,2026,TGAT,50
10090130901601C,A0001,B,2026,A_LV_81,20
10090130901601C,A0001,B,2026,A_LV_82,30
10090130901601C,A0001,B,2026,TGAT,50
10090130901601C,A0001,C,2026,A_LV_81,20
10090130901601C,A0001,C,2026,A_LV_82,30
10090130901601C,A0001,C,2026,TGAT,50
10090130901601C,A0001,D,2026,A_LV_81,20
10090130901601C,A0001,D,2026,A_LV_82,30
10090130901601C,A0001,D,2026,TGAT,50
10090149611101A,A0060,,2026,A_LV_61,20
10090149611101A,A0060,,2026,A_LV_82,20
10090149611101A,A0060,,2026,TGAT,60
10090149611101A,A0061,,2026,A_LV_61,20
10090149611101A,A0061,,2026,A_LV_82,20
10090149611101A,A0061,,2026,TGAT,60
10090149611101B,A0062,,2026,A_LV_61,20
10090149611101B,A0062,,2026,A_LV_82,20
10090149611101B,A0062,,2026,TGAT,60
10090149611101B,A0063,,2026,A_LV_61,20
10090149611101B,A0063,,2026,A_LV_82,20
10090149611101B,A0063,,2026,TGAT,60
10090149611101E,A0001,,2026,A_LV_61,25
10090149611101E,A0001,,2026,A_LV_82,15
10090149611101E,A0001,,2026,TGAT,60
10090166620101A,A0001,,2026,A_LV_70,20
10090166620101A,A0001,,2026,A_LV_81,20
10090166620101A,A0001,,2026,A_LV_82,30
10090166620101A,A0001,,2026,TGAT,30
10090166620101B,A0001,,2026,A_LV_70,20
10090166620101B,A0001,,2026,A_LV_81,20
10090166620101B,A0001,,2026,A_LV_82,30
10090166620101B,A0001,,2026,TGAT,30
10090168610501A,A0001,,2026,A_LV_61,30
10090168610501A,A0001,,2026,A_LV_70,10
10090168610501A,A0001,,2026,A_LV_81,10
10090168610501A,A0001,,2026,A_LV_82,20
10090168610501A,A0001,,2026,TGAT,30
10090168610501B,A0001,,2026,A_LV_61,30
10090168610501B,A0001,,2026,A_LV_70,10
10090168610501B,A0001,,2026,A_LV_81,10
10090168610501B,A0001,,2026,A_LV_82,20
10090168610501B,A0001,,2026,TGAT,30
10090168610801A,A0001,A,2026,A_LV_62,20
10090168610801A,A0001,A,2026,A_LV_63,20
10090168610801A,A0001,A,2026,A_LV_82,20
10090168610801A,A0001,A,2026,TGAT,30
10090168610801A,A0001,C,2026,A_LV_81,10
10090168610801A,A0001,C,2026,A_LV_82,20
10090168610801A,A0001,C,2026,TGAT,50
10090168610801A,A0001,E,2026,A_LV_62,20
10090168610801A,A0001,E,2026,A_LV_70,10
10090168610801A,A0001,E,2026,A_LV_81,10
10090168610801A,A0001,E,2026,A_LV_82,30
10090168610801A,A0001,E,2026,TGAT,20
10090168610801B,A0001,B,2026,A_LV_62,20
10090168610801B,A0001,B,2026,A_LV_63,20
10090168610801B,A0001,B,2026,A_LV_82,20
10090168610801B,A0001,B,2026,TGAT,30
10090168610801B,A0001,D,2026,A_LV_81,10
10090168610801B,A0001,D,2026,A_LV_82,20
10090168610801B,A0001,D,2026,TGAT,50
10090168610801B,A0001,F,2026,A_LV_62,20
10090168610801B,A0001,F,2026,A_LV_70,10
10090168610801B,A0001,F,2026,A_LV_81,10
10090168610801B,A0001,F,2026,A_LV_82,30
10090168610801B,A0001,F,2026,TGAT,20
10090168610802A,A0001,,2026,A_LV_62,30
10090168610802A,A0001,,2026,A_LV_82,20
10090168610802A,A0001,,2026,TGAT,50
10090168610802B,A0001,,2026,A_LV_62,30
10090168610802B,A0001,,2026,A_LV_82,20
10090168610802B,A0001,,2026,TGAT,50
10090168610802E,A0001,,2026,A_LV_82,100
10090168620102A,A0001,,2026,A_LV_62,10
10090168620102A,A0001,,2026,A_LV_70,10
10090168620102A,A0001,,2026,A_LV_81,10
10090168620102A,A0001,,2026,A_LV_82,30
10090168620102A,A0001,,2026,TGAT,30
10090168620102B,A0001,,2026,A_LV_62,10
10090168620102B,A0001,,2026,A_LV_70,10
10090168620102B,A0001,,2026,A_LV_81,10
10090168620102B,A0001,,2026,A_LV_82,30
10090168620102B,A0001,,2026,TGAT,30
10090169213401C,A0001,,2026,A_LV_61,20
10090169213401C,A0001,,2026,A_LV_82,40
10090169213401C,A0001,,2026,TGAT,20
10090169213401C,A0001,,2026,TPAT4,20
10090169610201C,A0001,,2026,A_LV_62,10
10090169610201C,A0001,,2026,A_LV_70,20
10090169610201C,A0001,,2026,A_LV_81,20
10090169610201C,A0001,,2026,A_LV_82,20
10090169610201C,A0001,,2026,A_LV_87,10
10090169610201C,A0001,,2026,TGAT,20
10090169800103C,A0001,,2026,A_LV_82,30
10090169800103C,A0001,,2026,TGAT,30
10090169800103C,A0001,,2026,TPAT4,40
10090170620101E,A0001,,2026,A_LV_82,100
10090170902504E,A0001,,2026,A_LV_82,100
10090170902504G,A0001,,2026,A_LV_82,100
10090204112001A,A0042,,2026,A_LV_62,10
10090204112001A,A0042,,2026,A_LV_63,40
10090204112001A,A0042,,2026,A_LV_82,10
10090204112001A,A0042,,2026,TGAT,40
10090204112001A,A0043,,2026,A_LV_62,10
10090204112001A,A0043,,2026,A_LV_63,40
10090204112001A,A0043,,2026,A_LV_82,10
10090204112001A,A0043,,2026,TGAT,40
10090204112701A,A0044,A,2026,A_LV_64,20
10090204112701A,A0044,A,2026,A_LV_65,30
10090204112701A,A0044,A,2026,A_LV_66,30
10090204112701A,A0044,A,2026,TGAT,20
10090204112701A,A0045,A,2026,A_LV_64,20
10090204112701A,A0045,A,2026,A_LV_65,30
10090204112701A,A0045,A,2026,A_LV_66,30
10090204112701A,A0045,A,2026,TGAT,20
10090204112701A,A0046,B,2026,A_LV_64,20
10090204112701A,A0046,B,2026,A_LV_65,30
10090204112701A,A0046,B,2026,A_LV_66,30
10090204112701A,A0046,B,2026,TGAT,20
10090204112701A,A0047,B,2026,A_LV_64,20
10090204112701A,A0047,B,2026,A_LV_65,30
10090204112701A,A0047,B,2026,A_LV_66,30
10090204112701A,A0047,B,2026,TGAT,20
10090204112701A,A0048,C,2026,A_LV_64,20
10090204112701A,A0048,C,2026,A_LV_65,30
10090204112701A,A0048,C,2026,A_LV_66,30
10090204112701A,A0048,C,2026,TGAT,20
10090204112701A,A0049,C,2026,A_LV_64,20
10090204112701A,A0049,C,2026,A_LV_65,30
10090204112701A,A0049,C,2026,A_LV_66,30
10090204112701A,A0049,C,2026,TGAT,20
10090204702801A,A0001,,2026,A_LV_70,25
10090204702801A,A0001,,2026,A_LV_81,25
10090204702801A,A0001,,2026,A_LV_82,20
10090204702801A,A0001,,2026,TGAT,30
10090204702803A,A0001,,2026,A_LV_70,15
10090204702803A,A0001,,2026,A_LV_81,15
10090204702803A,A0001,,2026,A_LV_82,10
10090204702803A,A0001,,2026,TGAT,30
10090204702803A,A0001,,2026,TPAT5,30
10090206111701A,A0001,,2026,A_LV_61,20
10090206111701A,A0001,,2026,A_LV_63,30
10090206111701A,A0001,,2026,A_LV_82,20
10090206111701A,A0001,,2026,TGAT,30
10090209300501A,A0001,,2026,A_LV_61,25
10090209300501A,A0001,,2026,A_LV_64,25
10090209300501A,A0001,,2026,TGAT,20
10090209300501A,A0001,,2026,TPAT3,30
10090209300601A,A0050,,2026,TGAT,30
10090209300601A,A0050,,2026,TPAT3,70
10090209300601A,A0051,,2026,TGAT,30
10090209300601A,A0051,,2026,TPAT3,70
10090209300701A,A0001,,2026,A_LV_61,20
10090209300701A,A0001,,2026,A_LV_64,30
10090209300701A,A0001,,2026,TGAT,20
10090209300701A,A0001,,2026,TPAT3,30
10090209300901A,A0054,,2026,A_LV_61,25
10090209300901A,A0054,,2026,A_LV_64,25
10090209300901A,A0054,,2026,TGAT,20
10090209300901A,A0054,,2026,TPAT3,30
10090209300901A,A0055,,2026,A_LV_61,25
10090209300901A,A0055,,2026,A_LV_64,25
10090209300901A,A0055,,2026,TGAT,20
10090209300901A,A0055,,2026,TPAT3,30
10090209301601A,A0001,A,2026,A_LV_61,25
10090209301601A,A0001,A,2026,A_LV_64,25
10090209301601A,A0001,A,2026,TGAT,20
10090209301601A,A0001,A,2026,TPAT3,30
10090209301601A,A0001,B,2026,A_LV_61,25
10090209301601A,A0001,B,2026,A_LV_64,25
10090209301601A,A0001,B,2026,TGAT,20
10090209301601A,A0001,B,2026,TPAT3,30
10090209302101A,A0001,,2026,A_LV_61,20
10090209302101A,A0001,,2026,A_LV_64,30
10090209302101A,A0001,,2026,TGAT,20
10090209302101A,A0001,,2026,TPAT3,30
10090209302401C,A0056,,2026,A_LV_61,15
10090209302401C,A0056,,2026,A_LV_64,15
10090209302401C,A0056,,2026,A_LV_82,10
10090209302401C,A0056,,2026,TGAT,30
10090209302401C,A0056,,2026,TPAT3,30
10090209302401C,A0057,,2026,A_LV_61,15
10090209302401C,A0057,,2026,A_LV_64,15
10090209302401C,A0057,,2026,A_LV_82,10
10090209302401C,A0057,,2026,TGAT,30
10090209302401C,A0057,,2026,TPAT3,30
10090209302801A,A0001,,2026,A_LV_61,10
10090209302801A,A0001,,2026,A_LV_64,20
10090209302801A,A0001,,2026,A_LV_65,20
10090209302801A,A0001,,2026,TGAT,20
10090209302801A,A0001,,2026,TPAT3,30
10090209303501A,A0052,,2026,A_LV_61,25
10090209303501A,A0052,,2026,A_LV_64,25
10090209303501A,A0052,,2026,TGAT,20
10090209303501A,A0052,,2026,TPAT3,30
10090209303501A,A0053,,2026,A_LV_61,25
10090209303501A,A0053,,2026,A_LV_64,25
10090209303501A,A0053,,2026,TGAT,20
10090209303501A,A0053,,2026,TPAT3,30
10090212130101A,A0001,A,2026,A_LV_61,20
10090212130101A,A0001,A,2026,A_LV_64,13
10090212130101A,A0001,A,2026,A_LV_65,14
10090212130101A,A0001,A,2026,A_LV_66,13
10090212130101A,A0001,A,2026,A_LV_82,20
10090212130101A,A0001,A,2026,TGAT,20
10090212130101A,A0001,B,2026,A_LV_61,20
10090212130101A,A0001,B,2026,A_LV_64,13
10090212130101A,A0001,B,2026,A_LV_65,14
10090212130101A,A0001,B,2026,A_LV_66,13
10090212130101A,A0001,B,2026,A_LV_82,20
10090212130101A,A0001,B,2026,TGAT,20
10090247500401A,A0001,A,2026,TGAT,100
10090247904201A,A0001,A,2026,A_LV_70,40
10090247904201A,A0001,A,2026,A_LV_81,40
10090247904201A,A0001,A,2026,A_LV_82,20
10090247904201A,A0001,B,2026,A_LV_70,40
10090247904201A,A0001,B,2026,A_LV_81,40
10090247904201A,A0001,B,2026,A_LV_82,20
10090266211901A,A0001,,2026,TGAT,100
10090266213101A,A0001,,2026,TGAT,100
10090267110101A,A0001,,2026,A_LV_64,25
10090267110101A,A0001,,2026,A_LV_66,25
10090267110101A,A0001,,2026,TGAT,40
10090267110901A,A0001,,2026,A_LV_61,20
10090267110901A,A0001,,2026,A_LV_66,20
10090267110901A,A0001,,2026,A_LV_81,20
10090267110901A,A0001,,2026,TGAT,30
10090267112501A,A0001,,2026,A_LV_65,10
10090267112501A,A0001,,2026,A_LV_66,20
10090267112501A,A0001,,2026,A_LV_81,20
10090267112501A,A0001,,2026,TGAT,40
10090271211001A,A0064,,2026,TGAT,40
10090271211001A,A0064,,2026,TPAT3,60
10090271211001A,A0065,,2026,TGAT,40
10090271211001A,A0065,,2026,TPAT3,60
10090271211001A,A0066,,2026,A_LV_65,30
10090271211001A,A0066,,2026,A_LV_66,30
10090271211001A,A0066,,2026,TGAT,40
10090271211001A,A0067,,2026,A_LV_65,30
10090271211001A,A0067,,2026,A_LV_66,30
10090271211001A,A0067,,2026,TGAT,40
10090271211201A,A0001,,2026,TGAT,100
10090271212401A,A0001,,2026,A_LV_70,30
10090271212401A,A0001,,2026,A_LV_82,30
10090271212401A,A0001,,2026,TGAT,20
10090271213601A,A0068,,2026,TGAT,100
10090271213601A,A0069,,2026,TGAT,100
